time,demand_mw
2025-01-01 00:00:00,27.41821614177686
2025-01-01 01:00:00,27.67541706475674
2025-01-01 02:00:00,28.17745168369104
2025-01-01 03:00:00,28.720804459260915
2025-01-01 04:00:00,27.343982671765897
2025-01-01 05:00:00,26.975822652157618
2025-01-01 06:00:00,31.262923284456704
2025-01-01 07:00:00,30.759616908103126
2025-01-01 08:00:00,31.296179519517796
2025-01-01 09:00:00,31.91739893668812
2025-01-01 10:00:00,31.391988154564118
2025-01-01 11:00:00,30.850120261947485
2025-01-01 12:00:00,32.49668230098751
2025-01-01 13:00:00,31.810998769957518
2025-01-01 14:00:00,31.99972108093081
2025-01-01 15:00:00,31.5244842158721
2025-01-01 16:00:00,31.424531837555193
2025-01-01 17:00:00,32.433970695864915
2025-01-01 18:00:00,31.687007730286325
2025-01-01 19:00:00,31.072399274057734
2025-01-01 20:00:00,30.131666676028985
2025-01-01 21:00:00,30.661468106276267
2025-01-01 22:00:00,30.32305528103266
2025-01-01 23:00:00,31.54456642495227
2025-01-02 00:00:00,27.391268238863077
2025-01-02 01:00:00,27.91197103492839
2025-01-02 02:00:00,27.660819051540713
2025-01-02 03:00:00,28.116965116075054
2025-01-02 04:00:00,27.045070137463025
2025-01-02 05:00:00,27.572007607650534
2025-01-02 06:00:00,30.51192314551824
2025-01-02 07:00:00,30.34408056395058
2025-01-02 08:00:00,33.10014131181956
2025-01-02 09:00:00,31.478252019899113
2025-01-02 10:00:00,32.1683837395397
2025-01-02 11:00:00,31.78593854212822
2025-01-02 12:00:00,30.783865720888315
2025-01-02 13:00:00,31.517757945300982
2025-01-02 14:00:00,31.796444890532612
2025-01-02 15:00:00,31.793479383334592
2025-01-02 16:00:00,31.828738345078612
2025-01-02 17:00:00,30.660567688894535
2025-01-02 18:00:00,32.09419006641149
2025-01-02 19:00:00,30.62741309132247
2025-01-02 20:00:00,31.109680694127633
2025-01-02 21:00:00,30.74831379996008
2025-01-02 22:00:00,31.91386635316104
2025-01-02 23:00:00,31.475866498912435
2025-01-03 00:00:00,27.299213271465323
2025-01-03 01:00:00,27.409162721381122
2025-01-03 02:00:00,27.506164221105497
2025-01-03 03:00:00,28.105217345967766
2025-01-03 04:00:00,28.217491912041652
2025-01-03 05:00:00,27.834882302792646
2025-01-03 06:00:00,30.754647680078314
2025-01-03 07:00:00,30.487639251641856
2025-01-03 08:00:00,31.907612663611587
2025-01-03 09:00:00,31.800406200074214
2025-01-03 10:00:00,33.32354814476332
2025-01-03 11:00:00,32.20221727881036
2025-01-03 12:00:00,32.30722995390073
2025-01-03 13:00:00,32.080759107951785
2025-01-03 14:00:00,30.99399151859558
2025-01-03 15:00:00,31.82871151012099
2025-01-03 16:00:00,31.74059594241148
2025-01-03 17:00:00,32.34649008303955
2025-01-03 18:00:00,31.73841526586753
2025-01-03 19:00:00,29.686875207981856
2025-01-03 20:00:00,31.536893292722134
2025-01-03 21:00:00,30.868269408435744
2025-01-03 22:00:00,31.238278513649636
2025-01-03 23:00:00,30.899377011541635
2025-01-04 00:00:00,25.145297756221932
2025-01-04 01:00:00,25.523844004831208
2025-01-04 02:00:00,25.270212295229804
2025-01-04 03:00:00,25.445629022816714
2025-01-04 04:00:00,24.606095134551616
2025-01-04 05:00:00,24.889042572086826
2025-01-04 06:00:00,27.95526150477381
2025-01-04 07:00:00,28.3880500277661
2025-01-04 08:00:00,29.53463563594868
2025-01-04 09:00:00,28.139204618396732
2025-01-04 10:00:00,28.774885322725297
2025-01-04 11:00:00,28.2609792778531
2025-01-04 12:00:00,27.84282489979588
2025-01-04 13:00:00,29.126476970738114
2025-01-04 14:00:00,30.01730379989641
2025-01-04 15:00:00,28.19500260719811
2025-01-04 16:00:00,28.15723229989588
2025-01-04 17:00:00,28.886374250806814
2025-01-04 18:00:00,29.159009245203844
2025-01-04 19:00:00,26.650187341851566
2025-01-04 20:00:00,27.51392479204875
2025-01-04 21:00:00,27.19002645396258
2025-01-04 22:00:00,26.859667231945444
2025-01-04 23:00:00,27.874305707990583
2025-01-05 00:00:00,24.709756127746992
2025-01-05 01:00:00,24.979321461147162
2025-01-05 02:00:00,26.006126207967245
2025-01-05 03:00:00,24.66018893282917
2025-01-05 04:00:00,25.345920223385455
2025-01-05 05:00:00,26.075518066810357
2025-01-05 06:00:00,28.072684109553325
2025-01-05 07:00:00,27.49802863714133
2025-01-05 08:00:00,29.083082857462156
2025-01-05 09:00:00,29.198455341223134
2025-01-05 10:00:00,28.909091719849446
2025-01-05 11:00:00,28.399746283452636
2025-01-05 12:00:00,28.899152301250208
2025-01-05 13:00:00,30.09171660145661
2025-01-05 14:00:00,29.746259086945624
2025-01-05 15:00:00,27.843134186779448
2025-01-05 16:00:00,29.158019297731137
2025-01-05 17:00:00,27.835938312801876
2025-01-05 18:00:00,28.836020343921252
2025-01-05 19:00:00,28.25503821371128
2025-01-05 20:00:00,27.095423153644134
2025-01-05 21:00:00,27.559831583817985
2025-01-05 22:00:00,28.226801310168668
2025-01-05 23:00:00,28.404696416278675
2025-01-06 00:00:00,29.13170607848021
2025-01-06 01:00:00,28.611660688399894
2025-01-06 02:00:00,28.061405274227486
2025-01-06 03:00:00,27.016041035821196
2025-01-06 04:00:00,28.90426751265259
2025-01-06 05:00:00,27.423897257021
2025-01-06 06:00:00,30.44733923985479
2025-01-06 07:00:00,30.292143537508604
2025-01-06 08:00:00,31.36974254792692
2025-01-06 09:00:00,31.77669503258429
2025-01-06 10:00:00,32.575411063075165
2025-01-06 11:00:00,32.52080809568397
2025-01-06 12:00:00,32.26840843465879
2025-01-06 13:00:00,30.979496902886737
2025-01-06 14:00:00,32.08768635900459
2025-01-06 15:00:00,32.87409180873792
2025-01-06 16:00:00,32.23514871711817
2025-01-06 17:00:00,32.26245856095819
2025-01-06 18:00:00,31.053660551109104
2025-01-06 19:00:00,30.63906461078449
2025-01-06 20:00:00,30.84692348160415
2025-01-06 21:00:00,29.66967971432154
2025-01-06 22:00:00,30.273767505680695
2025-01-06 23:00:00,30.95178818627643
2025-01-07 00:00:00,28.704016716416998
2025-01-07 01:00:00,27.964463796983168
2025-01-07 02:00:00,28.132488894111646
2025-01-07 03:00:00,27.384617850429
2025-01-07 04:00:00,27.47868740743267
2025-01-07 05:00:00,28.25239303741062
2025-01-07 06:00:00,29.294326219317245
2025-01-07 07:00:00,31.5533716734912
2025-01-07 08:00:00,33.57733685040412
2025-01-07 09:00:00,32.65496588981477
2025-01-07 10:00:00,30.669687210354237
2025-01-07 11:00:00,32.324744335586885
2025-01-07 12:00:00,32.02255150311643
2025-01-07 13:00:00,32.31288490251819
2025-01-07 14:00:00,31.36762566694047
2025-01-07 15:00:00,32.379142376512824
2025-01-07 16:00:00,32.42027078708133
2025-01-07 17:00:00,31.32277455129824
2025-01-07 18:00:00,31.42048693559141
2025-01-07 19:00:00,31.012122393891488
2025-01-07 20:00:00,31.120598632627814
2025-01-07 21:00:00,30.437930984123494
2025-01-07 22:00:00,31.15867829953448
2025-01-07 23:00:00,30.09815362674801
2025-01-08 00:00:00,28.819498720069454
2025-01-08 01:00:00,28.062774704562912
2025-01-08 02:00:00,27.595222968160826
2025-01-08 03:00:00,27.814482842813955
2025-01-08 04:00:00,27.839098126082543
2025-01-08 05:00:00,28.80830235255518
2025-01-08 06:00:00,29.424653776700946
2025-01-08 07:00:00,31.34147285405087
2025-01-08 08:00:00,31.48515028277226
2025-01-08 09:00:00,31.972164046522114
2025-01-08 10:00:00,32.819027846758694
2025-01-08 11:00:00,31.521789121297846
2025-01-08 12:00:00,32.510268918491214
2025-01-08 13:00:00,31.411580865448734
2025-01-08 14:00:00,32.75892080953383
2025-01-08 15:00:00,32.618380197534385
2025-01-08 16:00:00,31.461303943402488
2025-01-08 17:00:00,30.83828447074549
2025-01-08 18:00:00,31.976104442211852
2025-01-08 19:00:00,29.896603677766635
2025-01-08 20:00:00,29.234775756669485
2025-01-08 21:00:00,30.686752322015586
2025-01-08 22:00:00,30.478250273204228
2025-01-08 23:00:00,30.294740590870518
2025-01-09 00:00:00,28.785536581050657
2025-01-09 01:00:00,27.911643651777446
2025-01-09 02:00:00,28.423080776536686
2025-01-09 03:00:00,28.138254839992406
2025-01-09 04:00:00,28.21419785556179
2025-01-09 05:00:00,27.88078742593822
2025-01-09 06:00:00,29.794322479936888
2025-01-09 07:00:00,29.811860038384335
2025-01-09 08:00:00,31.55891119270044
2025-01-09 09:00:00,32.35931800671901
2025-01-09 10:00:00,32.3754319459894
2025-01-09 11:00:00,32.070525176406775
2025-01-09 12:00:00,31.984834038999477
2025-01-09 13:00:00,31.443702801047436
2025-01-09 14:00:00,31.824740814116616
2025-01-09 15:00:00,31.092928191188435
2025-01-09 16:00:00,32.525838811688494
2025-01-09 17:00:00,32.70830477301577
2025-01-09 18:00:00,32.24872640406345
2025-01-09 19:00:00,30.72268090460963
2025-01-09 20:00:00,31.30248356080887
2025-01-09 21:00:00,30.34980263165358
2025-01-09 22:00:00,30.836387630469055
2025-01-09 23:00:00,30.758117677388594
2025-01-10 00:00:00,28.565687225809217
2025-01-10 01:00:00,28.67281248140506
2025-01-10 02:00:00,27.81918751242252
2025-01-10 03:00:00,29.09142117884052
2025-01-10 04:00:00,28.500144079020934
2025-01-10 05:00:00,28.58900222723902
2025-01-10 06:00:00,30.646933944053163
2025-01-10 07:00:00,30.351832328445273
2025-01-10 08:00:00,32.53877675309745
2025-01-10 09:00:00,31.483719944296922
2025-01-10 10:00:00,31.887743452847655
2025-01-10 11:00:00,32.11380141411571
2025-01-10 12:00:00,29.735299307248255
2025-01-10 13:00:00,30.733506070087987
2025-01-10 14:00:00,32.65504180952684
2025-01-10 15:00:00,32.019906694971134
2025-01-10 16:00:00,32.8196564482566
2025-01-10 17:00:00,31.48652844466221
2025-01-10 18:00:00,31.26497030563678
2025-01-10 19:00:00,30.387624345082926
2025-01-10 20:00:00,31.06838434279462
2025-01-10 21:00:00,31.134005559008322
2025-01-10 22:00:00,30.818093880571883
2025-01-10 23:00:00,29.5702654763217
2025-01-11 00:00:00,25.904675880498452
2025-01-11 01:00:00,24.86875944546029
2025-01-11 02:00:00,25.147537962468704
2025-01-11 03:00:00,24.767847932284432
2025-01-11 04:00:00,25.486410583494344
2025-01-11 05:00:00,25.43810693112899
2025-01-11 06:00:00,27.65436719439442
2025-01-11 07:00:00,27.833139189067957
2025-01-11 08:00:00,29.418771240987162
2025-01-11 09:00:00,29.082359771765777
2025-01-11 10:00:00,29.87117317860448
2025-01-11 11:00:00,27.932517524725416
2025-01-11 12:00:00,29.344225510709933
2025-01-11 13:00:00,29.935986940910087
2025-01-11 14:00:00,28.891126942818932
2025-01-11 15:00:00,29.150478437378275
2025-01-11 16:00:00,29.01773275884555
2025-01-11 17:00:00,28.83381849542848
2025-01-11 18:00:00,28.22618736787396
2025-01-11 19:00:00,27.564483851705955
2025-01-11 20:00:00,27.144076138102907
2025-01-11 21:00:00,27.80735522318806
2025-01-11 22:00:00,27.006435418929517
2025-01-11 23:00:00,27.622134165803804
2025-01-12 00:00:00,25.193381668926694
2025-01-12 01:00:00,25.65786733724458
2025-01-12 02:00:00,25.654289147374932
2025-01-12 03:00:00,25.480426797871473
2025-01-12 04:00:00,25.79115895255501
2025-01-12 05:00:00,26.55910684596645
2025-01-12 06:00:00,26.821675996309423
2025-01-12 07:00:00,27.70837829052671
2025-01-12 08:00:00,29.040810380580012
2025-01-12 09:00:00,28.169601785504575
2025-01-12 10:00:00,29.065349400719395
2025-01-12 11:00:00,28.284420582838525
2025-01-12 12:00:00,28.59110305817239
2025-01-12 13:00:00,29.396759778881346
2025-01-12 14:00:00,28.924887379486538
2025-01-12 15:00:00,28.27371561712867
2025-01-12 16:00:00,29.092296509196547
2025-01-12 17:00:00,28.92479533376721
2025-01-12 18:00:00,28.724426594456038
2025-01-12 19:00:00,27.680943305410494
2025-01-12 20:00:00,26.712170188526077
2025-01-12 21:00:00,27.419116958438906
2025-01-12 22:00:00,27.71626474623362
2025-01-12 23:00:00,27.534450223095053
2025-01-13 00:00:00,27.295049590971885
2025-01-13 01:00:00,28.471737768121315
2025-01-13 02:00:00,27.46859590973524
2025-01-13 03:00:00,26.95721244428004
2025-01-13 04:00:00,26.659076160700554
2025-01-13 05:00:00,28.67072872358194
2025-01-13 06:00:00,30.62595715571051
2025-01-13 07:00:00,30.116431441666624
2025-01-13 08:00:00,31.71143410973489
2025-01-13 09:00:00,31.837294741842012
2025-01-13 10:00:00,32.77056012043745
2025-01-13 11:00:00,31.738369593595525
2025-01-13 12:00:00,32.12450934331953
2025-01-13 13:00:00,31.6717751283167
2025-01-13 14:00:00,31.98823070044469
2025-01-13 15:00:00,32.020024434717406
2025-01-13 16:00:00,31.973860675841998
2025-01-13 17:00:00,31.454549037197214
2025-01-13 18:00:00,33.043511242011135
2025-01-13 19:00:00,30.479146160171016
2025-01-13 20:00:00,31.269036852745792
2025-01-13 21:00:00,31.57606387357937
2025-01-13 22:00:00,29.979656151024475
2025-01-13 23:00:00,30.881032987436996
2025-01-14 00:00:00,27.58369718460698
2025-01-14 01:00:00,27.988589061924877
2025-01-14 02:00:00,27.38905711231762
2025-01-14 03:00:00,28.172311126326665
2025-01-14 04:00:00,28.473466956668194
2025-01-14 05:00:00,28.14166564157091
2025-01-14 06:00:00,30.867055393107453
2025-01-14 07:00:00,30.439419569490767
2025-01-14 08:00:00,31.45152760510269
2025-01-14 09:00:00,32.80313376642621
2025-01-14 10:00:00,31.71489150451693
2025-01-14 11:00:00,31.76374915766212
2025-01-14 12:00:00,31.162958961232547
2025-01-14 13:00:00,32.47279420743293
2025-01-14 14:00:00,32.708781933571075
2025-01-14 15:00:00,32.31725459990433
2025-01-14 16:00:00,33.456509908523294
2025-01-14 17:00:00,31.865072398613364
2025-01-14 18:00:00,30.50687441723346
2025-01-14 19:00:00,31.187397421491507
2025-01-14 20:00:00,30.8886681975715
2025-01-14 21:00:00,30.430532203974675
2025-01-14 22:00:00,30.82549524057835
2025-01-14 23:00:00,30.683498072575382
2025-01-15 00:00:00,27.84764159893265
2025-01-15 01:00:00,27.927069350756387
2025-01-15 02:00:00,28.705177416769345
2025-01-15 03:00:00,27.69514678171584
2025-01-15 04:00:00,27.823386723823468
2025-01-15 05:00:00,27.356389788191954
2025-01-15 06:00:00,31.454852168973147
2025-01-15 07:00:00,30.15480519849981
2025-01-15 08:00:00,31.96832506855363
2025-01-15 09:00:00,31.583765986330373
2025-01-15 10:00:00,31.345934779741743
2025-01-15 11:00:00,31.47417976585526
2025-01-15 12:00:00,32.18120525939323
2025-01-15 13:00:00,31.746980291487677
2025-01-15 14:00:00,32.742140436244256
2025-01-15 15:00:00,31.327065761370452
2025-01-15 16:00:00,32.64788458897857
2025-01-15 17:00:00,32.23991173854742
2025-01-15 18:00:00,30.842571630676566
2025-01-15 19:00:00,30.832331993127326
2025-01-15 20:00:00,30.613707519846667
2025-01-15 21:00:00,30.898988682778626
2025-01-15 22:00:00,30.690282944684405
2025-01-15 23:00:00,30.877740271082228
2025-01-16 00:00:00,28.035373582447935
2025-01-16 01:00:00,27.945547814237493
2025-01-16 02:00:00,27.72090709771954
2025-01-16 03:00:00,27.4946384009587
2025-01-16 04:00:00,28.697725689779354
2025-01-16 05:00:00,28.830807905744642
2025-01-16 06:00:00,30.235873609686735
2025-01-16 07:00:00,30.904501346518707
2025-01-16 08:00:00,32.12156848646581
2025-01-16 09:00:00,31.409568883577176
2025-01-16 10:00:00,32.2911570640642
2025-01-16 11:00:00,32.33739072176831
2025-01-16 12:00:00,32.21847311482182
2025-01-16 13:00:00,32.18054166677901
2025-01-16 14:00:00,32.418949663783856
2025-01-16 15:00:00,31.859175597115733
2025-01-16 16:00:00,31.94552824575787
2025-01-16 17:00:00,31.832085412152452
2025-01-16 18:00:00,31.96666496009531
2025-01-16 19:00:00,30.198031929063628
2025-01-16 20:00:00,29.75829508282504
2025-01-16 21:00:00,30.861027577542863
2025-01-16 22:00:00,30.292587197521406
2025-01-16 23:00:00,31.028128625734407
2025-01-17 00:00:00,28.81021377789284
2025-01-17 01:00:00,26.866187189985745
2025-01-17 02:00:00,28.618826547086755
2025-01-17 03:00:00,28.160076378907945
2025-01-17 04:00:00,27.78654633859719
2025-01-17 05:00:00,27.924834062335353
2025-01-17 06:00:00,31.08865252519795
2025-01-17 07:00:00,30.741904488906957
2025-01-17 08:00:00,31.827553513648407
2025-01-17 09:00:00,32.44829739561058
2025-01-17 10:00:00,31.808737273648173
2025-01-17 11:00:00,31.79085737160715
2025-01-17 12:00:00,31.25309225556373
2025-01-17 13:00:00,31.538381724488136
2025-01-17 14:00:00,32.377568313283945
2025-01-17 15:00:00,31.613114999980443
2025-01-17 16:00:00,33.276433249334815
2025-01-17 17:00:00,32.52858483837273
2025-01-17 18:00:00,31.43401028675118
2025-01-17 19:00:00,30.20916226763676
2025-01-17 20:00:00,29.674797553346554
2025-01-17 21:00:00,30.647425278184762
2025-01-17 22:00:00,30.617248365640148
2025-01-17 23:00:00,29.646504710644443
2025-01-18 00:00:00,24.83671246989072
2025-01-18 01:00:00,25.537299554726246
2025-01-18 02:00:00,25.23320138567098
2025-01-18 03:00:00,25.185111593374454
2025-01-18 04:00:00,24.533235743794613
2025-01-18 05:00:00,24.27535444254846
2025-01-18 06:00:00,28.159399571428
2025-01-18 07:00:00,27.448962750293386
2025-01-18 08:00:00,28.61563192011998
2025-01-18 09:00:00,27.826959870774804
2025-01-18 10:00:00,28.324362179705936
2025-01-18 11:00:00,27.741035223262994
2025-01-18 12:00:00,28.092438445186488
2025-01-18 13:00:00,30.03787148917751
2025-01-18 14:00:00,29.717375469315535
2025-01-18 15:00:00,28.31966977740341
2025-01-18 16:00:00,29.19023813622871
2025-01-18 17:00:00,28.742331431294556
2025-01-18 18:00:00,29.32061847208534
2025-01-18 19:00:00,27.631222033994415
2025-01-18 20:00:00,27.678490341677293
2025-01-18 21:00:00,28.153122536548175
2025-01-18 22:00:00,27.250157524261475
2025-01-18 23:00:00,26.593219218090386
2025-01-19 00:00:00,24.784187310651063
2025-01-19 01:00:00,25.53714440807618
2025-01-19 02:00:00,25.55280831076255
2025-01-19 03:00:00,24.96407025065128
2025-01-19 04:00:00,24.678602496447425
2025-01-19 05:00:00,25.149342385189822
2025-01-19 06:00:00,27.11671482661584
2025-01-19 07:00:00,26.831639504247303
2025-01-19 08:00:00,28.235263250370295
2025-01-19 09:00:00,28.807456901868537
2025-01-19 10:00:00,28.196904061862522
2025-01-19 11:00:00,28.396902847998202
2025-01-19 12:00:00,27.957362119275754
2025-01-19 13:00:00,27.824495892528905
2025-01-19 14:00:00,29.599019768094983
2025-01-19 15:00:00,28.339602989491937
2025-01-19 16:00:00,28.9958784457066
2025-01-19 17:00:00,28.261299413617177
2025-01-19 18:00:00,28.542420661564734
2025-01-19 19:00:00,26.81550090917801
2025-01-19 20:00:00,26.660786936455033
2025-01-19 21:00:00,28.168672469039883
2025-01-19 22:00:00,26.902605716288843
2025-01-19 23:00:00,26.919274123528467
2025-01-20 00:00:00,27.30572342992708
2025-01-20 01:00:00,27.34990860042122
2025-01-20 02:00:00,27.68571907175037
2025-01-20 03:00:00,27.280585225214836
2025-01-20 04:00:00,28.2280663074121
2025-01-20 05:00:00,27.95602016620118
2025-01-20 06:00:00,30.05575513157512
2025-01-20 07:00:00,29.522066833799183
2025-01-20 08:00:00,32.08364471442856
2025-01-20 09:00:00,31.537518974896994
2025-01-20 10:00:00,32.04351468589441
2025-01-20 11:00:00,31.120466028720553
2025-01-20 12:00:00,32.6474679614598
2025-01-20 13:00:00,31.37854852734387
2025-01-20 14:00:00,32.000471133204535
2025-01-20 15:00:00,31.855324430954163
2025-01-20 16:00:00,30.89882952400697
2025-01-20 17:00:00,31.789660676325614
2025-01-20 18:00:00,31.018491953789635
2025-01-20 19:00:00,29.59822212141118
2025-01-20 20:00:00,31.126599297434367
2025-01-20 21:00:00,30.63789813549597
2025-01-20 22:00:00,29.486805847307203
2025-01-20 23:00:00,31.634942152787467
2025-01-21 00:00:00,28.69353345409793
2025-01-21 01:00:00,27.457776216655382
2025-01-21 02:00:00,28.416771533089122
2025-01-21 03:00:00,27.71523336832628
2025-01-21 04:00:00,28.241967146005738
2025-01-21 05:00:00,28.08378914553059
2025-01-21 06:00:00,30.060324335452485
2025-01-21 07:00:00,30.427374429752533
2025-01-21 08:00:00,32.403851818829004
2025-01-21 09:00:00,31.38195956585383
2025-01-21 10:00:00,30.862350010371223
2025-01-21 11:00:00,32.358837485907614
2025-01-21 12:00:00,32.39440846080132
2025-01-21 13:00:00,31.89424280313776
2025-01-21 14:00:00,32.32169397075594
2025-01-21 15:00:00,32.14622236967917
2025-01-21 16:00:00,32.11242135694302
2025-01-21 17:00:00,32.01202111080415
2025-01-21 18:00:00,31.817242499518212
2025-01-21 19:00:00,29.597165710626573
2025-01-21 20:00:00,30.19545541073527
2025-01-21 21:00:00,31.31456511068721
2025-01-21 22:00:00,30.387632030227923
2025-01-21 23:00:00,29.97895821418475
2025-01-22 00:00:00,28.385437076943983
2025-01-22 01:00:00,28.70860870985072
2025-01-22 02:00:00,27.586556905864498
2025-01-22 03:00:00,29.06231905556555
2025-01-22 04:00:00,28.225138793588997
2025-01-22 05:00:00,28.570912690167358
2025-01-22 06:00:00,30.01132950827512
2025-01-22 07:00:00,30.222886866212093
2025-01-22 08:00:00,31.793542754018215
2025-01-22 09:00:00,31.578377875686567
2025-01-22 10:00:00,30.720037731146
2025-01-22 11:00:00,32.487902362842306
2025-01-22 12:00:00,32.43649761433326
2025-01-22 13:00:00,32.03310163889696
2025-01-22 14:00:00,32.09466277429892
2025-01-22 15:00:00,30.34756837761411
2025-01-22 16:00:00,32.67899134613749
2025-01-22 17:00:00,32.408243025493014
2025-01-22 18:00:00,31.098875681807517
2025-01-22 19:00:00,31.62872064231032
2025-01-22 20:00:00,30.040626700069915
2025-01-22 21:00:00,30.80110549527495
2025-01-22 22:00:00,29.925182805531392
2025-01-22 23:00:00,29.83447768356776
2025-01-23 00:00:00,29.13026584469786
2025-01-23 01:00:00,27.400790140337005
2025-01-23 02:00:00,27.89917633677163
2025-01-23 03:00:00,28.725521501138942
2025-01-23 04:00:00,28.743931252956617
2025-01-23 05:00:00,27.75652588852563
2025-01-23 06:00:00,30.46458894771258
2025-01-23 07:00:00,30.107626691579256
2025-01-23 08:00:00,32.17606908428738
2025-01-23 09:00:00,31.76121725312336
2025-01-23 10:00:00,31.601834352996338
2025-01-23 11:00:00,32.923695799332584
2025-01-23 12:00:00,31.41203982626761
2025-01-23 13:00:00,32.54097262304237
2025-01-23 14:00:00,31.48998395305385
2025-01-23 15:00:00,32.69791675566395
2025-01-23 16:00:00,31.32298770499794
2025-01-23 17:00:00,31.89295326692684
2025-01-23 18:00:00,32.52405691439754
2025-01-23 19:00:00,30.21618566716425
2025-01-23 20:00:00,30.095367134839442
2025-01-23 21:00:00,29.38668305760819
2025-01-23 22:00:00,31.130434700420338
2025-01-23 23:00:00,30.83803697410611
2025-01-24 00:00:00,27.615929573874045
2025-01-24 01:00:00,27.91531809046119
2025-01-24 02:00:00,27.413918413507318
2025-01-24 03:00:00,28.43339882209953
2025-01-24 04:00:00,28.37652504525598
2025-01-24 05:00:00,28.2440990248506
2025-01-24 06:00:00,30.11050850551384
2025-01-24 07:00:00,30.29058139188749
2025-01-24 08:00:00,32.488362924323
2025-01-24 09:00:00,31.70311468511292
2025-01-24 10:00:00,33.40210657122839
2025-01-24 11:00:00,32.45761876152252
2025-01-24 12:00:00,32.20822429610587
2025-01-24 13:00:00,31.819813624466867
2025-01-24 14:00:00,31.47357987236182
2025-01-24 15:00:00,31.119309962560646
2025-01-24 16:00:00,32.211294256744104
2025-01-24 17:00:00,32.2861317901492
2025-01-24 18:00:00,32.67908136391517
2025-01-24 19:00:00,29.91827413384898
2025-01-24 20:00:00,30.749489410235327
2025-01-24 21:00:00,29.77328014763537
2025-01-24 22:00:00,29.419633746108392
2025-01-24 23:00:00,29.52825578239613
2025-01-25 00:00:00,24.99714453446617
2025-01-25 01:00:00,25.25477221810609
2025-01-25 02:00:00,25.534670959058392
2025-01-25 03:00:00,24.86913784653671
2025-01-25 04:00:00,25.05982012284019
2025-01-25 05:00:00,25.825844988990536
2025-01-25 06:00:00,27.38442311780313
2025-01-25 07:00:00,27.65947373546215
2025-01-25 08:00:00,28.72876945073289
2025-01-25 09:00:00,28.250495228226125
2025-01-25 10:00:00,28.286343249652113
2025-01-25 11:00:00,27.933627769498752
2025-01-25 12:00:00,29.269058086745538
2025-01-25 13:00:00,29.084746632585137
2025-01-25 14:00:00,29.53567992214224
2025-01-25 15:00:00,29.647772130149775
2025-01-25 16:00:00,28.709576785429316
2025-01-25 17:00:00,28.776593789593885
2025-01-25 18:00:00,28.071362561187165
2025-01-25 19:00:00,28.253597839637933
2025-01-25 20:00:00,27.151889990262088
2025-01-25 21:00:00,26.799553952691795
2025-01-25 22:00:00,28.26839429855329
2025-01-25 23:00:00,27.416484409266875
2025-01-26 00:00:00,26.071055021841804
2025-01-26 01:00:00,25.415234198667147
2025-01-26 02:00:00,25.02160692184256
2025-01-26 03:00:00,25.336306906311634
2025-01-26 04:00:00,25.17766997526527
2025-01-26 05:00:00,24.41862453801617
2025-01-26 06:00:00,28.230672598636847
2025-01-26 07:00:00,27.258655925984307
2025-01-26 08:00:00,28.68496676243411
2025-01-26 09:00:00,29.60826141652217
2025-01-26 10:00:00,29.409258277547405
2025-01-26 11:00:00,28.5453154600059
2025-01-26 12:00:00,28.983898821974176
2025-01-26 13:00:00,28.504950886405595
2025-01-26 14:00:00,28.946174171040244
2025-01-26 15:00:00,29.494932302381823
2025-01-26 16:00:00,28.983086667966543
2025-01-26 17:00:00,28.6044956048666
2025-01-26 18:00:00,28.668419608651558
2025-01-26 19:00:00,27.12968466487812
2025-01-26 20:00:00,26.931435386474195
2025-01-26 21:00:00,27.128396761291423
2025-01-26 22:00:00,27.5575246782393
2025-01-26 23:00:00,27.346262155342664
2025-01-27 00:00:00,28.163796626890154
2025-01-27 01:00:00,26.975113238309234
2025-01-27 02:00:00,27.702228756241254
2025-01-27 03:00:00,28.56762460417844
2025-01-27 04:00:00,27.25439303353477
2025-01-27 05:00:00,27.229427245141164
2025-01-27 06:00:00,30.7093365798877
2025-01-27 07:00:00,30.479628181709852
2025-01-27 08:00:00,31.29803087340323
2025-01-27 09:00:00,31.753371614113657
2025-01-27 10:00:00,31.583162354147003
2025-01-27 11:00:00,32.486724240684886
2025-01-27 12:00:00,31.575566835491472
2025-01-27 13:00:00,32.46962872077587
2025-01-27 14:00:00,33.41734057784759
2025-01-27 15:00:00,31.774154556171155
2025-01-27 16:00:00,32.98556136276395
2025-01-27 17:00:00,31.015462660021026
2025-01-27 18:00:00,31.953558721583267
2025-01-27 19:00:00,29.912050107665777
2025-01-27 20:00:00,30.9676111995382
2025-01-27 21:00:00,31.265231981459312
2025-01-27 22:00:00,30.261153677374075
2025-01-27 23:00:00,30.58779223699533
2025-01-28 00:00:00,27.589581578240946
2025-01-28 01:00:00,27.575128151073372
2025-01-28 02:00:00,28.459976203864976
2025-01-28 03:00:00,27.88877630746088
2025-01-28 04:00:00,28.591046759698067
2025-01-28 05:00:00,28.72706477183738
2025-01-28 06:00:00,30.74185835407815
2025-01-28 07:00:00,29.718848419713947
2025-01-28 08:00:00,31.02051511196392
2025-01-28 09:00:00,31.40234675580956
2025-01-28 10:00:00,31.508305048991605
2025-01-28 11:00:00,32.61185081111688
2025-01-28 12:00:00,31.55136161200288
2025-01-28 13:00:00,31.998185628360755
2025-01-28 14:00:00,32.15087757603331
2025-01-28 15:00:00,31.241749589787734
2025-01-28 16:00:00,32.79389873691036
2025-01-28 17:00:00,31.195084643821186
2025-01-28 18:00:00,33.39520190370753
2025-01-28 19:00:00,29.661477489664797
2025-01-28 20:00:00,30.73697631630496
2025-01-28 21:00:00,30.159930223798735
2025-01-28 22:00:00,31.289158085741075
2025-01-28 23:00:00,31.236082827066557
2025-01-29 00:00:00,28.350005206766145
2025-01-29 01:00:00,27.716528323459478
2025-01-29 02:00:00,28.102006208473544
2025-01-29 03:00:00,27.397390750154297
2025-01-29 04:00:00,27.329140359672035
2025-01-29 05:00:00,27.529039998088397
2025-01-29 06:00:00,30.54970286138802
2025-01-29 07:00:00,30.794709900888808
2025-01-29 08:00:00,31.660196140293802
2025-01-29 09:00:00,32.03582506912338
2025-01-29 10:00:00,31.674369717400257
2025-01-29 11:00:00,32.42091687882641
2025-01-29 12:00:00,32.23444412688108
2025-01-29 13:00:00,30.98113333704685
2025-01-29 14:00:00,31.866759570343508
2025-01-29 15:00:00,31.709366695186763
2025-01-29 16:00:00,31.88515655381327
2025-01-29 17:00:00,32.20708471819581
2025-01-29 18:00:00,32.444155996878465
2025-01-29 19:00:00,30.401302066810786
2025-01-29 20:00:00,30.95277663154859
2025-01-29 21:00:00,30.93995177098589
2025-01-29 22:00:00,30.575746928682875
2025-01-29 23:00:00,29.641708692106985
2025-01-30 00:00:00,27.830696150581694
2025-01-30 01:00:00,27.562589940403544
2025-01-30 02:00:00,27.83985372864365
2025-01-30 03:00:00,29.491664366433447
2025-01-30 04:00:00,27.86972668678625
2025-01-30 05:00:00,27.919772358185103
2025-01-30 06:00:00,30.193717276961536
2025-01-30 07:00:00,29.955398525284146
2025-01-30 08:00:00,31.37284090188408
2025-01-30 09:00:00,32.06135742227941
2025-01-30 10:00:00,31.989714197942828
2025-01-30 11:00:00,31.286149285419743
2025-01-30 12:00:00,32.134408219933
2025-01-30 13:00:00,31.727759600723445
2025-01-30 14:00:00,32.38727737952869
2025-01-30 15:00:00,30.96975415688213
2025-01-30 16:00:00,32.16613999253948
2025-01-30 17:00:00,32.81124103487159
2025-01-30 18:00:00,31.715313700590297
2025-01-30 19:00:00,29.632655453754534
2025-01-30 20:00:00,31.504481357301035
2025-01-30 21:00:00,30.259793585681585
2025-01-30 22:00:00,30.574280804781758
2025-01-30 23:00:00,29.755916230625253
2025-01-31 00:00:00,27.783627902146286
2025-01-31 01:00:00,28.313260765595064
2025-01-31 02:00:00,28.011494796455
2025-01-31 03:00:00,27.504933996879213
2025-01-31 04:00:00,27.841524338730125
2025-01-31 05:00:00,26.888891825233657
2025-01-31 06:00:00,30.727969483423625
2025-01-31 07:00:00,30.59944806015906
2025-01-31 08:00:00,32.83238209338623
2025-01-31 09:00:00,32.279247674147314
2025-01-31 10:00:00,31.76640506744814
2025-01-31 11:00:00,31.07153631148822
2025-01-31 12:00:00,31.80084146115848
2025-01-31 13:00:00,32.73320090298756
2025-01-31 14:00:00,32.18635029740147
2025-01-31 15:00:00,32.15582535464387
2025-01-31 16:00:00,32.19527890916226
2025-01-31 17:00:00,31.528939414268788
2025-01-31 18:00:00,32.64399746991516
2025-01-31 19:00:00,31.397529927754864
2025-01-31 20:00:00,30.438398136815827
2025-01-31 21:00:00,30.26954433657937
2025-01-31 22:00:00,29.281879242457578
2025-01-31 23:00:00,30.7448660728196
2025-02-01 00:00:00,25.050868917081136
2025-02-01 01:00:00,25.44414986567898
2025-02-01 02:00:00,25.968336621570867
2025-02-01 03:00:00,25.910156965462754
2025-02-01 04:00:00,25.900365200095536
2025-02-01 05:00:00,25.637259176329
2025-02-01 06:00:00,27.88265499046311
2025-02-01 07:00:00,27.384447933176837
2025-02-01 08:00:00,28.322220836809976
2025-02-01 09:00:00,27.912186439460612
2025-02-01 10:00:00,29.097545461114784
2025-02-01 11:00:00,28.784321665663644
2025-02-01 12:00:00,28.887495562884226
2025-02-01 13:00:00,29.39059204857029
2025-02-01 14:00:00,29.15830032917078
2025-02-01 15:00:00,29.89138599170857
2025-02-01 16:00:00,28.819126336109548
2025-02-01 17:00:00,28.46378610949558
2025-02-01 18:00:00,29.68564373794481
2025-02-01 19:00:00,27.628972790334437
2025-02-01 20:00:00,27.456284129722448
2025-02-01 21:00:00,26.40619830359214
2025-02-01 22:00:00,27.04018766542089
2025-02-01 23:00:00,27.962615512545085
2025-02-02 00:00:00,25.14476063613357
2025-02-02 01:00:00,25.4746760517469
2025-02-02 02:00:00,25.222367931169757
2025-02-02 03:00:00,24.828914391482897
2025-02-02 04:00:00,24.479154725571508
2025-02-02 05:00:00,25.158454547902846
2025-02-02 06:00:00,25.895350305584895
2025-02-02 07:00:00,26.89836470833588
2025-02-02 08:00:00,28.733332800106275
2025-02-02 09:00:00,28.37554537103674
2025-02-02 10:00:00,28.92221387017429
2025-02-02 11:00:00,28.539789181093276
2025-02-02 12:00:00,27.572936547826465
2025-02-02 13:00:00,28.04753118724183
2025-02-02 14:00:00,29.015793731923097
2025-02-02 15:00:00,29.061572368889777
2025-02-02 16:00:00,28.723024411142266
2025-02-02 17:00:00,28.989990147964836
2025-02-02 18:00:00,28.779896243364604
2025-02-02 19:00:00,27.50844301767616
2025-02-02 20:00:00,27.664614699968247
2025-02-02 21:00:00,27.208798327708614
2025-02-02 22:00:00,27.553254545382373
2025-02-02 23:00:00,27.281292263850112
2025-02-03 00:00:00,28.36775720259297
2025-02-03 01:00:00,27.7637549235608
2025-02-03 02:00:00,26.87408724322063
2025-02-03 03:00:00,29.059944851019324
2025-02-03 04:00:00,28.187690864719833
2025-02-03 05:00:00,28.149845743562505
2025-02-03 06:00:00,30.039589101583733
2025-02-03 07:00:00,30.827635028942762
2025-02-03 08:00:00,32.62238537637789
2025-02-03 09:00:00,31.116059416103997
2025-02-03 10:00:00,30.870337419121594
2025-02-03 11:00:00,32.808418382063714
2025-02-03 12:00:00,32.73230293069126
2025-02-03 13:00:00,32.197226243485794
2025-02-03 14:00:00,32.55474496316926
2025-02-03 15:00:00,32.3629642548972
2025-02-03 16:00:00,31.743560360432195
2025-02-03 17:00:00,31.92116010333615
2025-02-03 18:00:00,31.623007920992546
2025-02-03 19:00:00,31.06785804062063
2025-02-03 20:00:00,30.975995847554074
2025-02-03 21:00:00,30.157871094739193
2025-02-03 22:00:00,30.59353679112345
2025-02-03 23:00:00,30.408219862281026
2025-02-04 00:00:00,27.471384507943394
2025-02-04 01:00:00,27.892803600162257
2025-02-04 02:00:00,27.38688090269865
2025-02-04 03:00:00,28.54833907311559
2025-02-04 04:00:00,28.53458386332443
2025-02-04 05:00:00,27.1768219049183
2025-02-04 06:00:00,31.373406302888156
2025-02-04 07:00:00,29.857189688409118
2025-02-04 08:00:00,32.68467385550506
2025-02-04 09:00:00,31.42877971740732
2025-02-04 10:00:00,32.69192446546414
2025-02-04 11:00:00,31.668178377894755
2025-02-04 12:00:00,31.789341984580574
2025-02-04 13:00:00,32.242830088625816
2025-02-04 14:00:00,32.15316019293089
2025-02-04 15:00:00,32.59212012661437
2025-02-04 16:00:00,31.81434040515155
2025-02-04 17:00:00,31.597154770093574
2025-02-04 18:00:00,31.213003141522826
2025-02-04 19:00:00,31.592404396442813
2025-02-04 20:00:00,30.855969290645692
2025-02-04 21:00:00,30.967465746175545
2025-02-04 22:00:00,30.452729873407844
2025-02-04 23:00:00,30.332964802124543
2025-02-05 00:00:00,28.3431064108548
2025-02-05 01:00:00,27.95307860051305
2025-02-05 02:00:00,28.16381510396726
2025-02-05 03:00:00,28.109387150464478
2025-02-05 04:00:00,28.466792481317768
2025-02-05 05:00:00,28.44503094498921
2025-02-05 06:00:00,30.185101927825276
2025-02-05 07:00:00,29.72488938686034
2025-02-05 08:00:00,31.01770293411413
2025-02-05 09:00:00,31.940290731272317
2025-02-05 10:00:00,31.283989399250345
2025-02-05 11:00:00,31.72819197603567
2025-02-05 12:00:00,31.510734297812867
2025-02-05 13:00:00,31.261227890221672
2025-02-05 14:00:00,32.47181168843987
2025-02-05 15:00:00,32.16208460963241
2025-02-05 16:00:00,31.7415590392067
2025-02-05 17:00:00,32.62805153044237
2025-02-05 18:00:00,33.15770058795942
2025-02-05 19:00:00,31.263222950629814
2025-02-05 20:00:00,30.018874661194097
2025-02-05 21:00:00,29.37502475207238
2025-02-05 22:00:00,30.729099501977608
2025-02-05 23:00:00,30.582117172669268
2025-02-06 00:00:00,29.133225095957087
2025-02-06 01:00:00,28.318548067443377
2025-02-06 02:00:00,27.990135914135728
2025-02-06 03:00:00,28.41469943061071
2025-02-06 04:00:00,27.61256515928126
2025-02-06 05:00:00,27.909768719666282
2025-02-06 06:00:00,29.6997106935822
2025-02-06 07:00:00,30.52927458222702
2025-02-06 08:00:00,32.7563443919328
2025-02-06 09:00:00,31.481967699774845
2025-02-06 10:00:00,32.716786270594994
2025-02-06 11:00:00,31.589072346478954
2025-02-06 12:00:00,32.453368087678534
2025-02-06 13:00:00,32.54019311495063
2025-02-06 14:00:00,32.160595484274225
2025-02-06 15:00:00,31.283717851940278
2025-02-06 16:00:00,32.33362259962592
2025-02-06 17:00:00,32.5989461838152
2025-02-06 18:00:00,31.894116940981505
2025-02-06 19:00:00,30.347531484827314
2025-02-06 20:00:00,30.817638612040945
2025-02-06 21:00:00,30.20646589591324
2025-02-06 22:00:00,30.584714821204027
2025-02-06 23:00:00,30.53538149684836
2025-02-07 00:00:00,27.713284008601537
2025-02-07 01:00:00,28.045288954404338
2025-02-07 02:00:00,28.379129427689055
2025-02-07 03:00:00,28.35182269264589
2025-02-07 04:00:00,26.925712382948458
2025-02-07 05:00:00,28.730262318325156
2025-02-07 06:00:00,30.29423358133463
2025-02-07 07:00:00,32.097201316826
2025-02-07 08:00:00,31.394804688367874
2025-02-07 09:00:00,31.154835799805724
2025-02-07 10:00:00,31.17171683374053
2025-02-07 11:00:00,32.13854661780087
2025-02-07 12:00:00,32.016124456814374
2025-02-07 13:00:00,31.778053726505377
2025-02-07 14:00:00,32.42605504806672
2025-02-07 15:00:00,31.841595473497737
2025-02-07 16:00:00,32.603291853992886
2025-02-07 17:00:00,31.65329894572802
2025-02-07 18:00:00,32.669747485064896
2025-02-07 19:00:00,30.138165518248208
2025-02-07 20:00:00,30.848962410786278
2025-02-07 21:00:00,29.630527803713846
2025-02-07 22:00:00,30.564503316489297
2025-02-07 23:00:00,30.864039462503474
2025-02-08 00:00:00,25.832433870569673
2025-02-08 01:00:00,25.213048079594707
2025-02-08 02:00:00,25.43494882864999
2025-02-08 03:00:00,24.15072841830067
2025-02-08 04:00:00,25.307199983439894
2025-02-08 05:00:00,24.760988048902647
2025-02-08 06:00:00,27.65623394570036
2025-02-08 07:00:00,27.880328010962728
2025-02-08 08:00:00,28.52249371947563
2025-02-08 09:00:00,28.89677785490332
2025-02-08 10:00:00,28.391336505818746
2025-02-08 11:00:00,30.327357926837813
2025-02-08 12:00:00,28.25542082623963
2025-02-08 13:00:00,28.97519203175493
2025-02-08 14:00:00,27.4986222524813
2025-02-08 15:00:00,28.285481478169068
2025-02-08 16:00:00,28.642803413053453
2025-02-08 17:00:00,28.79216309510656
2025-02-08 18:00:00,29.027052131766805
2025-02-08 19:00:00,27.800274852526023
2025-02-08 20:00:00,27.61375283828874
2025-02-08 21:00:00,26.818398034382295
2025-02-08 22:00:00,27.605578006570532
2025-02-08 23:00:00,27.958190194871484
2025-02-09 00:00:00,24.526737832978196
2025-02-09 01:00:00,25.274368270166757
2025-02-09 02:00:00,25.687092245233796
2025-02-09 03:00:00,25.54273825582134
2025-02-09 04:00:00,25.49028756183989
2025-02-09 05:00:00,24.396281366137472
2025-02-09 06:00:00,27.812020928481644
2025-02-09 07:00:00,26.99024112428699
2025-02-09 08:00:00,28.152011099392354
2025-02-09 09:00:00,28.82407746308104
2025-02-09 10:00:00,28.443036912275538
2025-02-09 11:00:00,27.83526931621278
2025-02-09 12:00:00,27.553321436246975
2025-02-09 13:00:00,29.53039733378862
2025-02-09 14:00:00,28.34951286340114
2025-02-09 15:00:00,28.558787368665477
2025-02-09 16:00:00,29.657264634197702
2025-02-09 17:00:00,29.172331684294903
2025-02-09 18:00:00,29.286337785218496
2025-02-09 19:00:00,27.628500591731328
2025-02-09 20:00:00,27.165951144924346
2025-02-09 21:00:00,27.382005157164645
2025-02-09 22:00:00,26.48865941592532
2025-02-09 23:00:00,27.29893996229461
2025-02-10 00:00:00,28.31195330779108
2025-02-10 01:00:00,27.116819895361196
2025-02-10 02:00:00,27.07319323101576
2025-02-10 03:00:00,26.54452604999158
2025-02-10 04:00:00,27.965254837116056
2025-02-10 05:00:00,27.954525422161137
2025-02-10 06:00:00,31.678122306236187
2025-02-10 07:00:00,31.048001072502
2025-02-10 08:00:00,31.5992639286576
2025-02-10 09:00:00,31.27149790803016
2025-02-10 10:00:00,32.36738399201927
2025-02-10 11:00:00,31.41925126181046
2025-02-10 12:00:00,33.241856758925785
2025-02-10 13:00:00,31.308124643907448
2025-02-10 14:00:00,31.369998513097396
2025-02-10 15:00:00,30.815741511732128
2025-02-10 16:00:00,32.45861437780741
2025-02-10 17:00:00,31.69270044468673
2025-02-10 18:00:00,33.105532527811214
2025-02-10 19:00:00,30.652355116101877
2025-02-10 20:00:00,30.707067165412838
2025-02-10 21:00:00,29.978217438549596
2025-02-10 22:00:00,31.31197111716791
2025-02-10 23:00:00,31.4252041608415
2025-02-11 00:00:00,28.295661844135562
2025-02-11 01:00:00,27.581673603915416
2025-02-11 02:00:00,26.93257799305701
2025-02-11 03:00:00,28.212440561610006
2025-02-11 04:00:00,27.68737002015239
2025-02-11 05:00:00,27.46830401505035
2025-02-11 06:00:00,29.62104159945528
2025-02-11 07:00:00,30.91353857557358
2025-02-11 08:00:00,30.21541278355961
2025-02-11 09:00:00,31.928670474342603
2025-02-11 10:00:00,33.485845873996944
2025-02-11 11:00:00,32.10761222281727
2025-02-11 12:00:00,32.59087444495695
2025-02-11 13:00:00,31.200526269929256
2025-02-11 14:00:00,32.39024983128933
2025-02-11 15:00:00,31.22650924928381
2025-02-11 16:00:00,31.988002330890716
2025-02-11 17:00:00,32.38833286252533
2025-02-11 18:00:00,31.638144998151358
2025-02-11 19:00:00,30.38474578485576
2025-02-11 20:00:00,30.230144740276362
2025-02-11 21:00:00,30.08692328361246
2025-02-11 22:00:00,30.16640430306813
2025-02-11 23:00:00,29.97824312567829
2025-02-12 00:00:00,27.549613308328844
2025-02-12 01:00:00,28.454866978219783
2025-02-12 02:00:00,27.687215341668864
2025-02-12 03:00:00,27.855207117330117
2025-02-12 04:00:00,28.631774919746896
2025-02-12 05:00:00,27.9105582889987
2025-02-12 06:00:00,31.18894512361509
2025-02-12 07:00:00,30.245157009011447
2025-02-12 08:00:00,31.284564072649165
2025-02-12 09:00:00,30.717297180603623
2025-02-12 10:00:00,31.652411336510983
2025-02-12 11:00:00,32.79912175942214
2025-02-12 12:00:00,32.12534827506633
2025-02-12 13:00:00,32.21778042446725
2025-02-12 14:00:00,31.84888253071951
2025-02-12 15:00:00,31.845137859788075
2025-02-12 16:00:00,31.710269881175794
2025-02-12 17:00:00,31.43468909818673
2025-02-12 18:00:00,32.014967083456206
2025-02-12 19:00:00,30.33394633869245
2025-02-12 20:00:00,29.93648566612569
2025-02-12 21:00:00,31.105575811246283
2025-02-12 22:00:00,31.2362693069869
2025-02-12 23:00:00,31.014442528991395
2025-02-13 00:00:00,28.68692313738563
2025-02-13 01:00:00,28.515844426326623
2025-02-13 02:00:00,28.150534081277343
2025-02-13 03:00:00,28.714170001055212
2025-02-13 04:00:00,28.16133291738195
2025-02-13 05:00:00,28.032350227530102
2025-02-13 06:00:00,31.40719910522849
2025-02-13 07:00:00,29.562572067895935
2025-02-13 08:00:00,31.821345132249306
2025-02-13 09:00:00,32.562565615025264
2025-02-13 10:00:00,32.05762865933685
2025-02-13 11:00:00,33.51579595697169
2025-02-13 12:00:00,32.877477966433645
2025-02-13 13:00:00,30.978198214468666
2025-02-13 14:00:00,30.420215971244303
2025-02-13 15:00:00,33.08689761562454
2025-02-13 16:00:00,31.26576035922799
2025-02-13 17:00:00,34.0133662789653
2025-02-13 18:00:00,32.74159040146435
2025-02-13 19:00:00,30.505279409402313
2025-02-13 20:00:00,30.482618614574598
2025-02-13 21:00:00,30.48148444234321
2025-02-13 22:00:00,29.86921920978682
2025-02-13 23:00:00,29.736519214752526
2025-02-14 00:00:00,28.131548925150703
2025-02-14 01:00:00,28.38720431673474
2025-02-14 02:00:00,27.514580260642468
2025-02-14 03:00:00,28.12619022496592
2025-02-14 04:00:00,28.39754780798303
2025-02-14 05:00:00,28.365632374196764
2025-02-14 06:00:00,31.74774631157832
2025-02-14 07:00:00,31.010920541288723
2025-02-14 08:00:00,31.997081825587987
2025-02-14 09:00:00,33.09899755148408
2025-02-14 10:00:00,32.78712620649185
2025-02-14 11:00:00,31.67124938537071
2025-02-14 12:00:00,31.60365070317602
2025-02-14 13:00:00,31.735730175773398
2025-02-14 14:00:00,32.192718603245865
2025-02-14 15:00:00,32.414286421046896
2025-02-14 16:00:00,31.297367217231148
2025-02-14 17:00:00,31.626852639799257
2025-02-14 18:00:00,31.968736550623778
2025-02-14 19:00:00,29.518758149963414
2025-02-14 20:00:00,30.310010808901392
2025-02-14 21:00:00,31.089902291394576
2025-02-14 22:00:00,30.104164792408604
2025-02-14 23:00:00,30.65327647738206
2025-02-15 00:00:00,25.11713913799918
2025-02-15 01:00:00,24.093139322433224
2025-02-15 02:00:00,25.078093807553984
2025-02-15 03:00:00,25.496472780563852
2025-02-15 04:00:00,24.168530135304337
2025-02-15 05:00:00,25.714074583842528
2025-02-15 06:00:00,27.914127638188972
2025-02-15 07:00:00,26.97561051589179
2025-02-15 08:00:00,29.754452778718946
2025-02-15 09:00:00,28.869465262364663
2025-02-15 10:00:00,28.109149700682476
2025-02-15 11:00:00,29.36660012250149
2025-02-15 12:00:00,28.27252578052181
2025-02-15 13:00:00,28.7876764200834
2025-02-15 14:00:00,28.050512130137253
2025-02-15 15:00:00,28.697912249099804
2025-02-15 16:00:00,28.38007662241327
2025-02-15 17:00:00,28.597987071787617
2025-02-15 18:00:00,29.00228286154449
2025-02-15 19:00:00,27.696102567498677
2025-02-15 20:00:00,26.466852269273407
2025-02-15 21:00:00,27.86300213414153
2025-02-15 22:00:00,28.318862251025855
2025-02-15 23:00:00,27.3909929240452
2025-02-16 00:00:00,24.371177738380613
2025-02-16 01:00:00,25.708342209429393
2025-02-16 02:00:00,24.29658933032444
2025-02-16 03:00:00,25.31000117997489
2025-02-16 04:00:00,24.375145594040024
2025-02-16 05:00:00,25.50535449494845
2025-02-16 06:00:00,27.588545441187087
2025-02-16 07:00:00,27.639340648335782
2025-02-16 08:00:00,28.116982571141506
2025-02-16 09:00:00,28.9539055686609
2025-02-16 10:00:00,29.339339873607887
2025-02-16 11:00:00,28.481870357762027
2025-02-16 12:00:00,28.490632833369382
2025-02-16 13:00:00,29.209145291307873
2025-02-16 14:00:00,28.875561075266837
2025-02-16 15:00:00,28.2874026967849
2025-02-16 16:00:00,28.14180442257868
2025-02-16 17:00:00,27.781058624685812
2025-02-16 18:00:00,27.946491949793447
2025-02-16 19:00:00,26.90647976852045
2025-02-16 20:00:00,27.7844924168658
2025-02-16 21:00:00,28.00707577420956
2025-02-16 22:00:00,26.91241201854232
2025-02-16 23:00:00,27.354108557149832
2025-02-17 00:00:00,27.842863152488718
2025-02-17 01:00:00,27.145227381809498
2025-02-17 02:00:00,28.87202648086993
2025-02-17 03:00:00,27.3805416038124
2025-02-17 04:00:00,27.501898603451064
2025-02-17 05:00:00,28.23679832901369
2025-02-17 06:00:00,30.364068801162553
2025-02-17 07:00:00,30.961987524513344
2025-02-17 08:00:00,31.872030503911375
2025-02-17 09:00:00,31.664604198828222
2025-02-17 10:00:00,32.03456999455547
2025-02-17 11:00:00,32.277103241137915
2025-02-17 12:00:00,33.058042539936324
2025-02-17 13:00:00,31.907486154872895
2025-02-17 14:00:00,31.46512059243851
2025-02-17 15:00:00,32.16953979448143
2025-02-17 16:00:00,31.524174533468194
2025-02-17 17:00:00,31.137020952524384
2025-02-17 18:00:00,32.56995861052072
2025-02-17 19:00:00,30.038975678340027
2025-02-17 20:00:00,30.403864078532482
2025-02-17 21:00:00,30.85077665340289
2025-02-17 22:00:00,30.18198367723135
2025-02-17 23:00:00,30.355092169495624
2025-02-18 00:00:00,28.266719176704164
2025-02-18 01:00:00,27.363495595597275
2025-02-18 02:00:00,28.109258874803697
2025-02-18 03:00:00,27.948368739561236
2025-02-18 04:00:00,28.175878122701974
2025-02-18 05:00:00,27.78011488216184
2025-02-18 06:00:00,31.875842082075412
2025-02-18 07:00:00,30.754430875597503
2025-02-18 08:00:00,31.751880066325914
2025-02-18 09:00:00,31.98256555968306
2025-02-18 10:00:00,32.273171124024465
2025-02-18 11:00:00,32.74808076776424
2025-02-18 12:00:00,31.562648806089136
2025-02-18 13:00:00,31.796765854812833
2025-02-18 14:00:00,30.80097606482302
2025-02-18 15:00:00,31.77983945593
2025-02-18 16:00:00,32.193420544589564
2025-02-18 17:00:00,31.946412337412895
2025-02-18 18:00:00,32.29009051991726
2025-02-18 19:00:00,29.781404174185806
2025-02-18 20:00:00,29.2909682589309
2025-02-18 21:00:00,30.1076037828361
2025-02-18 22:00:00,30.06674238905183
2025-02-18 23:00:00,30.87070053968357
2025-02-19 00:00:00,28.437687447831777
2025-02-19 01:00:00,27.749340241964514
2025-02-19 02:00:00,28.150462514957386
2025-02-19 03:00:00,28.86760666005924
2025-02-19 04:00:00,29.119460721789807
2025-02-19 05:00:00,28.405306744455125
2025-02-19 06:00:00,29.050141025960762
2025-02-19 07:00:00,30.663274893334307
2025-02-19 08:00:00,31.834725711955738
2025-02-19 09:00:00,31.901041555018224
2025-02-19 10:00:00,31.313059892209065
2025-02-19 11:00:00,31.830020960369378
2025-02-19 12:00:00,31.238374497672094
2025-02-19 13:00:00,32.239304836313934
2025-02-19 14:00:00,32.142836584630125
2025-02-19 15:00:00,31.92609124890399
2025-02-19 16:00:00,31.62683382930808
2025-02-19 17:00:00,32.30966654773912
2025-02-19 18:00:00,32.534172184793185
2025-02-19 19:00:00,31.892296487143405
2025-02-19 20:00:00,30.207435304830568
2025-02-19 21:00:00,30.177331618188283
2025-02-19 22:00:00,29.49249215978784
2025-02-19 23:00:00,31.042197559489033
2025-02-20 00:00:00,26.900758633227905
2025-02-20 01:00:00,28.227856471129794
2025-02-20 02:00:00,28.380046480517453
2025-02-20 03:00:00,27.481073453862543
2025-02-20 04:00:00,28.008561100765693
2025-02-20 05:00:00,28.59895715470933
2025-02-20 06:00:00,30.086442821782846
2025-02-20 07:00:00,30.923777721208154
2025-02-20 08:00:00,30.69200418667875
2025-02-20 09:00:00,31.83316754274632
2025-02-20 10:00:00,31.448096426032443
2025-02-20 11:00:00,32.21087370201463
2025-02-20 12:00:00,33.350363317925805
2025-02-20 13:00:00,31.78123364433473
2025-02-20 14:00:00,33.510593171528484
2025-02-20 15:00:00,32.846499541484285
2025-02-20 16:00:00,30.683904249565767
2025-02-20 17:00:00,32.86869672698434
2025-02-20 18:00:00,31.32517867493164
2025-02-20 19:00:00,30.940269200856235
2025-02-20 20:00:00,29.84980625822617
2025-02-20 21:00:00,31.275947971369224
2025-02-20 22:00:00,29.971841853249778
2025-02-20 23:00:00,30.184207072513825
2025-02-21 00:00:00,28.148259939760493
2025-02-21 01:00:00,27.8282594171979
2025-02-21 02:00:00,28.087385183603192
2025-02-21 03:00:00,27.940933044841497
2025-02-21 04:00:00,29.127420297811828
2025-02-21 05:00:00,28.53157896621092
2025-02-21 06:00:00,30.35947284097127
2025-02-21 07:00:00,31.102051426111963
2025-02-21 08:00:00,32.6734096591018
2025-02-21 09:00:00,31.14663941506124
2025-02-21 10:00:00,32.341717201839145
2025-02-21 11:00:00,32.28147410363754
2025-02-21 12:00:00,31.832109398996355
2025-02-21 13:00:00,32.560209371582964
2025-02-21 14:00:00,30.922091664194422
2025-02-21 15:00:00,32.51184113342838
2025-02-21 16:00:00,32.87649269377546
2025-02-21 17:00:00,31.30729449142655
2025-02-21 18:00:00,31.742385340904548
2025-02-21 19:00:00,30.306252419534694
2025-02-21 20:00:00,30.293298375047623
2025-02-21 21:00:00,30.476522645053887
2025-02-21 22:00:00,30.360086114937165
2025-02-21 23:00:00,31.350434200203036
2025-02-22 00:00:00,26.628573812190904
2025-02-22 01:00:00,24.667066340596808
2025-02-22 02:00:00,25.44216789436251
2025-02-22 03:00:00,25.175808150092262
2025-02-22 04:00:00,25.787271957481185
2025-02-22 05:00:00,25.675091079193052
2025-02-22 06:00:00,26.9736299050665
2025-02-22 07:00:00,28.15221568025103
2025-02-22 08:00:00,28.050399061003972
2025-02-22 09:00:00,29.13808867258339
2025-02-22 10:00:00,28.639834749334064
2025-02-22 11:00:00,28.132206670845616
2025-02-22 12:00:00,29.68053606163615
2025-02-22 13:00:00,27.06156090763604
2025-02-22 14:00:00,29.20491388485951
2025-02-22 15:00:00,29.24941822038662
2025-02-22 16:00:00,27.8968821986567
2025-02-22 17:00:00,28.861479203581645
2025-02-22 18:00:00,29.10490345488722
2025-02-22 19:00:00,27.949039639930803
2025-02-22 20:00:00,27.143948069636586
2025-02-22 21:00:00,26.99508142605068
2025-02-22 22:00:00,27.73986814781222
2025-02-22 23:00:00,27.19151356350662
2025-02-23 00:00:00,25.358693843499626
2025-02-23 01:00:00,25.714845480056525
2025-02-23 02:00:00,25.09510256425549
2025-02-23 03:00:00,25.1271478675598
2025-02-23 04:00:00,24.363333229190353
2025-02-23 05:00:00,25.13516531341801
2025-02-23 06:00:00,26.95277409769265
2025-02-23 07:00:00,26.979530027504655
2025-02-23 08:00:00,29.04324919056791
2025-02-23 09:00:00,28.536306361855974
2025-02-23 10:00:00,27.855090685659544
2025-02-23 11:00:00,28.973212859161407
2025-02-23 12:00:00,28.73657281247517
2025-02-23 13:00:00,27.907963098946222
2025-02-23 14:00:00,29.48804182318924
2025-02-23 15:00:00,29.496509206431952
2025-02-23 16:00:00,28.692292186968324
2025-02-23 17:00:00,27.479016528496967
2025-02-23 18:00:00,28.939758019718347
2025-02-23 19:00:00,27.252850864861685
2025-02-23 20:00:00,26.951318632078088
2025-02-23 21:00:00,26.38650620951313
2025-02-23 22:00:00,27.35791421418825
2025-02-23 23:00:00,27.419136002604247
2025-02-24 00:00:00,27.529544998614995
2025-02-24 01:00:00,28.85942094301201
2025-02-24 02:00:00,27.368068283549764
2025-02-24 03:00:00,27.568010016619308
2025-02-24 04:00:00,28.362415124278368
2025-02-24 05:00:00,27.62629232909659
2025-02-24 06:00:00,29.79089971331583
2025-02-24 07:00:00,30.751922821435816
2025-02-24 08:00:00,32.42234400614549
2025-02-24 09:00:00,32.7139095683483
2025-02-24 10:00:00,32.17370669643786
2025-02-24 11:00:00,32.38843865510132
2025-02-24 12:00:00,32.10426965345105
2025-02-24 13:00:00,31.353100551596214
2025-02-24 14:00:00,33.07694912603801
2025-02-24 15:00:00,30.519263825495113
2025-02-24 16:00:00,31.890213847468086
2025-02-24 17:00:00,32.073069268689046
2025-02-24 18:00:00,32.03011400798028
2025-02-24 19:00:00,30.54496259065434
2025-02-24 20:00:00,30.98141644882153
2025-02-24 21:00:00,30.859707374680166
2025-02-24 22:00:00,30.57167212827358
2025-02-24 23:00:00,29.506283198700906
2025-02-25 00:00:00,28.784476267007438
2025-02-25 01:00:00,27.69731867392364
2025-02-25 02:00:00,26.95221583734552
2025-02-25 03:00:00,27.66510817855754
2025-02-25 04:00:00,28.249740914278785
2025-02-25 05:00:00,26.95003721480525
2025-02-25 06:00:00,29.66911680310603
2025-02-25 07:00:00,29.98699045660376
2025-02-25 08:00:00,30.942590312217398
2025-02-25 09:00:00,32.324520917228014
2025-02-25 10:00:00,31.57366121532364
2025-02-25 11:00:00,32.760892955382516
2025-02-25 12:00:00,31.21082916680455
2025-02-25 13:00:00,31.85250185237092
2025-02-25 14:00:00,32.24375432282401
2025-02-25 15:00:00,31.354348549108188
2025-02-25 16:00:00,31.813174257862457
2025-02-25 17:00:00,32.41255042197833
2025-02-25 18:00:00,31.78529469448099
2025-02-25 19:00:00,30.2219463331393
2025-02-25 20:00:00,29.66128036609261
2025-02-25 21:00:00,30.51719916367251
2025-02-25 22:00:00,30.249236449605007
2025-02-25 23:00:00,30.231871575109846
2025-02-26 00:00:00,27.521564759834703
2025-02-26 01:00:00,29.004031076138283
2025-02-26 02:00:00,27.840939006313647
2025-02-26 03:00:00,27.696009929170682
2025-02-26 04:00:00,28.547235678556127
2025-02-26 05:00:00,28.067750586800425
2025-02-26 06:00:00,31.414963151895797
2025-02-26 07:00:00,29.626469032846064
2025-02-26 08:00:00,32.3870222674782
2025-02-26 09:00:00,31.928817123188306
2025-02-26 10:00:00,32.538862175163445
2025-02-26 11:00:00,31.42363626048612
2025-02-26 12:00:00,32.34159726654079
2025-02-26 13:00:00,31.915748012208986
2025-02-26 14:00:00,31.700116556342973
2025-02-26 15:00:00,32.36815963649282
2025-02-26 16:00:00,31.752633209996528
2025-02-26 17:00:00,31.312808462765638
2025-02-26 18:00:00,31.544848047755757
2025-02-26 19:00:00,29.378264341255115
2025-02-26 20:00:00,29.54867466644755
2025-02-26 21:00:00,30.457840244776676
2025-02-26 22:00:00,29.936190824609064
2025-02-26 23:00:00,31.337441392783802
2025-02-27 00:00:00,27.7211307527601
2025-02-27 01:00:00,28.012195891904803
2025-02-27 02:00:00,28.044397926978874
2025-02-27 03:00:00,27.750255815804362
2025-02-27 04:00:00,27.929111848717618
2025-02-27 05:00:00,28.48316269392982
2025-02-27 06:00:00,30.886989937209776
2025-02-27 07:00:00,31.60036963139512
2025-02-27 08:00:00,31.61963910259503
2025-02-27 09:00:00,32.67818172591089
2025-02-27 10:00:00,32.06719562000924
2025-02-27 11:00:00,31.999729473351998
2025-02-27 12:00:00,32.20420098660658
2025-02-27 13:00:00,32.35738226477647
2025-02-27 14:00:00,32.59326299293993
2025-02-27 15:00:00,31.894399640313008
2025-02-27 16:00:00,32.39003150078103
2025-02-27 17:00:00,32.706002304824274
2025-02-27 18:00:00,32.00780690015153
2025-02-27 19:00:00,30.760095189236015
2025-02-27 20:00:00,31.24265991933852
2025-02-27 21:00:00,30.567940321952673
2025-02-27 22:00:00,29.607728138843235
2025-02-27 23:00:00,31.486520655327737
2025-02-28 00:00:00,28.596952462622212
2025-02-28 01:00:00,28.458883977547682
2025-02-28 02:00:00,28.125047227594045
2025-02-28 03:00:00,27.890500738961727
2025-02-28 04:00:00,27.6600746382321
2025-02-28 05:00:00,28.62112947612411
2025-02-28 06:00:00,30.375336091927224
2025-02-28 07:00:00,29.82521293111029
2025-02-28 08:00:00,32.226177257968054
2025-02-28 09:00:00,31.815660911086013
2025-02-28 10:00:00,32.01802694246133
2025-02-28 11:00:00,32.08475560180467
2025-02-28 12:00:00,30.863570272567504
2025-02-28 13:00:00,32.10280730717531
2025-02-28 14:00:00,31.63586222662194
2025-02-28 15:00:00,31.98041021798787
2025-02-28 16:00:00,32.32124332792609
2025-02-28 17:00:00,32.36338897756777
2025-02-28 18:00:00,32.17353888004458
2025-02-28 19:00:00,30.573586588562502
2025-02-28 20:00:00,30.407227097445325
2025-02-28 21:00:00,29.90977112510983
2025-02-28 22:00:00,30.552183708984074
2025-02-28 23:00:00,30.618538785314072
2025-03-01 00:00:00,25.656780187120404
2025-03-01 01:00:00,25.024614469031466
2025-03-01 02:00:00,24.518699842122263
2025-03-01 03:00:00,26.055891008748088
2025-03-01 04:00:00,24.978615113728257
2025-03-01 05:00:00,24.717905404737085
2025-03-01 06:00:00,28.413124763776224
2025-03-01 07:00:00,27.98608829166067
2025-03-01 08:00:00,28.68532863098822
2025-03-01 09:00:00,28.179512904671476
2025-03-01 10:00:00,27.994347555148654
2025-03-01 11:00:00,28.27018453954641
2025-03-01 12:00:00,28.583270769520524
2025-03-01 13:00:00,28.710495944072118
2025-03-01 14:00:00,29.092985250992342
2025-03-01 15:00:00,29.273365197193996
2025-03-01 16:00:00,28.596841018607066
2025-03-01 17:00:00,29.071984136018298
2025-03-01 18:00:00,28.426216528049277
2025-03-01 19:00:00,27.27056998627888
2025-03-01 20:00:00,27.306078496176386
2025-03-01 21:00:00,27.63837331833151
2025-03-01 22:00:00,26.84011151690738
2025-03-01 23:00:00,26.996744841470445
2025-03-02 00:00:00,25.87124487522026
2025-03-02 01:00:00,25.206086263082035
2025-03-02 02:00:00,25.240813304338648
2025-03-02 03:00:00,25.088579482585722
2025-03-02 04:00:00,25.579070700950997
2025-03-02 05:00:00,24.305540370199992
2025-03-02 06:00:00,28.04614593389806
2025-03-02 07:00:00,27.23693230334923
2025-03-02 08:00:00,28.513394019089816
2025-03-02 09:00:00,28.870635534917277
2025-03-02 10:00:00,29.06789098410141
2025-03-02 11:00:00,28.110067541196536
2025-03-02 12:00:00,28.739887717560435
2025-03-02 13:00:00,28.748904628125118
2025-03-02 14:00:00,28.71313832791069
2025-03-02 15:00:00,28.919964386479855
2025-03-02 16:00:00,27.93817490854835
2025-03-02 17:00:00,28.135915048183836
2025-03-02 18:00:00,29.129505837167493
2025-03-02 19:00:00,26.9378570662781
2025-03-02 20:00:00,27.026554941590227
2025-03-02 21:00:00,27.655762358629595
2025-03-02 22:00:00,26.934066023613514
2025-03-02 23:00:00,27.61340562646979
2025-03-03 00:00:00,28.482237781101247
2025-03-03 01:00:00,28.9640142846898
2025-03-03 02:00:00,29.09330710051726
2025-03-03 03:00:00,28.212736556020612
2025-03-03 04:00:00,27.604895100235073
2025-03-03 05:00:00,27.820385806697097
2025-03-03 06:00:00,29.161364480630283
2025-03-03 07:00:00,30.076098792779934
2025-03-03 08:00:00,31.74504109554544
2025-03-03 09:00:00,32.91072022683741
2025-03-03 10:00:00,31.969897146800736
2025-03-03 11:00:00,31.98489970352699
2025-03-03 12:00:00,32.13429002020862
2025-03-03 13:00:00,32.40249584840595
2025-03-03 14:00:00,33.302696736382366
2025-03-03 15:00:00,32.58192217331935
2025-03-03 16:00:00,31.514770636180003
2025-03-03 17:00:00,31.293977332842797
2025-03-03 18:00:00,32.13130240407391
2025-03-03 19:00:00,30.624512768349007
2025-03-03 20:00:00,31.589349119038747
2025-03-03 21:00:00,29.5861836368434
2025-03-03 22:00:00,30.264720373075733
2025-03-03 23:00:00,31.09485862471877
2025-03-04 00:00:00,28.174262795391957
2025-03-04 01:00:00,28.58710531647665
2025-03-04 02:00:00,28.68400691022245
2025-03-04 03:00:00,27.535335151193944
2025-03-04 04:00:00,28.869714216598577
2025-03-04 05:00:00,28.60848896098129
2025-03-04 06:00:00,30.033222452239706
2025-03-04 07:00:00,31.217224215422814
2025-03-04 08:00:00,31.837582569856064
2025-03-04 09:00:00,32.98160792795065
2025-03-04 10:00:00,31.82628044164273
2025-03-04 11:00:00,31.88796146338848
2025-03-04 12:00:00,31.774633113482434
2025-03-04 13:00:00,31.753499803752497
2025-03-04 14:00:00,32.286818841708026
2025-03-04 15:00:00,31.89718027577005
2025-03-04 16:00:00,31.013499468585835
2025-03-04 17:00:00,32.048540429564284
2025-03-04 18:00:00,32.5266520969808
2025-03-04 19:00:00,31.63707374684666
2025-03-04 20:00:00,30.4936800818136
2025-03-04 21:00:00,29.841859837583087
2025-03-04 22:00:00,31.772561336067625
2025-03-04 23:00:00,30.518350228286415
2025-03-05 00:00:00,27.60138506330033
2025-03-05 01:00:00,27.167084385386936
2025-03-05 02:00:00,27.45872032529784
2025-03-05 03:00:00,29.171240300204342
2025-03-05 04:00:00,28.200898879262773
2025-03-05 05:00:00,28.197777758160182
2025-03-05 06:00:00,29.26239188242778
2025-03-05 07:00:00,29.6066577445914
2025-03-05 08:00:00,32.55871742254362
2025-03-05 09:00:00,32.35211662869444
2025-03-05 10:00:00,32.20743763996032
2025-03-05 11:00:00,32.39291282139097
2025-03-05 12:00:00,30.938926687957693
2025-03-05 13:00:00,33.05448496838987
2025-03-05 14:00:00,33.18371771143175
2025-03-05 15:00:00,32.66983543881723
2025-03-05 16:00:00,31.714797556577448
2025-03-05 17:00:00,32.14768023323191
2025-03-05 18:00:00,31.809586321609316
2025-03-05 19:00:00,30.344031309202638
2025-03-05 20:00:00,30.7684191049943
2025-03-05 21:00:00,29.57044522072438
2025-03-05 22:00:00,31.199343735281737
2025-03-05 23:00:00,30.797719711959314
2025-03-06 00:00:00,27.506088483597612
2025-03-06 01:00:00,28.3235238806256
2025-03-06 02:00:00,28.17428200195975
2025-03-06 03:00:00,28.530447679516637
2025-03-06 04:00:00,28.34011599568445
2025-03-06 05:00:00,27.548530180299217
2025-03-06 06:00:00,30.97314493122496
2025-03-06 07:00:00,29.99887854011745
2025-03-06 08:00:00,32.76423899715068
2025-03-06 09:00:00,33.29120427533499
2025-03-06 10:00:00,31.83918801605766
2025-03-06 11:00:00,31.090646193545858
2025-03-06 12:00:00,31.655690217474746
2025-03-06 13:00:00,32.57922479760529
2025-03-06 14:00:00,31.840355043499777
2025-03-06 15:00:00,31.352556825645653
2025-03-06 16:00:00,31.769133947783608
2025-03-06 17:00:00,31.7200406873041
2025-03-06 18:00:00,32.213702328139
2025-03-06 19:00:00,29.946633130680457
2025-03-06 20:00:00,30.108970949806277
2025-03-06 21:00:00,30.912993920741446
2025-03-06 22:00:00,30.70806023900164
2025-03-06 23:00:00,30.311530834477715
2025-03-07 00:00:00,27.070918204746576
2025-03-07 01:00:00,27.88860114769458
2025-03-07 02:00:00,28.36792773311486
2025-03-07 03:00:00,28.056701774296727
2025-03-07 04:00:00,26.752200928490925
2025-03-07 05:00:00,28.405102449692336
2025-03-07 06:00:00,31.209162157698735
2025-03-07 07:00:00,31.059481796881794
2025-03-07 08:00:00,33.05408243144592
2025-03-07 09:00:00,33.258392688130556
2025-03-07 10:00:00,32.833521415398224
2025-03-07 11:00:00,31.689044566170853
2025-03-07 12:00:00,31.642656086005125
2025-03-07 13:00:00,32.203501811272545
2025-03-07 14:00:00,32.453325350426184
2025-03-07 15:00:00,31.545315184993502
2025-03-07 16:00:00,31.457190731135846
2025-03-07 17:00:00,32.69305468227859
2025-03-07 18:00:00,32.67259526112857
2025-03-07 19:00:00,31.300463367286422
2025-03-07 20:00:00,30.62167382017274
2025-03-07 21:00:00,30.257776298720223
2025-03-07 22:00:00,30.508419184605575
2025-03-07 23:00:00,30.822276107216005
2025-03-08 00:00:00,24.84865206533987
2025-03-08 01:00:00,24.966740207403387
2025-03-08 02:00:00,25.453735737803044
2025-03-08 03:00:00,25.67182808584082
2025-03-08 04:00:00,25.38336173713557
2025-03-08 05:00:00,24.838513811133037
2025-03-08 06:00:00,26.281524213152682
2025-03-08 07:00:00,28.23581194292645
2025-03-08 08:00:00,29.592156808372078
2025-03-08 09:00:00,27.723633301068517
2025-03-08 10:00:00,27.728862163862093
2025-03-08 11:00:00,27.417596740235687
2025-03-08 12:00:00,29.065383077898048
2025-03-08 13:00:00,28.17344338055458
2025-03-08 14:00:00,28.755549909067376
2025-03-08 15:00:00,29.42977756821471
2025-03-08 16:00:00,29.35350104640236
2025-03-08 17:00:00,29.623618286812203
2025-03-08 18:00:00,28.664017573183802
2025-03-08 19:00:00,26.970707980043816
2025-03-08 20:00:00,27.56043882862212
2025-03-08 21:00:00,27.614879815960148
2025-03-08 22:00:00,27.279520436934785
2025-03-08 23:00:00,27.058248372492553
2025-03-09 00:00:00,24.952748370459496
2025-03-09 01:00:00,24.099567342608786
2025-03-09 02:00:00,25.77811327993554
2025-03-09 03:00:00,25.151332231485767
2025-03-09 04:00:00,25.267520741715753
2025-03-09 05:00:00,25.284012482651036
2025-03-09 06:00:00,27.36941672090873
2025-03-09 07:00:00,27.17998114519504
2025-03-09 08:00:00,29.329867293534267
2025-03-09 09:00:00,28.301194169508314
2025-03-09 10:00:00,28.5884993091021
2025-03-09 11:00:00,28.23181450272424
2025-03-09 12:00:00,29.456764611701082
2025-03-09 13:00:00,27.92023017068025
2025-03-09 14:00:00,28.4319954287805
2025-03-09 15:00:00,28.83765811637173
2025-03-09 16:00:00,29.924903540658317
2025-03-09 17:00:00,29.09943645107776
2025-03-09 18:00:00,29.039307831060174
2025-03-09 19:00:00,26.542100618989096
2025-03-09 20:00:00,27.27104808724744
2025-03-09 21:00:00,27.66294274514953
2025-03-09 22:00:00,27.222553535156642
2025-03-09 23:00:00,27.03464315707829
2025-03-10 00:00:00,28.155229866595946
2025-03-10 01:00:00,27.793896548193356
2025-03-10 02:00:00,28.004081985171364
2025-03-10 03:00:00,28.147081410754716
2025-03-10 04:00:00,28.141728783314047
2025-03-10 05:00:00,28.36034956879027
2025-03-10 06:00:00,30.257329505314303
2025-03-10 07:00:00,29.482707404276056
2025-03-10 08:00:00,31.627332888596413
2025-03-10 09:00:00,32.00087155828868
2025-03-10 10:00:00,31.295766478294386
2025-03-10 11:00:00,31.268976455808556
2025-03-10 12:00:00,31.496327353268665
2025-03-10 13:00:00,32.245573938309875
2025-03-10 14:00:00,31.855095599373023
2025-03-10 15:00:00,30.95508498126204
2025-03-10 16:00:00,31.221685701701052
2025-03-10 17:00:00,32.09933026624648
2025-03-10 18:00:00,30.94214480660919
2025-03-10 19:00:00,30.244477180215178
2025-03-10 20:00:00,30.316162009880717
2025-03-10 21:00:00,31.235100608776076
2025-03-10 22:00:00,31.093836626482666
2025-03-10 23:00:00,30.451988284474517
2025-03-11 00:00:00,27.13373647457146
2025-03-11 01:00:00,28.50371765970682
2025-03-11 02:00:00,27.521604737773334
2025-03-11 03:00:00,28.392472160631648
2025-03-11 04:00:00,29.17451827076801
2025-03-11 05:00:00,27.339273523988
2025-03-11 06:00:00,31.654023714372105
2025-03-11 07:00:00,31.680056076054598
2025-03-11 08:00:00,33.41809588503045
2025-03-11 09:00:00,32.176364251482696
2025-03-11 10:00:00,31.551201759125924
2025-03-11 11:00:00,32.55693583887245
2025-03-11 12:00:00,32.72310393476309
2025-03-11 13:00:00,32.67466773241335
2025-03-11 14:00:00,31.865400769059928
2025-03-11 15:00:00,31.41502481462624
2025-03-11 16:00:00,30.888025432173052
2025-03-11 17:00:00,31.051589135716906
2025-03-11 18:00:00,31.891290010164997
2025-03-11 19:00:00,32.25360316799485
2025-03-11 20:00:00,30.666394112931098
2025-03-11 21:00:00,30.19679207609916
2025-03-11 22:00:00,31.088728364561
2025-03-11 23:00:00,30.91032139794128
2025-03-12 00:00:00,27.900193076403788
2025-03-12 01:00:00,27.79630973947548
2025-03-12 02:00:00,28.057157217820343
2025-03-12 03:00:00,28.392092445597857
2025-03-12 04:00:00,28.252519466469238
2025-03-12 05:00:00,28.0164866294393
2025-03-12 06:00:00,31.198342739562314
2025-03-12 07:00:00,29.799238259277825
2025-03-12 08:00:00,32.292069895273805
2025-03-12 09:00:00,31.69208709955806
2025-03-12 10:00:00,31.676195634349803
2025-03-12 11:00:00,32.40409473402445
2025-03-12 12:00:00,30.998955532521027
2025-03-12 13:00:00,31.377872626496753
2025-03-12 14:00:00,32.223848802635956
2025-03-12 15:00:00,30.797229226597537
2025-03-12 16:00:00,31.171033969660588
2025-03-12 17:00:00,30.903276314786954
2025-03-12 18:00:00,32.59097130018682
2025-03-12 19:00:00,30.591926489729524
2025-03-12 20:00:00,30.45107206449349
2025-03-12 21:00:00,29.676938225053483
2025-03-12 22:00:00,30.441618558594993
2025-03-12 23:00:00,30.650295847282205
2025-03-13 00:00:00,28.492022538545328
2025-03-13 01:00:00,28.0895730612509
2025-03-13 02:00:00,28.40191368852945
2025-03-13 03:00:00,28.653969708763405
2025-03-13 04:00:00,27.901901521466264
2025-03-13 05:00:00,28.37843498103189
2025-03-13 06:00:00,31.299235232496745
2025-03-13 07:00:00,30.403609715640915
2025-03-13 08:00:00,32.59536098968587
2025-03-13 09:00:00,32.332823451164046
2025-03-13 10:00:00,31.560135165752023
2025-03-13 11:00:00,32.339046310184074
2025-03-13 12:00:00,30.634678724801017
2025-03-13 13:00:00,32.25758292859655
2025-03-13 14:00:00,31.70366986819279
2025-03-13 15:00:00,31.49584123421012
2025-03-13 16:00:00,32.091789456076434
2025-03-13 17:00:00,32.1478549773967
2025-03-13 18:00:00,32.08285013606861
2025-03-13 19:00:00,30.146561203884268
2025-03-13 20:00:00,30.184754830699518
2025-03-13 21:00:00,30.296841491342157
2025-03-13 22:00:00,30.64067533084346
2025-03-13 23:00:00,28.76552281371956
2025-03-14 00:00:00,27.450110170499112
2025-03-14 01:00:00,27.573633927296793
2025-03-14 02:00:00,27.12474913830226
2025-03-14 03:00:00,29.197031729541866
2025-03-14 04:00:00,28.430741256264
2025-03-14 05:00:00,27.571041195786666
2025-03-14 06:00:00,30.653751238714214
2025-03-14 07:00:00,30.530982129595724
2025-03-14 08:00:00,32.28790342230721
2025-03-14 09:00:00,33.03795829549523
2025-03-14 10:00:00,32.34583885871497
2025-03-14 11:00:00,32.43298556919932
2025-03-14 12:00:00,32.27615229894786
2025-03-14 13:00:00,31.689025697082744
2025-03-14 14:00:00,31.567114250964387
2025-03-14 15:00:00,31.860071510061925
2025-03-14 16:00:00,32.57698299915924
2025-03-14 17:00:00,30.236717672477322
2025-03-14 18:00:00,33.306086266991244
2025-03-14 19:00:00,29.894366389309837
2025-03-14 20:00:00,30.727646687917282
2025-03-14 21:00:00,30.848598066205557
2025-03-14 22:00:00,31.09892065422866
2025-03-14 23:00:00,30.40159095483586
2025-03-15 00:00:00,25.31510257624379
2025-03-15 01:00:00,24.3955771260838
2025-03-15 02:00:00,26.263261291449197
2025-03-15 03:00:00,25.934134372720813
2025-03-15 04:00:00,26.59219847808717
2025-03-15 05:00:00,25.55059380823528
2025-03-15 06:00:00,26.69757476068215
2025-03-15 07:00:00,27.950417014772327
2025-03-15 08:00:00,29.02671389254529
2025-03-15 09:00:00,28.574771707733504
2025-03-15 10:00:00,29.523599986622315
2025-03-15 11:00:00,28.298591058788436
2025-03-15 12:00:00,28.523510759059143
2025-03-15 13:00:00,28.746170430633907
2025-03-15 14:00:00,29.456418974755916
2025-03-15 15:00:00,28.800360021881275
2025-03-15 16:00:00,29.414854760766573
2025-03-15 17:00:00,28.798498173559008
2025-03-15 18:00:00,28.061685248349097
2025-03-15 19:00:00,28.54183168500242
2025-03-15 20:00:00,27.208710710081522
2025-03-15 21:00:00,26.93992066156311
2025-03-15 22:00:00,27.143289523165265
2025-03-15 23:00:00,27.96289057795013
2025-03-16 00:00:00,24.719820877326267
2025-03-16 01:00:00,25.528727707974788
2025-03-16 02:00:00,24.808498525557567
2025-03-16 03:00:00,25.640062388820574
2025-03-16 04:00:00,24.93078460334514
2025-03-16 05:00:00,25.337898225169727
2025-03-16 06:00:00,27.374069410936304
2025-03-16 07:00:00,27.95247791320407
2025-03-16 08:00:00,29.21628806662441
2025-03-16 09:00:00,28.17209318765917
2025-03-16 10:00:00,28.204694579344533
2025-03-16 11:00:00,28.725227763882064
2025-03-16 12:00:00,29.080142741258953
2025-03-16 13:00:00,29.160691142188153
2025-03-16 14:00:00,28.44878310558772
2025-03-16 15:00:00,27.613320003666864
2025-03-16 16:00:00,30.284046007580507
2025-03-16 17:00:00,29.00559376996726
2025-03-16 18:00:00,27.10350608825947
2025-03-16 19:00:00,27.348097018974507
2025-03-16 20:00:00,27.445061749282804
2025-03-16 21:00:00,26.827668662865275
2025-03-16 22:00:00,25.858011835654715
2025-03-16 23:00:00,26.98168046776503
2025-03-17 00:00:00,27.531434229872612
2025-03-17 01:00:00,27.845803481833165
2025-03-17 02:00:00,28.885270737205047
2025-03-17 03:00:00,27.38708944796824
2025-03-17 04:00:00,28.3560774075957
2025-03-17 05:00:00,28.26007670534245
2025-03-17 06:00:00,31.5913037796123
2025-03-17 07:00:00,30.64737015435232
2025-03-17 08:00:00,31.780981754118304
2025-03-17 09:00:00,32.240414605235394
2025-03-17 10:00:00,29.914807385473207
2025-03-17 11:00:00,32.89886066254108
2025-03-17 12:00:00,31.205855899598777
2025-03-17 13:00:00,32.643499194042185
2025-03-17 14:00:00,32.11803319562769
2025-03-17 15:00:00,32.748865230650495
2025-03-17 16:00:00,30.967807226541677
2025-03-17 17:00:00,32.25444522254926
2025-03-17 18:00:00,30.89881249205036
2025-03-17 19:00:00,30.20916919931598
2025-03-17 20:00:00,30.31286046808649
2025-03-17 21:00:00,30.035578969001907
2025-03-17 22:00:00,30.00164506370874
2025-03-17 23:00:00,29.55371116573366
2025-03-18 00:00:00,28.750308411253652
2025-03-18 01:00:00,28.36128209282229
2025-03-18 02:00:00,28.026807457228657
2025-03-18 03:00:00,27.54960796961605
2025-03-18 04:00:00,27.361906284308915
2025-03-18 05:00:00,27.686239459391857
2025-03-18 06:00:00,31.683277398303144
2025-03-18 07:00:00,31.621809976241195
2025-03-18 08:00:00,33.06013947661762
2025-03-18 09:00:00,32.397723519162945
2025-03-18 10:00:00,32.8253587438074
2025-03-18 11:00:00,31.10114090211147
2025-03-18 12:00:00,31.158828499432133
2025-03-18 13:00:00,32.165398674601114
2025-03-18 14:00:00,31.8628124967584
2025-03-18 15:00:00,31.36089026191367
2025-03-18 16:00:00,32.501941706075
2025-03-18 17:00:00,32.057295398470714
2025-03-18 18:00:00,31.26922697460764
2025-03-18 19:00:00,30.82827353868058
2025-03-18 20:00:00,30.958125031092667
2025-03-18 21:00:00,30.62096281616418
2025-03-18 22:00:00,30.45103599635082
2025-03-18 23:00:00,30.886965597066094
2025-03-19 00:00:00,27.633919192850076
2025-03-19 01:00:00,27.648251453103942
2025-03-19 02:00:00,27.972248962309784
2025-03-19 03:00:00,28.1534020337756
2025-03-19 04:00:00,27.630529879014606
2025-03-19 05:00:00,27.61563266960352
2025-03-19 06:00:00,31.16539174170863
2025-03-19 07:00:00,30.75345848032588
2025-03-19 08:00:00,32.046403041607626
2025-03-19 09:00:00,32.26094866542302
2025-03-19 10:00:00,31.520633812007986
2025-03-19 11:00:00,31.76573193577485
2025-03-19 12:00:00,32.73840214312324
2025-03-19 13:00:00,31.14901969000779
2025-03-19 14:00:00,32.028037356395956
2025-03-19 15:00:00,32.364630373655025
2025-03-19 16:00:00,31.988845340610343
2025-03-19 17:00:00,31.650721807112497
2025-03-19 18:00:00,31.546034833877677
2025-03-19 19:00:00,30.106953753020445
2025-03-19 20:00:00,31.130964808446695
2025-03-19 21:00:00,30.242502688345585
2025-03-19 22:00:00,30.761912565983934
2025-03-19 23:00:00,31.504883600686295
2025-03-20 00:00:00,27.632418248506905
2025-03-20 01:00:00,28.198225279196002
2025-03-20 02:00:00,28.502543594607058
2025-03-20 03:00:00,28.5202803047031
2025-03-20 04:00:00,28.276609241067888
2025-03-20 05:00:00,28.358013677147312
2025-03-20 06:00:00,31.246707673401087
2025-03-20 07:00:00,30.130283044193767
2025-03-20 08:00:00,33.766799439786915
2025-03-20 09:00:00,31.659548136927217
2025-03-20 10:00:00,31.9184383312967
2025-03-20 11:00:00,31.785851784285633
2025-03-20 12:00:00,31.72030505574956
2025-03-20 13:00:00,32.36258024422507
2025-03-20 14:00:00,32.11873509462392
2025-03-20 15:00:00,32.280014133312
2025-03-20 16:00:00,32.200608202309375
2025-03-20 17:00:00,31.64487718824564
2025-03-20 18:00:00,32.0198672006937
2025-03-20 19:00:00,30.750964767897223
2025-03-20 20:00:00,30.327218452295263
2025-03-20 21:00:00,30.979431745003996
2025-03-20 22:00:00,30.484251131896702
2025-03-20 23:00:00,29.537963777457218
2025-03-21 00:00:00,27.4059476243509
2025-03-21 01:00:00,28.574768197695033
2025-03-21 02:00:00,28.90289442003777
2025-03-21 03:00:00,28.354598047984116
2025-03-21 04:00:00,28.096700811457673
2025-03-21 05:00:00,27.2722939615595
2025-03-21 06:00:00,30.44109651068407
2025-03-21 07:00:00,30.743284409781186
2025-03-21 08:00:00,32.05748325611417
2025-03-21 09:00:00,31.939451798338997
2025-03-21 10:00:00,30.993314315566664
2025-03-21 11:00:00,32.575387481298264
2025-03-21 12:00:00,31.83392211806779
2025-03-21 13:00:00,32.43157839684672
2025-03-21 14:00:00,32.708258057315206
2025-03-21 15:00:00,30.72637384792196
2025-03-21 16:00:00,32.33435087747643
2025-03-21 17:00:00,31.760103323210547
2025-03-21 18:00:00,32.81896092189842
2025-03-21 19:00:00,30.563868938711188
2025-03-21 20:00:00,29.50439387004318
2025-03-21 21:00:00,30.356251519618187
2025-03-21 22:00:00,30.29627825963873
2025-03-21 23:00:00,29.98374908694372
2025-03-22 00:00:00,24.160278431022583
2025-03-22 01:00:00,25.044168454013345
2025-03-22 02:00:00,24.120688162183686
2025-03-22 03:00:00,25.418570999583004
2025-03-22 04:00:00,25.180678520069133
2025-03-22 05:00:00,25.583902916526156
2025-03-22 06:00:00,27.84668514667244
2025-03-22 07:00:00,26.831557836039575
2025-03-22 08:00:00,29.058268052264005
2025-03-22 09:00:00,29.61432359775442
2025-03-22 10:00:00,28.81126667632052
2025-03-22 11:00:00,28.18349652796372
2025-03-22 12:00:00,28.815260434226253
2025-03-22 13:00:00,29.420163060616467
2025-03-22 14:00:00,28.215054994055098
2025-03-22 15:00:00,28.470431832074162
2025-03-22 16:00:00,28.54322853604895
2025-03-22 17:00:00,28.424684948485645
2025-03-22 18:00:00,28.961323310982234
2025-03-22 19:00:00,27.705465768646377
2025-03-22 20:00:00,26.90920924443557
2025-03-22 21:00:00,27.363899404601696
2025-03-22 22:00:00,27.3067430882573
2025-03-22 23:00:00,28.450344674221586
2025-03-23 00:00:00,25.917896301583877
2025-03-23 01:00:00,24.960797815744318
2025-03-23 02:00:00,24.387408165463032
2025-03-23 03:00:00,25.65362943153931
2025-03-23 04:00:00,26.114865748944194
2025-03-23 05:00:00,24.662491676180558
2025-03-23 06:00:00,26.999093029845326
2025-03-23 07:00:00,27.824017478900547
2025-03-23 08:00:00,28.428083257904248
2025-03-23 09:00:00,28.65004779324634
2025-03-23 10:00:00,29.067939636374703
2025-03-23 11:00:00,29.246994244573056
2025-03-23 12:00:00,28.266080107949094
2025-03-23 13:00:00,27.701890349802092
2025-03-23 14:00:00,30.207465120726283
2025-03-23 15:00:00,27.71401846923624
2025-03-23 16:00:00,28.10821559387095
2025-03-23 17:00:00,28.857234353595796
2025-03-23 18:00:00,28.37949477397767
2025-03-23 19:00:00,28.52647033429124
2025-03-23 20:00:00,27.689474846996266
2025-03-23 21:00:00,28.33481781849504
2025-03-23 22:00:00,28.02262966481907
2025-03-23 23:00:00,26.671005606573573
2025-03-24 00:00:00,27.143681097986107
2025-03-24 01:00:00,28.664058566228128
2025-03-24 02:00:00,28.484917025024338
2025-03-24 03:00:00,28.062662067734543
2025-03-24 04:00:00,27.038638504114065
2025-03-24 05:00:00,27.267837574325373
2025-03-24 06:00:00,29.86655992178911
2025-03-24 07:00:00,29.392364867941122
2025-03-24 08:00:00,32.039814026412905
2025-03-24 09:00:00,31.162565872290365
2025-03-24 10:00:00,32.169640590001215
2025-03-24 11:00:00,31.510504486218952
2025-03-24 12:00:00,31.21074242433257
2025-03-24 13:00:00,32.62046466406583
2025-03-24 14:00:00,32.262984367802886
2025-03-24 15:00:00,33.160935068823086
2025-03-24 16:00:00,31.210952663192305
2025-03-24 17:00:00,32.105035974247784
2025-03-24 18:00:00,32.98533800716998
2025-03-24 19:00:00,30.816585085124313
2025-03-24 20:00:00,30.126459263690837
2025-03-24 21:00:00,29.993049418501492
2025-03-24 22:00:00,31.525384263720113
2025-03-24 23:00:00,30.800602098020118
2025-03-25 00:00:00,28.47086562083825
2025-03-25 01:00:00,26.822156262802057
2025-03-25 02:00:00,28.08049328985096
2025-03-25 03:00:00,28.581266792656784
2025-03-25 04:00:00,27.928015880176353
2025-03-25 05:00:00,28.703401735853124
2025-03-25 06:00:00,31.493563890877716
2025-03-25 07:00:00,30.15792212259247
2025-03-25 08:00:00,32.75963985556167
2025-03-25 09:00:00,32.97982015326681
2025-03-25 10:00:00,32.548075521487995
2025-03-25 11:00:00,32.91994506647281
2025-03-25 12:00:00,32.89594636030045
2025-03-25 13:00:00,30.850406211027973
2025-03-25 14:00:00,32.868748349646175
2025-03-25 15:00:00,31.338266822650027
2025-03-25 16:00:00,32.3576941075005
2025-03-25 17:00:00,31.751937073680725
2025-03-25 18:00:00,31.81958099710048
2025-03-25 19:00:00,30.965670587267482
2025-03-25 20:00:00,30.67975113814424
2025-03-25 21:00:00,30.10522463339493
2025-03-25 22:00:00,29.66986118852187
2025-03-25 23:00:00,30.093642691694807
2025-03-26 00:00:00,28.654802125765016
2025-03-26 01:00:00,28.779556025390004
2025-03-26 02:00:00,27.90612372175243
2025-03-26 03:00:00,27.222899019362856
2025-03-26 04:00:00,27.978730595005192
2025-03-26 05:00:00,28.49204006981967
2025-03-26 06:00:00,30.227444975234647
2025-03-26 07:00:00,30.66038046292641
2025-03-26 08:00:00,32.82611502631334
2025-03-26 09:00:00,31.633675002108465
2025-03-26 10:00:00,31.930067559067957
2025-03-26 11:00:00,33.72035473501307
2025-03-26 12:00:00,32.604489244606675
2025-03-26 13:00:00,31.351845833438905
2025-03-26 14:00:00,32.420494334320345
2025-03-26 15:00:00,31.740919775408138
2025-03-26 16:00:00,31.401001809908863
2025-03-26 17:00:00,32.23099428773392
2025-03-26 18:00:00,32.658575310961155
2025-03-26 19:00:00,29.608755473258896
2025-03-26 20:00:00,31.620714075492923
2025-03-26 21:00:00,30.681845120910832
2025-03-26 22:00:00,31.133726755055644
2025-03-26 23:00:00,30.07630631142964
2025-03-27 00:00:00,27.753723835870357
2025-03-27 01:00:00,29.104610898736365
2025-03-27 02:00:00,28.43346149260773
2025-03-27 03:00:00,29.026958793427493
2025-03-27 04:00:00,28.285891887228388
2025-03-27 05:00:00,27.540217137194368
2025-03-27 06:00:00,30.804142847248254
2025-03-27 07:00:00,31.53212668923612
2025-03-27 08:00:00,32.793681237035344
2025-03-27 09:00:00,32.34551908955964
2025-03-27 10:00:00,31.320790085820974
2025-03-27 11:00:00,31.862366470246368
2025-03-27 12:00:00,30.493869014521405
2025-03-27 13:00:00,32.97504856878707
2025-03-27 14:00:00,32.59273410428025
2025-03-27 15:00:00,32.154649942992364
2025-03-27 16:00:00,31.444079585862443
2025-03-27 17:00:00,30.37916298525969
2025-03-27 18:00:00,32.14300633031473
2025-03-27 19:00:00,30.818191998802874
2025-03-27 20:00:00,31.700826293280365
2025-03-27 21:00:00,31.193666769979757
2025-03-27 22:00:00,29.900054579888167
2025-03-27 23:00:00,29.920337014252834
2025-03-28 00:00:00,28.577175779922584
2025-03-28 01:00:00,27.73456479219965
2025-03-28 02:00:00,28.97137162137285
2025-03-28 03:00:00,28.381287268896052
2025-03-28 04:00:00,27.259754922935773
2025-03-28 05:00:00,28.73806945039117
2025-03-28 06:00:00,30.137893992277117
2025-03-28 07:00:00,30.749066472913942
2025-03-28 08:00:00,31.294611807132245
2025-03-28 09:00:00,31.396565909068208
2025-03-28 10:00:00,32.01866800872192
2025-03-28 11:00:00,31.62276885085806
2025-03-28 12:00:00,32.42737569630928
2025-03-28 13:00:00,32.51839205174691
2025-03-28 14:00:00,32.475646283571315
2025-03-28 15:00:00,31.409384845438048
2025-03-28 16:00:00,31.805655555957586
2025-03-28 17:00:00,32.20418743343919
2025-03-28 18:00:00,32.8219321342683
2025-03-28 19:00:00,30.690568010776445
2025-03-28 20:00:00,29.058573598012824
2025-03-28 21:00:00,30.68988850150272
2025-03-28 22:00:00,29.684220479451728
2025-03-28 23:00:00,29.445214151262956
2025-03-29 00:00:00,25.73215469184122
2025-03-29 01:00:00,25.477920842649247
2025-03-29 02:00:00,25.53314780256058
2025-03-29 03:00:00,24.84751920687756
2025-03-29 04:00:00,24.71897185181306
2025-03-29 05:00:00,24.134134950599687
2025-03-29 06:00:00,27.138333774077292
2025-03-29 07:00:00,27.349002974645266
2025-03-29 08:00:00,29.647194792563802
2025-03-29 09:00:00,29.239543254123397
2025-03-29 10:00:00,29.415586798127986
2025-03-29 11:00:00,28.283499123953145
2025-03-29 12:00:00,28.702190117641273
2025-03-29 13:00:00,27.97852444812651
2025-03-29 14:00:00,29.368144620918414
2025-03-29 15:00:00,29.38877118833895
2025-03-29 16:00:00,29.333629062060115
2025-03-29 17:00:00,28.45761746454775
2025-03-29 18:00:00,28.970738166846406
2025-03-29 19:00:00,27.199387895019743
2025-03-29 20:00:00,27.281117084738096
2025-03-29 21:00:00,26.913760189945894
2025-03-29 22:00:00,27.699443949611815
2025-03-29 23:00:00,28.050578438460025
2025-03-30 00:00:00,25.028804228360517
2025-03-30 01:00:00,25.37172980332062
2025-03-30 02:00:00,25.366695386383054
2025-03-30 03:00:00,25.609391395818164
2025-03-30 04:00:00,24.563896801013293
2025-03-30 05:00:00,25.419848496107637
2025-03-30 06:00:00,26.962937137489178
2025-03-30 07:00:00,26.641872083263323
2025-03-30 08:00:00,28.295418852140788
2025-03-30 09:00:00,28.72038720759839
2025-03-30 10:00:00,28.319453107417242
2025-03-30 11:00:00,28.27973485532981
2025-03-30 12:00:00,28.258435162503982
2025-03-30 13:00:00,28.010723959750155
2025-03-30 14:00:00,27.986822556802437
2025-03-30 15:00:00,28.634534521633494
2025-03-30 16:00:00,28.757181301322365
2025-03-30 17:00:00,28.61793770594978
2025-03-30 18:00:00,28.11451812388642
2025-03-30 19:00:00,27.170319514898402
2025-03-30 20:00:00,27.808230555449438
2025-03-30 21:00:00,26.243504742845577
2025-03-30 22:00:00,26.33600989137635
2025-03-30 23:00:00,27.808124244999373
2025-03-31 00:00:00,27.81196305349097
2025-03-31 01:00:00,28.155354930893925
2025-03-31 02:00:00,27.806100821329668
2025-03-31 03:00:00,28.322438508142323
2025-03-31 04:00:00,28.00450685434852
2025-03-31 05:00:00,27.71092215736087
2025-03-31 06:00:00,31.301292539992588
2025-03-31 07:00:00,30.313694757154824
2025-03-31 08:00:00,33.074364967467666
2025-03-31 09:00:00,32.2029617573261
2025-03-31 10:00:00,31.30080706686191
2025-03-31 11:00:00,31.95178710173236
2025-03-31 12:00:00,31.07515912186117
2025-03-31 13:00:00,30.700371251114806
2025-03-31 14:00:00,32.138019609628756
2025-03-31 15:00:00,32.119482216779254
2025-03-31 16:00:00,32.361459835736255
2025-03-31 17:00:00,31.612337814864965
2025-03-31 18:00:00,31.93349358061416
2025-03-31 19:00:00,31.241626120706446
2025-03-31 20:00:00,30.095758518729962
2025-03-31 21:00:00,31.36854421334453
2025-03-31 22:00:00,30.17079969836669
2025-03-31 23:00:00,29.945736522003905
2025-04-01 00:00:00,28.73483759539918
2025-04-01 01:00:00,28.793238968158658
2025-04-01 02:00:00,27.613605401586582
2025-04-01 03:00:00,28.469801931288583
2025-04-01 04:00:00,27.99540136164544
2025-04-01 05:00:00,27.39960244634647
2025-04-01 06:00:00,30.61231871035241
2025-04-01 07:00:00,31.149614884816195
2025-04-01 08:00:00,31.807797065065735
2025-04-01 09:00:00,31.02457591938119
2025-04-01 10:00:00,31.669747158613056
2025-04-01 11:00:00,31.731551614824713
2025-04-01 12:00:00,31.588940856125223
2025-04-01 13:00:00,32.541977267370726
2025-04-01 14:00:00,32.19383074407136
2025-04-01 15:00:00,32.316221576843276
2025-04-01 16:00:00,32.3755200295991
2025-04-01 17:00:00,33.10379132541144
2025-04-01 18:00:00,31.514412152223663
2025-04-01 19:00:00,30.432506004332264
2025-04-01 20:00:00,29.652203981189793
2025-04-01 21:00:00,31.24053621728896
2025-04-01 22:00:00,29.884390551713906
2025-04-01 23:00:00,30.450700663392055
2025-04-02 00:00:00,28.306097187376484
2025-04-02 01:00:00,27.105449251429246
2025-04-02 02:00:00,28.120950012797753
2025-04-02 03:00:00,28.521776847172525
2025-04-02 04:00:00,27.938401310692687
2025-04-02 05:00:00,28.397905728837763
2025-04-02 06:00:00,30.287721950992434
2025-04-02 07:00:00,30.840753631306313
2025-04-02 08:00:00,30.968119314089485
2025-04-02 09:00:00,31.990777600313084
2025-04-02 10:00:00,31.178915304920366
2025-04-02 11:00:00,31.846259831293064
2025-04-02 12:00:00,32.16063427498631
2025-04-02 13:00:00,31.467150792687008
2025-04-02 14:00:00,31.472305388801285
2025-04-02 15:00:00,32.11155555469889
2025-04-02 16:00:00,32.430133372032664
2025-04-02 17:00:00,31.309565142408875
2025-04-02 18:00:00,31.60555549163618
2025-04-02 19:00:00,30.502245263634734
2025-04-02 20:00:00,30.076553769471612
2025-04-02 21:00:00,29.742981886050583
2025-04-02 22:00:00,30.370642455107273
2025-04-02 23:00:00,30.46585923449082
2025-04-03 00:00:00,27.59333746881537
2025-04-03 01:00:00,27.926966620991344
2025-04-03 02:00:00,28.24450116252263
2025-04-03 03:00:00,28.193673236715604
2025-04-03 04:00:00,27.667495344206433
2025-04-03 05:00:00,27.689945415954938
2025-04-03 06:00:00,30.168750199536007
2025-04-03 07:00:00,30.944202850869438
2025-04-03 08:00:00,31.31712466259528
2025-04-03 09:00:00,32.574354294790965
2025-04-03 10:00:00,32.65612169130215
2025-04-03 11:00:00,31.527776233434004
2025-04-03 12:00:00,31.648107738496023
2025-04-03 13:00:00,31.45371133659408
2025-04-03 14:00:00,31.99845382768071
2025-04-03 15:00:00,30.99579214726528
2025-04-03 16:00:00,32.50405304824676
2025-04-03 17:00:00,31.353865563123513
2025-04-03 18:00:00,32.84623413506582
2025-04-03 19:00:00,29.760938658310618
2025-04-03 20:00:00,30.88291386113455
2025-04-03 21:00:00,29.863934922241416
2025-04-03 22:00:00,30.17844611883423
2025-04-03 23:00:00,30.18126170077771
2025-04-04 00:00:00,26.713638092529465
2025-04-04 01:00:00,28.358571686691207
2025-04-04 02:00:00,27.84665424453271
2025-04-04 03:00:00,28.728561912423515
2025-04-04 04:00:00,27.649288227797317
2025-04-04 05:00:00,28.17623020633061
2025-04-04 06:00:00,29.903311444716614
2025-04-04 07:00:00,30.674104399649032
2025-04-04 08:00:00,31.810222088688217
2025-04-04 09:00:00,32.41768488672775
2025-04-04 10:00:00,31.750814663555417
2025-04-04 11:00:00,33.23736781792359
2025-04-04 12:00:00,31.33452698752113
2025-04-04 13:00:00,32.35376230940204
2025-04-04 14:00:00,32.821488293435756
2025-04-04 15:00:00,32.715729103575185
2025-04-04 16:00:00,32.30944675794462
2025-04-04 17:00:00,30.987945197195696
2025-04-04 18:00:00,31.410006434273395
2025-04-04 19:00:00,30.67954771935373
2025-04-04 20:00:00,30.288528405629634
2025-04-04 21:00:00,30.338014514333185
2025-04-04 22:00:00,30.17717799596714
2025-04-04 23:00:00,31.001316533163607
2025-04-05 00:00:00,25.307445055472055
2025-04-05 01:00:00,25.180981224076252
2025-04-05 02:00:00,25.654797387651957
2025-04-05 03:00:00,25.365618381596242
2025-04-05 04:00:00,25.198844112359154
2025-04-05 05:00:00,25.285706992697627
2025-04-05 06:00:00,27.435395746309425
2025-04-05 07:00:00,26.74988882645969
2025-04-05 08:00:00,28.295789158998982
2025-04-05 09:00:00,29.46705044516191
2025-04-05 10:00:00,28.57897120371346
2025-04-05 11:00:00,29.105399502769284
2025-04-05 12:00:00,28.453528575071545
2025-04-05 13:00:00,28.7923681699495
2025-04-05 14:00:00,28.75164120635079
2025-04-05 15:00:00,28.48074934157389
2025-04-05 16:00:00,29.319667754186604
2025-04-05 17:00:00,28.639519276041753
2025-04-05 18:00:00,28.861076387769522
2025-04-05 19:00:00,26.54028605021469
2025-04-05 20:00:00,27.175277315110588
2025-04-05 21:00:00,26.983550404787383
2025-04-05 22:00:00,27.569687968783168
2025-04-05 23:00:00,26.834545245392096
2025-04-06 00:00:00,25.872223565571364
2025-04-06 01:00:00,25.218884031221297
2025-04-06 02:00:00,25.254566930931382
2025-04-06 03:00:00,25.67817809595152
2025-04-06 04:00:00,25.138927264344225
2025-04-06 05:00:00,24.989019414150782
2025-04-06 06:00:00,27.355962806596114
2025-04-06 07:00:00,27.125916656467787
2025-04-06 08:00:00,29.091243009142794
2025-04-06 09:00:00,27.97394910977847
2025-04-06 10:00:00,29.615114401890786
2025-04-06 11:00:00,29.602388386259566
2025-04-06 12:00:00,29.27996768509086
2025-04-06 13:00:00,28.019788507277386
2025-04-06 14:00:00,28.722719066582332
2025-04-06 15:00:00,29.21348004808961
2025-04-06 16:00:00,29.82041265903328
2025-04-06 17:00:00,29.225195535957493
2025-04-06 18:00:00,28.67367619911758
2025-04-06 19:00:00,28.011246169093422
2025-04-06 20:00:00,27.779880298557504
2025-04-06 21:00:00,27.66003986204932
2025-04-06 22:00:00,26.65952346341238
2025-04-06 23:00:00,27.11119379836446
2025-04-07 00:00:00,27.07726230686332
2025-04-07 01:00:00,27.481363629432384
2025-04-07 02:00:00,27.216299124722624
2025-04-07 03:00:00,28.357638612266854
2025-04-07 04:00:00,28.01791331231523
2025-04-07 05:00:00,28.680285284355435
2025-04-07 06:00:00,30.439739554900886
2025-04-07 07:00:00,30.509379859159313
2025-04-07 08:00:00,31.958544183968304
2025-04-07 09:00:00,31.31909970913879
2025-04-07 10:00:00,31.84912433685295
2025-04-07 11:00:00,31.76034920617198
2025-04-07 12:00:00,34.06940619625975
2025-04-07 13:00:00,31.737011735569837
2025-04-07 14:00:00,32.10759684456564
2025-04-07 15:00:00,31.74523118741851
2025-04-07 16:00:00,33.051257554667025
2025-04-07 17:00:00,31.643211298328033
2025-04-07 18:00:00,32.907424938266786
2025-04-07 19:00:00,31.012989927174882
2025-04-07 20:00:00,30.91009201221244
2025-04-07 21:00:00,29.708471382206845
2025-04-07 22:00:00,29.80156024881944
2025-04-07 23:00:00,29.720962609694013
2025-04-08 00:00:00,27.814593821208746
2025-04-08 01:00:00,27.808343089166815
2025-04-08 02:00:00,27.196610395328246
2025-04-08 03:00:00,28.93584349130247
2025-04-08 04:00:00,27.858104893125088
2025-04-08 05:00:00,28.561944690867254
2025-04-08 06:00:00,29.580196311314854
2025-04-08 07:00:00,29.458147990884164
2025-04-08 08:00:00,32.34892103974927
2025-04-08 09:00:00,31.777884236478194
2025-04-08 10:00:00,32.13846081221649
2025-04-08 11:00:00,32.142115602744305
2025-04-08 12:00:00,31.75146611841623
2025-04-08 13:00:00,31.526755943251764
2025-04-08 14:00:00,31.49983701787119
2025-04-08 15:00:00,33.559954758841045
2025-04-08 16:00:00,32.27369710309628
2025-04-08 17:00:00,31.756194388374674
2025-04-08 18:00:00,31.99058645252008
2025-04-08 19:00:00,30.39357292478798
2025-04-08 20:00:00,30.81618434784567
2025-04-08 21:00:00,29.810657984459816
2025-04-08 22:00:00,32.66935476125646
2025-04-08 23:00:00,30.100669896969034
2025-04-09 00:00:00,27.362652510882032
2025-04-09 01:00:00,27.85072784799062
2025-04-09 02:00:00,27.819150107590623
2025-04-09 03:00:00,28.20455283528573
2025-04-09 04:00:00,28.475338602861253
2025-04-09 05:00:00,27.241036944622348
2025-04-09 06:00:00,30.642981961110156
2025-04-09 07:00:00,30.13573424525563
2025-04-09 08:00:00,31.744186974036054
2025-04-09 09:00:00,31.166671860434697
2025-04-09 10:00:00,32.1546532618601
2025-04-09 11:00:00,31.04013063614108
2025-04-09 12:00:00,32.34052150577926
2025-04-09 13:00:00,32.57160703161013
2025-04-09 14:00:00,32.22563068280281
2025-04-09 15:00:00,32.93458303080918
2025-04-09 16:00:00,32.24952225520883
2025-04-09 17:00:00,31.060329928072395
2025-04-09 18:00:00,31.540050347535274
2025-04-09 19:00:00,29.60373709581698
2025-04-09 20:00:00,30.31850211093283
2025-04-09 21:00:00,30.397867492641176
2025-04-09 22:00:00,31.802803903586504
2025-04-09 23:00:00,29.8216026202119
2025-04-10 00:00:00,28.15505528730527
2025-04-10 01:00:00,28.890906353705024
2025-04-10 02:00:00,28.04760445811321
2025-04-10 03:00:00,27.47121402500744
2025-04-10 04:00:00,27.764589086647852
2025-04-10 05:00:00,27.4757803923044
2025-04-10 06:00:00,30.06182996557526
2025-04-10 07:00:00,30.77774877754906
2025-04-10 08:00:00,32.47829778895506
2025-04-10 09:00:00,31.326204046065346
2025-04-10 10:00:00,32.51609627685332
2025-04-10 11:00:00,31.681968728369128
2025-04-10 12:00:00,31.63817843003067
2025-04-10 13:00:00,31.81113095216108
2025-04-10 14:00:00,32.97567718242562
2025-04-10 15:00:00,32.0982260980508
2025-04-10 16:00:00,32.60367350372096
2025-04-10 17:00:00,32.89755851026106
2025-04-10 18:00:00,31.257322642160446
2025-04-10 19:00:00,30.62055754224213
2025-04-10 20:00:00,31.743827111540988
2025-04-10 21:00:00,29.798778670053252
2025-04-10 22:00:00,30.155910026604015
2025-04-10 23:00:00,30.620434723380026
2025-04-11 00:00:00,27.874536768592684
2025-04-11 01:00:00,27.667553234016115
2025-04-11 02:00:00,27.016497028089322
2025-04-11 03:00:00,28.7598231689899
2025-04-11 04:00:00,27.93796424709393
2025-04-11 05:00:00,27.755562319367467
2025-04-11 06:00:00,30.245455224889632
2025-04-11 07:00:00,31.868613294302186
2025-04-11 08:00:00,32.69428054822043
2025-04-11 09:00:00,32.55760023313846
2025-04-11 10:00:00,32.0912309859899
2025-04-11 11:00:00,31.918994949882666
2025-04-11 12:00:00,31.888537842371605
2025-04-11 13:00:00,32.288644913768366
2025-04-11 14:00:00,32.594511723974826
2025-04-11 15:00:00,30.77624616491034
2025-04-11 16:00:00,31.424330629900567
2025-04-11 17:00:00,32.82355922852483
2025-04-11 18:00:00,31.849857400353322
2025-04-11 19:00:00,30.74234635401917
2025-04-11 20:00:00,30.854883600187513
2025-04-11 21:00:00,30.74537885768526
2025-04-11 22:00:00,29.024443096682745
2025-04-11 23:00:00,29.71514085154506
2025-04-12 00:00:00,25.093635807670715
2025-04-12 01:00:00,25.12468574404769
2025-04-12 02:00:00,24.999010164054653
2025-04-12 03:00:00,25.303174687927367
2025-04-12 04:00:00,25.303858752706468
2025-04-12 05:00:00,24.887815544652756
2025-04-12 06:00:00,28.205949545456285
2025-04-12 07:00:00,27.21972609347856
2025-04-12 08:00:00,28.328021050211753
2025-04-12 09:00:00,28.555363172192745
2025-04-12 10:00:00,28.878975447635508
2025-04-12 11:00:00,28.779528275741246
2025-04-12 12:00:00,28.244930632558635
2025-04-12 13:00:00,28.74779170158404
2025-04-12 14:00:00,28.084353960162858
2025-04-12 15:00:00,28.19189393310506
2025-04-12 16:00:00,29.017346205362305
2025-04-12 17:00:00,28.853038380257374
2025-04-12 18:00:00,28.789862916688747
2025-04-12 19:00:00,27.32806461522758
2025-04-12 20:00:00,28.049995093719794
2025-04-12 21:00:00,27.493829088239384
2025-04-12 22:00:00,28.21001001211145
2025-04-12 23:00:00,27.680667133246125
2025-04-13 00:00:00,25.499177268445575
2025-04-13 01:00:00,24.74382982297752
2025-04-13 02:00:00,25.15505672650984
2025-04-13 03:00:00,24.823445145379623
2025-04-13 04:00:00,24.556252276679476
2025-04-13 05:00:00,25.50926893127467
2025-04-13 06:00:00,27.46149297267026
2025-04-13 07:00:00,28.240184495290055
2025-04-13 08:00:00,27.915533019721153
2025-04-13 09:00:00,29.7337710942192
2025-04-13 10:00:00,27.00260744116041
2025-04-13 11:00:00,27.920781809707503
2025-04-13 12:00:00,29.180504082872943
2025-04-13 13:00:00,28.3507517676256
2025-04-13 14:00:00,28.66162668959325
2025-04-13 15:00:00,29.709333933617195
2025-04-13 16:00:00,28.14009921520217
2025-04-13 17:00:00,28.41674913044465
2025-04-13 18:00:00,29.434686278107865
2025-04-13 19:00:00,27.194370063923536
2025-04-13 20:00:00,28.404114141762076
2025-04-13 21:00:00,27.029748751714717
2025-04-13 22:00:00,27.06265832426225
2025-04-13 23:00:00,27.868078943604733
2025-04-14 00:00:00,27.73017431808054
2025-04-14 01:00:00,28.240981379047724
2025-04-14 02:00:00,27.587945103255013
2025-04-14 03:00:00,27.009176410841285
2025-04-14 04:00:00,27.116889996266362
2025-04-14 05:00:00,28.493513219808776
2025-04-14 06:00:00,30.063155159306955
2025-04-14 07:00:00,29.46894096770097
2025-04-14 08:00:00,32.439017764613155
2025-04-14 09:00:00,32.6172075091008
2025-04-14 10:00:00,32.753442534040545
2025-04-14 11:00:00,31.767554992736564
2025-04-14 12:00:00,32.12555665387345
2025-04-14 13:00:00,31.59558244067956
2025-04-14 14:00:00,31.365291175736
2025-04-14 15:00:00,31.63182862186352
2025-04-14 16:00:00,32.633182837514966
2025-04-14 17:00:00,32.50967510917718
2025-04-14 18:00:00,32.18638275595935
2025-04-14 19:00:00,29.14777338854105
2025-04-14 20:00:00,30.676510127989047
2025-04-14 21:00:00,29.631630056650174
2025-04-14 22:00:00,31.02504074630143
2025-04-14 23:00:00,30.37820812920623
2025-04-15 00:00:00,27.25671617939159
2025-04-15 01:00:00,27.651541441646287
2025-04-15 02:00:00,28.138903591832207
2025-04-15 03:00:00,28.109065205399226
2025-04-15 04:00:00,27.75597483897096
2025-04-15 05:00:00,28.45358413330698
2025-04-15 06:00:00,30.124676441019272
2025-04-15 07:00:00,30.024505210149663
2025-04-15 08:00:00,31.472280077141885
2025-04-15 09:00:00,32.88589260948637
2025-04-15 10:00:00,32.20944718971669
2025-04-15 11:00:00,32.29394631186489
2025-04-15 12:00:00,32.403156563343394
2025-04-15 13:00:00,32.06872788728172
2025-04-15 14:00:00,32.135219473285076
2025-04-15 15:00:00,31.23176300916319
2025-04-15 16:00:00,30.995380230214497
2025-04-15 17:00:00,32.61500088336634
2025-04-15 18:00:00,31.9887663189554
2025-04-15 19:00:00,30.634986861254582
2025-04-15 20:00:00,31.363661391804836
2025-04-15 21:00:00,29.981431776243447
2025-04-15 22:00:00,29.461591669837755
2025-04-15 23:00:00,31.103292437587914
2025-04-16 00:00:00,27.820180748841075
2025-04-16 01:00:00,28.217795344359665
2025-04-16 02:00:00,27.820516424335597
2025-04-16 03:00:00,27.32477658639267
2025-04-16 04:00:00,27.851816766840958
2025-04-16 05:00:00,27.116631015585064
2025-04-16 06:00:00,30.67268919579153
2025-04-16 07:00:00,30.455765913396732
2025-04-16 08:00:00,31.763994634963844
2025-04-16 09:00:00,31.113025380431623
2025-04-16 10:00:00,31.61028383692571
2025-04-16 11:00:00,31.901207547953916
2025-04-16 12:00:00,32.14889751694221
2025-04-16 13:00:00,33.25322878935574
2025-04-16 14:00:00,31.854635760951428
2025-04-16 15:00:00,32.85350313031087
2025-04-16 16:00:00,31.170615967414903
2025-04-16 17:00:00,31.724925094013816
2025-04-16 18:00:00,32.20782040574914
2025-04-16 19:00:00,30.438965222887646
2025-04-16 20:00:00,30.6636831022284
2025-04-16 21:00:00,30.894512398705498
2025-04-16 22:00:00,29.304508015422105
2025-04-16 23:00:00,30.141132654235324
2025-04-17 00:00:00,27.16202442073964
2025-04-17 01:00:00,27.951999017578455
2025-04-17 02:00:00,28.67237222263051
2025-04-17 03:00:00,27.875632181715265
2025-04-17 04:00:00,28.110007749728343
2025-04-17 05:00:00,28.0111659247292
2025-04-17 06:00:00,30.519508253657868
2025-04-17 07:00:00,29.799203417572922
2025-04-17 08:00:00,32.97504251478776
2025-04-17 09:00:00,32.46277839696316
2025-04-17 10:00:00,31.37881891152023
2025-04-17 11:00:00,31.56797774455968
2025-04-17 12:00:00,31.753345127451002
2025-04-17 13:00:00,32.177356199805565
2025-04-17 14:00:00,32.3130903056253
2025-04-17 15:00:00,31.435616797534944
2025-04-17 16:00:00,31.35463253635871
2025-04-17 17:00:00,32.23805736630505
2025-04-17 18:00:00,31.198141050609888
2025-04-17 19:00:00,30.79317162920795
2025-04-17 20:00:00,29.711474612766857
2025-04-17 21:00:00,30.818925942756497
2025-04-17 22:00:00,29.916019450331714
2025-04-17 23:00:00,30.464144751931876
2025-04-18 00:00:00,28.599791310633986
2025-04-18 01:00:00,27.176690179938177
2025-04-18 02:00:00,27.970700859463445
2025-04-18 03:00:00,26.949933837737905
2025-04-18 04:00:00,26.963464792126757
2025-04-18 05:00:00,28.99697425512485
2025-04-18 06:00:00,30.732815049101866
2025-04-18 07:00:00,30.068460655073665
2025-04-18 08:00:00,31.16630290657557
2025-04-18 09:00:00,32.810637839031685
2025-04-18 10:00:00,31.966615486959924
2025-04-18 11:00:00,31.90737016086897
2025-04-18 12:00:00,31.45854482232546
2025-04-18 13:00:00,32.76652743428316
2025-04-18 14:00:00,31.828779098784057
2025-04-18 15:00:00,31.94487249272825
2025-04-18 16:00:00,31.74467294492473
2025-04-18 17:00:00,32.13216762036882
2025-04-18 18:00:00,31.379260631012183
2025-04-18 19:00:00,31.06358776078606
2025-04-18 20:00:00,30.22454874450412
2025-04-18 21:00:00,30.591465127865593
2025-04-18 22:00:00,29.700215909949492
2025-04-18 23:00:00,29.81870110370682
2025-04-19 00:00:00,25.137453469587964
2025-04-19 01:00:00,25.50445085922003
2025-04-19 02:00:00,24.921610128253263
2025-04-19 03:00:00,25.085751698972174
2025-04-19 04:00:00,26.26704121359806
2025-04-19 05:00:00,25.553590493902078
2025-04-19 06:00:00,27.180097201057844
2025-04-19 07:00:00,27.88719833700363
2025-04-19 08:00:00,29.304133693548543
2025-04-19 09:00:00,29.5871250491865
2025-04-19 10:00:00,28.45462117567179
2025-04-19 11:00:00,28.70677814570712
2025-04-19 12:00:00,29.927000265771568
2025-04-19 13:00:00,29.062863316428533
2025-04-19 14:00:00,29.068975019076134
2025-04-19 15:00:00,28.59688139210085
2025-04-19 16:00:00,28.918949460502215
2025-04-19 17:00:00,28.928564440895364
2025-04-19 18:00:00,29.521627095994358
2025-04-19 19:00:00,27.623168799427898
2025-04-19 20:00:00,27.57011120773815
2025-04-19 21:00:00,27.53830327195801
2025-04-19 22:00:00,27.578099534399527
2025-04-19 23:00:00,27.74152375289012
2025-04-20 00:00:00,25.04042144402416
2025-04-20 01:00:00,25.743393573233657
2025-04-20 02:00:00,24.966264495641216
2025-04-20 03:00:00,24.400292941382
2025-04-20 04:00:00,24.594978918391288
2025-04-20 05:00:00,25.615025474138793
2025-04-20 06:00:00,27.356911013897864
2025-04-20 07:00:00,28.01746844489194
2025-04-20 08:00:00,29.53233220658595
2025-04-20 09:00:00,28.61203764966601
2025-04-20 10:00:00,27.769250685354947
2025-04-20 11:00:00,29.78458634499411
2025-04-20 12:00:00,28.768012839141306
2025-04-20 13:00:00,29.225285026361387
2025-04-20 14:00:00,28.87804698503486
2025-04-20 15:00:00,28.599674377608718
2025-04-20 16:00:00,29.569303112610047
2025-04-20 17:00:00,28.190059403755416
2025-04-20 18:00:00,29.040123689558555
2025-04-20 19:00:00,27.94649292301104
2025-04-20 20:00:00,27.540416142815648
2025-04-20 21:00:00,27.472228016585333
2025-04-20 22:00:00,26.5566985647686
2025-04-20 23:00:00,27.67398611709688
2025-04-21 00:00:00,28.37252477586461
2025-04-21 01:00:00,26.83295033139637
2025-04-21 02:00:00,27.822128456075326
2025-04-21 03:00:00,27.972715678496773
2025-04-21 04:00:00,27.83401377794036
2025-04-21 05:00:00,28.462301960477387
2025-04-21 06:00:00,30.84719320622798
2025-04-21 07:00:00,30.708151653077746
2025-04-21 08:00:00,31.984196007092375
2025-04-21 09:00:00,31.78312523760256
2025-04-21 10:00:00,32.27592504107589
2025-04-21 11:00:00,32.48095750705202
2025-04-21 12:00:00,32.07845415252876
2025-04-21 13:00:00,32.87727994775853
2025-04-21 14:00:00,31.64594597390338
2025-04-21 15:00:00,31.58463860610551
2025-04-21 16:00:00,32.16399580690639
2025-04-21 17:00:00,30.824072150362834
2025-04-21 18:00:00,32.010767599647245
2025-04-21 19:00:00,29.70256479737142
2025-04-21 20:00:00,30.508627712049964
2025-04-21 21:00:00,31.613386213986075
2025-04-21 22:00:00,30.530131471853103
2025-04-21 23:00:00,31.405890393045347
2025-04-22 00:00:00,28.274073195420048
2025-04-22 01:00:00,28.67907437837859
2025-04-22 02:00:00,28.251445984505033
2025-04-22 03:00:00,28.201378072054297
2025-04-22 04:00:00,28.27240854004498
2025-04-22 05:00:00,28.71880036552291
2025-04-22 06:00:00,30.839686418505867
2025-04-22 07:00:00,30.7246870808565
2025-04-22 08:00:00,31.732159635461137
2025-04-22 09:00:00,31.462100407148437
2025-04-22 10:00:00,31.426980353114306
2025-04-22 11:00:00,31.84701965015401
2025-04-22 12:00:00,32.30205315753016
2025-04-22 13:00:00,31.440629013529897
2025-04-22 14:00:00,32.68543309857837
2025-04-22 15:00:00,31.062616810550793
2025-04-22 16:00:00,31.63041658979419
2025-04-22 17:00:00,31.419960385851475
2025-04-22 18:00:00,31.51512229410259
2025-04-22 19:00:00,30.96525354714245
2025-04-22 20:00:00,30.08512730415848
2025-04-22 21:00:00,31.59913848180831
2025-04-22 22:00:00,30.647472261731604
2025-04-22 23:00:00,31.26780055982002
2025-04-23 00:00:00,28.62244999319233
2025-04-23 01:00:00,27.48465001519635
2025-04-23 02:00:00,27.643099058600438
2025-04-23 03:00:00,28.73255978679842
2025-04-23 04:00:00,28.225221619475406
2025-04-23 05:00:00,27.979220628641034
2025-04-23 06:00:00,30.330379772666127
2025-04-23 07:00:00,30.977855311331634
2025-04-23 08:00:00,31.260043399019935
2025-04-23 09:00:00,32.19824565504457
2025-04-23 10:00:00,31.84600506840336
2025-04-23 11:00:00,33.17451882409707
2025-04-23 12:00:00,31.724639501655183
2025-04-23 13:00:00,31.806075034307113
2025-04-23 14:00:00,31.986769724812216
2025-04-23 15:00:00,31.473290905274084
2025-04-23 16:00:00,32.180545255019894
2025-04-23 17:00:00,30.60204466838657
2025-04-23 18:00:00,32.222079471183406
2025-04-23 19:00:00,31.443854710087344
2025-04-23 20:00:00,29.384241214408213
2025-04-23 21:00:00,30.058876983094244
2025-04-23 22:00:00,30.35750622969745
2025-04-23 23:00:00,32.18610780760646
2025-04-24 00:00:00,27.191678655480395
2025-04-24 01:00:00,28.207911961442317
2025-04-24 02:00:00,28.613688211268823
2025-04-24 03:00:00,27.477128965589753
2025-04-24 04:00:00,26.89229383537097
2025-04-24 05:00:00,28.072222806751423
2025-04-24 06:00:00,30.165226924791405
2025-04-24 07:00:00,31.196302827785118
2025-04-24 08:00:00,31.15255598591662
2025-04-24 09:00:00,33.22872272321202
2025-04-24 10:00:00,30.996888344914748
2025-04-24 11:00:00,31.247517653167204
2025-04-24 12:00:00,32.39208454853371
2025-04-24 13:00:00,32.131745518845214
2025-04-24 14:00:00,31.123387939921415
2025-04-24 15:00:00,31.792531919265357
2025-04-24 16:00:00,31.70461901729655
2025-04-24 17:00:00,30.914609885025403
2025-04-24 18:00:00,31.91732083478451
2025-04-24 19:00:00,31.4319967324586
2025-04-24 20:00:00,31.588851279121958
2025-04-24 21:00:00,30.413272104021882
2025-04-24 22:00:00,30.656935760242906
2025-04-24 23:00:00,30.073074988635337
2025-04-25 00:00:00,27.74814551306673
2025-04-25 01:00:00,27.815092403362073
2025-04-25 02:00:00,27.393512128708338
2025-04-25 03:00:00,28.65001465343548
2025-04-25 04:00:00,28.32359869020353
2025-04-25 05:00:00,28.224989695535772
2025-04-25 06:00:00,30.212560226583175
2025-04-25 07:00:00,30.613148651354066
2025-04-25 08:00:00,32.46256982506821
2025-04-25 09:00:00,32.08871893799871
2025-04-25 10:00:00,31.52176497882356
2025-04-25 11:00:00,30.724287403097648
2025-04-25 12:00:00,33.19196872221849
2025-04-25 13:00:00,31.543286912963197
2025-04-25 14:00:00,33.71071791117235
2025-04-25 15:00:00,32.448989937055984
2025-04-25 16:00:00,32.558506527328284
2025-04-25 17:00:00,32.181448654392135
2025-04-25 18:00:00,31.92446892485485
2025-04-25 19:00:00,31.47851231698928
2025-04-25 20:00:00,32.27019425521117
2025-04-25 21:00:00,29.80811300210953
2025-04-25 22:00:00,30.53476378446632
2025-04-25 23:00:00,30.51564504110476
2025-04-26 00:00:00,25.10289976789731
2025-04-26 01:00:00,25.337086403118025
2025-04-26 02:00:00,24.527610658918405
2025-04-26 03:00:00,25.175367100490188
2025-04-26 04:00:00,24.97954247996231
2025-04-26 05:00:00,25.072099750023973
2025-04-26 06:00:00,26.87430879525427
2025-04-26 07:00:00,27.30881602085817
2025-04-26 08:00:00,28.203725721502977
2025-04-26 09:00:00,28.536852728650953
2025-04-26 10:00:00,29.148671359283007
2025-04-26 11:00:00,28.51655606065228
2025-04-26 12:00:00,28.44305109087188
2025-04-26 13:00:00,29.001676841786917
2025-04-26 14:00:00,28.344886200451015
2025-04-26 15:00:00,28.971644953027376
2025-04-26 16:00:00,28.083939939388955
2025-04-26 17:00:00,29.079908918273844
2025-04-26 18:00:00,29.98750064008444
2025-04-26 19:00:00,27.114449975511235
2025-04-26 20:00:00,27.806332313214263
2025-04-26 21:00:00,27.059528190374166
2025-04-26 22:00:00,27.027032427084773
2025-04-26 23:00:00,28.136220590832895
2025-04-27 00:00:00,24.724124451463457
2025-04-27 01:00:00,25.24748482372242
2025-04-27 02:00:00,26.2203177135549
2025-04-27 03:00:00,26.257985488644383
2025-04-27 04:00:00,25.101984715671357
2025-04-27 05:00:00,25.24573204800947
2025-04-27 06:00:00,27.92713092343286
2025-04-27 07:00:00,26.54110034243338
2025-04-27 08:00:00,29.2601901908251
2025-04-27 09:00:00,29.1625859299566
2025-04-27 10:00:00,27.936803764846594
2025-04-27 11:00:00,28.387981245626914
2025-04-27 12:00:00,28.75358253911333
2025-04-27 13:00:00,28.966148816564395
2025-04-27 14:00:00,30.33953816794128
2025-04-27 15:00:00,28.841249342885256
2025-04-27 16:00:00,28.171029975614424
2025-04-27 17:00:00,28.48508544032376
2025-04-27 18:00:00,28.87420569056067
2025-04-27 19:00:00,26.61026186197485
2025-04-27 20:00:00,27.88456602939162
2025-04-27 21:00:00,27.104179694163
2025-04-27 22:00:00,27.475182580407076
2025-04-27 23:00:00,27.84194039888476
2025-04-28 00:00:00,28.10622789569765
2025-04-28 01:00:00,28.22178621677917
2025-04-28 02:00:00,28.236813770389222
2025-04-28 03:00:00,28.207998497514915
2025-04-28 04:00:00,28.397939016237597
2025-04-28 05:00:00,27.239382327306576
2025-04-28 06:00:00,28.94587073461664
2025-04-28 07:00:00,31.0070501407972
2025-04-28 08:00:00,32.32320029021903
2025-04-28 09:00:00,31.68295590548023
2025-04-28 10:00:00,32.091833894792195
2025-04-28 11:00:00,32.23507079277406
2025-04-28 12:00:00,32.18861840564105
2025-04-28 13:00:00,32.56451964187509
2025-04-28 14:00:00,32.38806617926441
2025-04-28 15:00:00,31.38440367171986
2025-04-28 16:00:00,31.449587713458218
2025-04-28 17:00:00,31.960485064840306
2025-04-28 18:00:00,32.4991456583712
2025-04-28 19:00:00,31.716572164311575
2025-04-28 20:00:00,29.625515316001515
2025-04-28 21:00:00,30.43810936538144
2025-04-28 22:00:00,30.295809645426235
2025-04-28 23:00:00,29.50612956323132
2025-04-29 00:00:00,28.09420117536168
2025-04-29 01:00:00,28.586655366145116
2025-04-29 02:00:00,27.121039619634352
2025-04-29 03:00:00,28.313217882709516
2025-04-29 04:00:00,27.933299400508886
2025-04-29 05:00:00,28.167706106422102
2025-04-29 06:00:00,30.062841840038192
2025-04-29 07:00:00,29.91834568007833
2025-04-29 08:00:00,33.09998932760248
2025-04-29 09:00:00,31.345993960059854
2025-04-29 10:00:00,31.893954906838538
2025-04-29 11:00:00,31.804367809684496
2025-04-29 12:00:00,32.464739816659566
2025-04-29 13:00:00,32.01736822606725
2025-04-29 14:00:00,31.63836174236146
2025-04-29 15:00:00,31.669667781354246
2025-04-29 16:00:00,31.492202755817317
2025-04-29 17:00:00,31.442350594288857
2025-04-29 18:00:00,31.91840281224175
2025-04-29 19:00:00,29.882017794239687
2025-04-29 20:00:00,31.222560310429724
2025-04-29 21:00:00,30.832948934292308
2025-04-29 22:00:00,30.754786309064706
2025-04-29 23:00:00,30.764484666315028
2025-04-30 00:00:00,27.326837007920723
2025-04-30 01:00:00,28.891137545961705
2025-04-30 02:00:00,28.17471949109103
2025-04-30 03:00:00,27.205915314411943
2025-04-30 04:00:00,28.678118813898447
2025-04-30 05:00:00,27.48078275021555
2025-04-30 06:00:00,31.05300080695423
2025-04-30 07:00:00,31.01612398066693
2025-04-30 08:00:00,32.71210375949877
2025-04-30 09:00:00,32.175714714847665
2025-04-30 10:00:00,32.23152852610723
2025-04-30 11:00:00,32.873796892512146
2025-04-30 12:00:00,31.08552184175351
2025-04-30 13:00:00,31.6330469300578
2025-04-30 14:00:00,32.70206502812691
2025-04-30 15:00:00,31.156530554139007
2025-04-30 16:00:00,33.07246967880828
2025-04-30 17:00:00,31.50404747609306
2025-04-30 18:00:00,33.37708774044301
2025-04-30 19:00:00,30.315074840682936
2025-04-30 20:00:00,30.045462227199533
2025-04-30 21:00:00,29.250888188399
2025-04-30 22:00:00,30.864367637343644
2025-04-30 23:00:00,30.78105497084835
2025-05-01 00:00:00,27.587066907111424
2025-05-01 01:00:00,28.00445605631605
2025-05-01 02:00:00,28.020252248064192
2025-05-01 03:00:00,28.059809485645708
2025-05-01 04:00:00,28.102785395170557
2025-05-01 05:00:00,27.674831225489086
2025-05-01 06:00:00,31.118866299680793
2025-05-01 07:00:00,30.039132309029736
2025-05-01 08:00:00,32.45581650130252
2025-05-01 09:00:00,31.499236311089074
2025-05-01 10:00:00,31.634005986803096
2025-05-01 11:00:00,31.510960466786976
2025-05-01 12:00:00,31.56314638758077
2025-05-01 13:00:00,31.70328502140631
2025-05-01 14:00:00,31.5536227561433
2025-05-01 15:00:00,32.245136498268735
2025-05-01 16:00:00,31.89113502045697
2025-05-01 17:00:00,32.66386848729583
2025-05-01 18:00:00,31.68993269705976
2025-05-01 19:00:00,30.728106626483093
2025-05-01 20:00:00,31.173574070762264
2025-05-01 21:00:00,30.53812969915777
2025-05-01 22:00:00,30.995217575813896
2025-05-01 23:00:00,31.50682668064618
2025-05-02 00:00:00,27.336430183067414
2025-05-02 01:00:00,28.25990003100553
2025-05-02 02:00:00,27.518857484599668
2025-05-02 03:00:00,27.858074261205214
2025-05-02 04:00:00,27.931501874439967
2025-05-02 05:00:00,28.15307469180055
2025-05-02 06:00:00,31.222226554896015
2025-05-02 07:00:00,29.896794469332477
2025-05-02 08:00:00,31.80971767133858
2025-05-02 09:00:00,31.72881993202888
2025-05-02 10:00:00,30.994844842346733
2025-05-02 11:00:00,32.392412984227875
2025-05-02 12:00:00,31.40379051107011
2025-05-02 13:00:00,32.17730558456195
2025-05-02 14:00:00,31.796016356631114
2025-05-02 15:00:00,31.7114620372779
2025-05-02 16:00:00,31.966921972503894
2025-05-02 17:00:00,31.765265126363886
2025-05-02 18:00:00,31.796227428939822
2025-05-02 19:00:00,31.15580277509633
2025-05-02 20:00:00,28.949747497277762
2025-05-02 21:00:00,30.9319774947056
2025-05-02 22:00:00,29.75461488412789
2025-05-02 23:00:00,30.835975209898372
2025-05-03 00:00:00,26.060037437615758
2025-05-03 01:00:00,26.350727179542346
2025-05-03 02:00:00,24.96612766235065
2025-05-03 03:00:00,25.255824353356367
2025-05-03 04:00:00,25.22352121944448
2025-05-03 05:00:00,25.398619712276933
2025-05-03 06:00:00,27.803759683086103
2025-05-03 07:00:00,27.969300772424376
2025-05-03 08:00:00,29.700130473387233
2025-05-03 09:00:00,28.79595239634694
2025-05-03 10:00:00,28.437170464999767
2025-05-03 11:00:00,28.24704449503358
2025-05-03 12:00:00,28.146695299078136
2025-05-03 13:00:00,29.958278470457234
2025-05-03 14:00:00,28.919238495976117
2025-05-03 15:00:00,29.919440385122023
2025-05-03 16:00:00,28.495336083591447
2025-05-03 17:00:00,29.020404336495204
2025-05-03 18:00:00,28.185319599319353
2025-05-03 19:00:00,27.362661560228208
2025-05-03 20:00:00,27.320782907965594
2025-05-03 21:00:00,27.254184589267567
2025-05-03 22:00:00,27.770091973463078
2025-05-03 23:00:00,27.82630612625117
2025-05-04 00:00:00,24.90122721558725
2025-05-04 01:00:00,25.00328249585789
2025-05-04 02:00:00,25.005305402072246
2025-05-04 03:00:00,24.65682577325489
2025-05-04 04:00:00,24.73926436661741
2025-05-04 05:00:00,24.75481683725587
2025-05-04 06:00:00,27.118948728295383
2025-05-04 07:00:00,28.166978883055005
2025-05-04 08:00:00,28.26378408397825
2025-05-04 09:00:00,28.284486883784307
2025-05-04 10:00:00,28.616023410501864
2025-05-04 11:00:00,28.739213722737862
2025-05-04 12:00:00,28.740036889783152
2025-05-04 13:00:00,28.571673140362027
2025-05-04 14:00:00,28.017094818037023
2025-05-04 15:00:00,28.199667595628593
2025-05-04 16:00:00,29.755795073431532
2025-05-04 17:00:00,28.837436439416944
2025-05-04 18:00:00,29.228756649365526
2025-05-04 19:00:00,27.616761567825332
2025-05-04 20:00:00,27.726384427260175
2025-05-04 21:00:00,27.911641117490348
2025-05-04 22:00:00,27.394662377712535
2025-05-04 23:00:00,27.239258952872696
2025-05-05 00:00:00,27.868940973322374
2025-05-05 01:00:00,27.782316776878293
2025-05-05 02:00:00,27.80923876751618
2025-05-05 03:00:00,27.83322749597516
2025-05-05 04:00:00,28.056696331253903
2025-05-05 05:00:00,27.862760488429057
2025-05-05 06:00:00,30.379342016399885
2025-05-05 07:00:00,29.90029118460523
2025-05-05 08:00:00,30.9651279447634
2025-05-05 09:00:00,32.56695222168414
2025-05-05 10:00:00,32.24499784393884
2025-05-05 11:00:00,31.790615399717616
2025-05-05 12:00:00,32.497311993390966
2025-05-05 13:00:00,31.29793739741874
2025-05-05 14:00:00,31.81690441758043
2025-05-05 15:00:00,31.19348996512339
2025-05-05 16:00:00,32.57304168842843
2025-05-05 17:00:00,31.314165014716735
2025-05-05 18:00:00,31.4101334848722
2025-05-05 19:00:00,30.20577738190966
2025-05-05 20:00:00,30.136520297699
2025-05-05 21:00:00,30.371294811837764
2025-05-05 22:00:00,30.305826500100345
2025-05-05 23:00:00,31.362516676819258
2025-05-06 00:00:00,27.102028356263855
2025-05-06 01:00:00,28.366834081440604
2025-05-06 02:00:00,28.41240338525881
2025-05-06 03:00:00,29.00181966439601
2025-05-06 04:00:00,27.48330857277216
2025-05-06 05:00:00,27.80457616512744
2025-05-06 06:00:00,29.747770492489327
2025-05-06 07:00:00,30.86900690306636
2025-05-06 08:00:00,31.69065487738226
2025-05-06 09:00:00,32.03497004590161
2025-05-06 10:00:00,32.64306695390245
2025-05-06 11:00:00,31.67488183474944
2025-05-06 12:00:00,31.27381422640761
2025-05-06 13:00:00,32.01127555754817
2025-05-06 14:00:00,32.30552722226548
2025-05-06 15:00:00,31.453387747176144
2025-05-06 16:00:00,32.254376392176034
2025-05-06 17:00:00,32.414363295417864
2025-05-06 18:00:00,32.093996252910095
2025-05-06 19:00:00,31.20775622856045
2025-05-06 20:00:00,30.760235133893836
2025-05-06 21:00:00,30.251984092069087
2025-05-06 22:00:00,30.903523339240916
2025-05-06 23:00:00,30.923566638138052
2025-05-07 00:00:00,28.619449211212842
2025-05-07 01:00:00,28.47643703631338
2025-05-07 02:00:00,27.80480011312423
2025-05-07 03:00:00,27.354170398878143
2025-05-07 04:00:00,27.7236168136496
2025-05-07 05:00:00,28.672824276536907
2025-05-07 06:00:00,29.427302323564412
2025-05-07 07:00:00,30.170785580925568
2025-05-07 08:00:00,32.47861048789955
2025-05-07 09:00:00,32.30527304205074
2025-05-07 10:00:00,32.814999873697516
2025-05-07 11:00:00,32.13114172334886
2025-05-07 12:00:00,34.19911800438658
2025-05-07 13:00:00,32.42371188012099
2025-05-07 14:00:00,31.40760054348305
2025-05-07 15:00:00,31.7799840302537
2025-05-07 16:00:00,31.291943039495823
2025-05-07 17:00:00,31.463190866151464
2025-05-07 18:00:00,32.15093541508273
2025-05-07 19:00:00,30.39289969050147
2025-05-07 20:00:00,31.106660796541032
2025-05-07 21:00:00,31.017067181331885
2025-05-07 22:00:00,31.105836270728883
2025-05-07 23:00:00,30.529415239704953
2025-05-08 00:00:00,28.258418845796008
2025-05-08 01:00:00,28.199265813666877
2025-05-08 02:00:00,28.978499989299394
2025-05-08 03:00:00,28.060437713479242
2025-05-08 04:00:00,28.96201232074843
2025-05-08 05:00:00,27.653653947679917
2025-05-08 06:00:00,30.47900142274658
2025-05-08 07:00:00,30.022550361091426
2025-05-08 08:00:00,32.7546684950242
2025-05-08 09:00:00,31.836135968942386
2025-05-08 10:00:00,32.060292457790716
2025-05-08 11:00:00,31.198031029162156
2025-05-08 12:00:00,32.57267244759783
2025-05-08 13:00:00,32.02589830888161
2025-05-08 14:00:00,33.47444430305024
2025-05-08 15:00:00,31.463169549484775
2025-05-08 16:00:00,31.78897754771641
2025-05-08 17:00:00,32.52638057468982
2025-05-08 18:00:00,30.890686333506398
2025-05-08 19:00:00,31.390629978214598
2025-05-08 20:00:00,31.359306531183236
2025-05-08 21:00:00,29.46379359009608
2025-05-08 22:00:00,30.715302625289933
2025-05-08 23:00:00,29.79825191677823
2025-05-09 00:00:00,28.325861107268775
2025-05-09 01:00:00,28.38053054392467
2025-05-09 02:00:00,28.45773737172956
2025-05-09 03:00:00,28.08448388605709
2025-05-09 04:00:00,27.761277654733362
2025-05-09 05:00:00,28.76991448780806
2025-05-09 06:00:00,30.226772658700877
2025-05-09 07:00:00,30.012312076771565
2025-05-09 08:00:00,32.772606018274516
2025-05-09 09:00:00,32.40853117021268
2025-05-09 10:00:00,32.183468725933096
2025-05-09 11:00:00,31.43132311728236
2025-05-09 12:00:00,33.53639687709234
2025-05-09 13:00:00,31.885626549519912
2025-05-09 14:00:00,31.123869849911927
2025-05-09 15:00:00,31.542273510200538
2025-05-09 16:00:00,32.93837908570904
2025-05-09 17:00:00,32.34700831245893
2025-05-09 18:00:00,32.97649528527617
2025-05-09 19:00:00,30.45682660568071
2025-05-09 20:00:00,31.022538142471884
2025-05-09 21:00:00,30.45524892340018
2025-05-09 22:00:00,30.13856461105076
2025-05-09 23:00:00,31.017617293741623
2025-05-10 00:00:00,25.697093697212495
2025-05-10 01:00:00,26.03327971269836
2025-05-10 02:00:00,25.4178741178763
2025-05-10 03:00:00,25.000118730914032
2025-05-10 04:00:00,25.74860438399624
2025-05-10 05:00:00,25.684985189627653
2025-05-10 06:00:00,27.63084367815803
2025-05-10 07:00:00,27.48269132474921
2025-05-10 08:00:00,28.781959248441005
2025-05-10 09:00:00,29.450217823318997
2025-05-10 10:00:00,28.4147779103456
2025-05-10 11:00:00,28.56099657178101
2025-05-10 12:00:00,28.456771515171592
2025-05-10 13:00:00,29.137460539643346
2025-05-10 14:00:00,29.75868435035591
2025-05-10 15:00:00,29.593491468542826
2025-05-10 16:00:00,29.09902736074297
2025-05-10 17:00:00,28.51004305452084
2025-05-10 18:00:00,28.349038605558142
2025-05-10 19:00:00,27.815339386481195
2025-05-10 20:00:00,27.614938730835192
2025-05-10 21:00:00,27.165336303378012
2025-05-10 22:00:00,28.476014698617508
2025-05-10 23:00:00,28.022271203051808
2025-05-11 00:00:00,25.365577171436644
2025-05-11 01:00:00,24.48920032268773
2025-05-11 02:00:00,25.633768476718238
2025-05-11 03:00:00,24.953293329793315
2025-05-11 04:00:00,24.368946274392027
2025-05-11 05:00:00,24.4682864236007
2025-05-11 06:00:00,27.129033318221335
2025-05-11 07:00:00,26.755171329015365
2025-05-11 08:00:00,28.97150240163748
2025-05-11 09:00:00,28.190166345173672
2025-05-11 10:00:00,28.2669204736838
2025-05-11 11:00:00,29.157913608468895
2025-05-11 12:00:00,29.53706829247658
2025-05-11 13:00:00,28.63770503464366
2025-05-11 14:00:00,28.602299944581922
2025-05-11 15:00:00,28.86404661885424
2025-05-11 16:00:00,28.5162825019768
2025-05-11 17:00:00,29.282186897122624
2025-05-11 18:00:00,28.136443499024157
2025-05-11 19:00:00,26.896137520381345
2025-05-11 20:00:00,27.675793125986367
2025-05-11 21:00:00,26.558308407567498
2025-05-11 22:00:00,27.025615127864242
2025-05-11 23:00:00,27.10304006462946
2025-05-12 00:00:00,28.842874188942027
2025-05-12 01:00:00,27.630431741574128
2025-05-12 02:00:00,27.316390158181502
2025-05-12 03:00:00,27.71318451406903
2025-05-12 04:00:00,28.38833520056819
2025-05-12 05:00:00,28.989297320153526
2025-05-12 06:00:00,31.95613118520671
2025-05-12 07:00:00,29.61940705742841
2025-05-12 08:00:00,32.32946468133173
2025-05-12 09:00:00,32.24665948128561
2025-05-12 10:00:00,32.398017608498805
2025-05-12 11:00:00,32.41199762744039
2025-05-12 12:00:00,32.33369824704207
2025-05-12 13:00:00,31.909530819863434
2025-05-12 14:00:00,32.033934787237484
2025-05-12 15:00:00,33.33831151541833
2025-05-12 16:00:00,32.26829395399504
2025-05-12 17:00:00,31.60362774650234
2025-05-12 18:00:00,31.438741077155754
2025-05-12 19:00:00,30.89761980466017
2025-05-12 20:00:00,30.857384211098154
2025-05-12 21:00:00,30.46790735161776
2025-05-12 22:00:00,30.053517361071552
2025-05-12 23:00:00,30.845860257541208
2025-05-13 00:00:00,27.591057261888995
2025-05-13 01:00:00,28.082038483677014
2025-05-13 02:00:00,28.79442034982412
2025-05-13 03:00:00,28.85412950534426
2025-05-13 04:00:00,27.826694399719152
2025-05-13 05:00:00,27.912085357222157
2025-05-13 06:00:00,30.473870946755923
2025-05-13 07:00:00,30.562542768675627
2025-05-13 08:00:00,31.700858086573103
2025-05-13 09:00:00,32.577148725267946
2025-05-13 10:00:00,31.98907279311734
2025-05-13 11:00:00,32.541371402914514
2025-05-13 12:00:00,31.894283223433316
2025-05-13 13:00:00,31.787234594198914
2025-05-13 14:00:00,32.44945753343632
2025-05-13 15:00:00,32.57141743998615
2025-05-13 16:00:00,32.42105705937041
2025-05-13 17:00:00,32.119011010406666
2025-05-13 18:00:00,32.051599093777824
2025-05-13 19:00:00,31.199904580295154
2025-05-13 20:00:00,30.623134841185
2025-05-13 21:00:00,30.441546254915067
2025-05-13 22:00:00,29.453258052788303
2025-05-13 23:00:00,30.62706939536954
2025-05-14 00:00:00,28.038703567622985
2025-05-14 01:00:00,27.686089841426472
2025-05-14 02:00:00,28.853227321220125
2025-05-14 03:00:00,28.027405663996863
2025-05-14 04:00:00,27.45189496460498
2025-05-14 05:00:00,28.097760324424318
2025-05-14 06:00:00,30.182929875628222
2025-05-14 07:00:00,30.472897228549037
2025-05-14 08:00:00,30.996300136640325
2025-05-14 09:00:00,32.192817464829886
2025-05-14 10:00:00,31.932768987057454
2025-05-14 11:00:00,31.973379364670308
2025-05-14 12:00:00,31.389060368330284
2025-05-14 13:00:00,31.576619034510674
2025-05-14 14:00:00,31.01183137399424
2025-05-14 15:00:00,31.504272770827583
2025-05-14 16:00:00,32.73077800229738
2025-05-14 17:00:00,31.811610944145666
2025-05-14 18:00:00,31.838530985840656
2025-05-14 19:00:00,31.29222426453339
2025-05-14 20:00:00,31.33237298408984
2025-05-14 21:00:00,30.362057724815728
2025-05-14 22:00:00,30.129533649624076
2025-05-14 23:00:00,30.487241246446864
2025-05-15 00:00:00,28.422173421790447
2025-05-15 01:00:00,27.251877586911135
2025-05-15 02:00:00,28.68131453853347
2025-05-15 03:00:00,27.316544846139315
2025-05-15 04:00:00,28.62196076552703
2025-05-15 05:00:00,27.124322373732024
2025-05-15 06:00:00,29.98137502839975
2025-05-15 07:00:00,31.459712377894842
2025-05-15 08:00:00,31.757532876351817
2025-05-15 09:00:00,33.08529378544366
2025-05-15 10:00:00,33.05691293776542
2025-05-15 11:00:00,32.23163942905526
2025-05-15 12:00:00,32.7571980271479
2025-05-15 13:00:00,32.50748342013505
2025-05-15 14:00:00,33.035321449391645
2025-05-15 15:00:00,32.29915090001653
2025-05-15 16:00:00,33.192673800523465
2025-05-15 17:00:00,33.448331789514924
2025-05-15 18:00:00,32.295539803663445
2025-05-15 19:00:00,30.39241513110882
2025-05-15 20:00:00,29.811782349443366
2025-05-15 21:00:00,31.39110381866578
2025-05-15 22:00:00,30.46217584354592
2025-05-15 23:00:00,31.077762592446387
2025-05-16 00:00:00,26.29166513547754
2025-05-16 01:00:00,29.03973819316348
2025-05-16 02:00:00,28.260805950030335
2025-05-16 03:00:00,28.631442160825806
2025-05-16 04:00:00,27.70063764346913
2025-05-16 05:00:00,27.853893763126603
2025-05-16 06:00:00,30.51268970389276
2025-05-16 07:00:00,30.72149605199665
2025-05-16 08:00:00,31.909334944003525
2025-05-16 09:00:00,31.469069681753485
2025-05-16 10:00:00,31.190280785242855
2025-05-16 11:00:00,31.99779880182248
2025-05-16 12:00:00,31.00726800476618
2025-05-16 13:00:00,32.668670270303295
2025-05-16 14:00:00,33.09884229216016
2025-05-16 15:00:00,31.296670940613012
2025-05-16 16:00:00,31.76787622693751
2025-05-16 17:00:00,33.05285254243428
2025-05-16 18:00:00,33.015773998514305
2025-05-16 19:00:00,29.493228471536185
2025-05-16 20:00:00,30.938174040613653
2025-05-16 21:00:00,29.464984542355186
2025-05-16 22:00:00,31.412152017787218
2025-05-16 23:00:00,30.756332542545213
2025-05-17 00:00:00,25.897306663514
2025-05-17 01:00:00,25.139185266696977
2025-05-17 02:00:00,25.964509363259616
2025-05-17 03:00:00,25.369848295340987
2025-05-17 04:00:00,24.969862749234746
2025-05-17 05:00:00,25.731897943238287
2025-05-17 06:00:00,28.073079442797127
2025-05-17 07:00:00,27.80092672004674
2025-05-17 08:00:00,28.129460716220073
2025-05-17 09:00:00,28.97620724026048
2025-05-17 10:00:00,28.9470045545155
2025-05-17 11:00:00,28.77140292987741
2025-05-17 12:00:00,29.263287558220508
2025-05-17 13:00:00,27.656042367953432
2025-05-17 14:00:00,28.212763634350143
2025-05-17 15:00:00,29.574397059939052
2025-05-17 16:00:00,29.010486570818184
2025-05-17 17:00:00,28.721704555971474
2025-05-17 18:00:00,28.76538987685826
2025-05-17 19:00:00,28.276972559913776
2025-05-17 20:00:00,26.9540695623081
2025-05-17 21:00:00,26.730185386234012
2025-05-17 22:00:00,27.421890083762744
2025-05-17 23:00:00,28.04199169850636
2025-05-18 00:00:00,25.3970443670346
2025-05-18 01:00:00,25.337021136061097
2025-05-18 02:00:00,24.80368587288572
2025-05-18 03:00:00,25.05694470397964
2025-05-18 04:00:00,25.05693272168549
2025-05-18 05:00:00,24.95207006794156
2025-05-18 06:00:00,27.60143285249096
2025-05-18 07:00:00,28.064265237585573
2025-05-18 08:00:00,28.62912253349448
2025-05-18 09:00:00,30.164954475027614
2025-05-18 10:00:00,28.79649704682356
2025-05-18 11:00:00,28.607988495120075
2025-05-18 12:00:00,28.560596788242588
2025-05-18 13:00:00,29.155855803194093
2025-05-18 14:00:00,28.46140767118655
2025-05-18 15:00:00,28.511431231070105
2025-05-18 16:00:00,29.58909420452094
2025-05-18 17:00:00,29.15171427158713
2025-05-18 18:00:00,27.569608227953804
2025-05-18 19:00:00,28.254250297316016
2025-05-18 20:00:00,28.276524458624998
2025-05-18 21:00:00,26.53986934111377
2025-05-18 22:00:00,26.982170704632114
2025-05-18 23:00:00,27.806238204332
2025-05-19 00:00:00,27.30144374992983
2025-05-19 01:00:00,26.456985249840276
2025-05-19 02:00:00,28.033708737766062
2025-05-19 03:00:00,28.23646180276707
2025-05-19 04:00:00,28.706267498482294
2025-05-19 05:00:00,27.484028357518927
2025-05-19 06:00:00,31.83592180674227
2025-05-19 07:00:00,29.878232008949844
2025-05-19 08:00:00,31.960245225178397
2025-05-19 09:00:00,31.38159382940695
2025-05-19 10:00:00,31.4616760099373
2025-05-19 11:00:00,31.124828481011583
2025-05-19 12:00:00,31.286747132458782
2025-05-19 13:00:00,32.512825982453656
2025-05-19 14:00:00,32.344149701146264
2025-05-19 15:00:00,31.62928039289462
2025-05-19 16:00:00,32.558476441356305
2025-05-19 17:00:00,31.57649670105388
2025-05-19 18:00:00,33.161982940506995
2025-05-19 19:00:00,30.74312374710123
2025-05-19 20:00:00,30.26250102829695
2025-05-19 21:00:00,30.943816793433296
2025-05-19 22:00:00,31.25947613843392
2025-05-19 23:00:00,31.45621405945124
2025-05-20 00:00:00,27.050947829035806
2025-05-20 01:00:00,27.962699393675738
2025-05-20 02:00:00,28.809883530650545
2025-05-20 03:00:00,27.885418101592723
2025-05-20 04:00:00,27.859315237378613
2025-05-20 05:00:00,26.648114930850667
2025-05-20 06:00:00,29.85058816587541
2025-05-20 07:00:00,29.990468516651987
2025-05-20 08:00:00,30.565072627670183
2025-05-20 09:00:00,31.190577336101317
2025-05-20 10:00:00,31.709149341488448
2025-05-20 11:00:00,32.146650296331984
2025-05-20 12:00:00,32.267052970932134
2025-05-20 13:00:00,31.358928373870302
2025-05-20 14:00:00,32.388917032966226
2025-05-20 15:00:00,31.458456801864944
2025-05-20 16:00:00,32.74932925079962
2025-05-20 17:00:00,32.710791261184035
2025-05-20 18:00:00,31.890944641132247
2025-05-20 19:00:00,29.488202762748877
2025-05-20 20:00:00,30.78623837370874
2025-05-20 21:00:00,30.998011213479188
2025-05-20 22:00:00,29.929872355615963
2025-05-20 23:00:00,31.133581123298967
2025-05-21 00:00:00,27.9955423839835
2025-05-21 01:00:00,27.77784074461281
2025-05-21 02:00:00,26.923906077681178
2025-05-21 03:00:00,28.608570536176384
2025-05-21 04:00:00,27.270522107409203
2025-05-21 05:00:00,27.822081845276173
2025-05-21 06:00:00,29.80026625083242
2025-05-21 07:00:00,29.690991511327347
2025-05-21 08:00:00,32.26892121988864
2025-05-21 09:00:00,32.36533601286164
2025-05-21 10:00:00,31.331478894622627
2025-05-21 11:00:00,31.027764483778572
2025-05-21 12:00:00,32.126007693926795
2025-05-21 13:00:00,31.9578274861288
2025-05-21 14:00:00,31.573691416875967
2025-05-21 15:00:00,32.25116421653966
2025-05-21 16:00:00,32.044232805597126
2025-05-21 17:00:00,32.63992933568766
2025-05-21 18:00:00,32.28023834805711
2025-05-21 19:00:00,29.79786059023876
2025-05-21 20:00:00,30.696346122460156
2025-05-21 21:00:00,30.458848422211137
2025-05-21 22:00:00,30.0991541189479
2025-05-21 23:00:00,32.16833421703352
2025-05-22 00:00:00,27.821240063522577
2025-05-22 01:00:00,29.06701229109468
2025-05-22 02:00:00,28.3460516918325
2025-05-22 03:00:00,28.601474173536506
2025-05-22 04:00:00,27.238362980339975
2025-05-22 05:00:00,27.72968209318085
2025-05-22 06:00:00,30.988656078324745
2025-05-22 07:00:00,30.667521694628977
2025-05-22 08:00:00,32.020151617610445
2025-05-22 09:00:00,31.931593641650352
2025-05-22 10:00:00,31.6110767421018
2025-05-22 11:00:00,32.70401784017294
2025-05-22 12:00:00,31.79293372283915
2025-05-22 13:00:00,31.976428188134058
2025-05-22 14:00:00,32.21513711723518
2025-05-22 15:00:00,31.917067816648252
2025-05-22 16:00:00,32.388263450588994
2025-05-22 17:00:00,32.08255402590651
2025-05-22 18:00:00,31.008265732226555
2025-05-22 19:00:00,30.562619493936253
2025-05-22 20:00:00,30.08692968720668
2025-05-22 21:00:00,30.27870505093866
2025-05-22 22:00:00,30.63638375511211
2025-05-22 23:00:00,31.623085301194735
2025-05-23 00:00:00,27.586141263681814
2025-05-23 01:00:00,28.940756091417445
2025-05-23 02:00:00,28.270773011108727
2025-05-23 03:00:00,28.54742995366508
2025-05-23 04:00:00,28.19330054925109
2025-05-23 05:00:00,28.54078839809986
2025-05-23 06:00:00,30.676673701974348
2025-05-23 07:00:00,30.60932880743965
2025-05-23 08:00:00,32.03671397350079
2025-05-23 09:00:00,32.65968174531196
2025-05-23 10:00:00,31.9880800255863
2025-05-23 11:00:00,31.920324676435566
2025-05-23 12:00:00,32.63396794072267
2025-05-23 13:00:00,32.252985686872144
2025-05-23 14:00:00,31.569329935896935
2025-05-23 15:00:00,31.835432705789195
2025-05-23 16:00:00,31.773821221672357
2025-05-23 17:00:00,32.01571995541671
2025-05-23 18:00:00,31.803089860159172
2025-05-23 19:00:00,30.37826195309497
2025-05-23 20:00:00,30.319466567427735
2025-05-23 21:00:00,30.751401832047097
2025-05-23 22:00:00,30.359986937982985
2025-05-23 23:00:00,30.753551823293563
2025-05-24 00:00:00,24.817554066877843
2025-05-24 01:00:00,24.82572768997745
2025-05-24 02:00:00,25.79028043980441
2025-05-24 03:00:00,26.107569007896473
2025-05-24 04:00:00,25.430535588023783
2025-05-24 05:00:00,25.205214195329408
2025-05-24 06:00:00,26.47481304539465
2025-05-24 07:00:00,27.508933557952357
2025-05-24 08:00:00,28.803253384941147
2025-05-24 09:00:00,28.217644313110934
2025-05-24 10:00:00,29.48486613378024
2025-05-24 11:00:00,27.896781665403417
2025-05-24 12:00:00,29.082456594041734
2025-05-24 13:00:00,28.740768874292453
2025-05-24 14:00:00,28.83471285813608
2025-05-24 15:00:00,28.556681874138892
2025-05-24 16:00:00,29.0132864140156
2025-05-24 17:00:00,28.68926799493869
2025-05-24 18:00:00,27.77760762094393
2025-05-24 19:00:00,26.32042476090459
2025-05-24 20:00:00,28.276899599836828
2025-05-24 21:00:00,27.30412026406665
2025-05-24 22:00:00,27.308785222265872
2025-05-24 23:00:00,26.91590465566684
2025-05-25 00:00:00,25.068833691813275
2025-05-25 01:00:00,25.680866709781743
2025-05-25 02:00:00,25.597637850975847
2025-05-25 03:00:00,25.156584104307
2025-05-25 04:00:00,24.289948856337922
2025-05-25 05:00:00,24.74060511996541
2025-05-25 06:00:00,27.491648965904034
2025-05-25 07:00:00,27.608223289419385
2025-05-25 08:00:00,28.21206947049515
2025-05-25 09:00:00,28.453674927635742
2025-05-25 10:00:00,28.58031508280682
2025-05-25 11:00:00,28.344710031145144
2025-05-25 12:00:00,28.815129674004705
2025-05-25 13:00:00,28.810973903199077
2025-05-25 14:00:00,29.291019664180745
2025-05-25 15:00:00,29.39256525431591
2025-05-25 16:00:00,28.407762949254852
2025-05-25 17:00:00,28.591017177597884
2025-05-25 18:00:00,29.010355491436993
2025-05-25 19:00:00,27.395955610338095
2025-05-25 20:00:00,27.657157485918056
2025-05-25 21:00:00,27.227355199236808
2025-05-25 22:00:00,26.75841084270823
2025-05-25 23:00:00,26.694806648315012
2025-05-26 00:00:00,27.71176333127171
2025-05-26 01:00:00,28.860061305493886
2025-05-26 02:00:00,28.64445553258509
2025-05-26 03:00:00,27.920876925036623
2025-05-26 04:00:00,28.145671766593136
2025-05-26 05:00:00,28.59342672520159
2025-05-26 06:00:00,30.67019281105196
2025-05-26 07:00:00,30.095134212081753
2025-05-26 08:00:00,31.95990283904071
2025-05-26 09:00:00,32.709730768915584
2025-05-26 10:00:00,32.0085700052301
2025-05-26 11:00:00,32.89492811297638
2025-05-26 12:00:00,31.77707007216985
2025-05-26 13:00:00,31.762494620442407
2025-05-26 14:00:00,32.2263287571215
2025-05-26 15:00:00,31.18370330170259
2025-05-26 16:00:00,30.610341955338175
2025-05-26 17:00:00,32.05125700506846
2025-05-26 18:00:00,32.75672677071406
2025-05-26 19:00:00,30.023480818840834
2025-05-26 20:00:00,29.882050077093048
2025-05-26 21:00:00,30.246989131019724
2025-05-26 22:00:00,29.62568671681174
2025-05-26 23:00:00,31.28082365657552
2025-05-27 00:00:00,27.902284418138677
2025-05-27 01:00:00,28.041216740366984
2025-05-27 02:00:00,28.035038955767
2025-05-27 03:00:00,27.5517376242321
2025-05-27 04:00:00,28.45176083297333
2025-05-27 05:00:00,27.476053829469173
2025-05-27 06:00:00,30.196800884569907
2025-05-27 07:00:00,30.523785678664172
2025-05-27 08:00:00,32.58535917284831
2025-05-27 09:00:00,32.39409514279549
2025-05-27 10:00:00,32.13680662860442
2025-05-27 11:00:00,32.50980512651569
2025-05-27 12:00:00,31.77437076649631
2025-05-27 13:00:00,31.216425431152942
2025-05-27 14:00:00,32.21177416436613
2025-05-27 15:00:00,31.859327050046613
2025-05-27 16:00:00,31.808195662882866
2025-05-27 17:00:00,31.085972330827243
2025-05-27 18:00:00,32.21671782320738
2025-05-27 19:00:00,30.886314203580266
2025-05-27 20:00:00,30.76392695029722
2025-05-27 21:00:00,29.935535879972782
2025-05-27 22:00:00,29.718942531178804
2025-05-27 23:00:00,30.616064789061742
2025-05-28 00:00:00,28.80373068058618
2025-05-28 01:00:00,27.817592104915455
2025-05-28 02:00:00,27.817073265967206
2025-05-28 03:00:00,26.857924941554728
2025-05-28 04:00:00,28.528944831939878
2025-05-28 05:00:00,28.54716219481562
2025-05-28 06:00:00,30.675358728485968
2025-05-28 07:00:00,30.82420367460249
2025-05-28 08:00:00,31.20984187558648
2025-05-28 09:00:00,31.645543758851296
2025-05-28 10:00:00,32.9653519568318
2025-05-28 11:00:00,32.80548513867648
2025-05-28 12:00:00,32.160367613389894
2025-05-28 13:00:00,32.77882689774456
2025-05-28 14:00:00,33.37937245698516
2025-05-28 15:00:00,32.5656869389303
2025-05-28 16:00:00,32.24768032193393
2025-05-28 17:00:00,32.21954012897845
2025-05-28 18:00:00,31.5553740375267
2025-05-28 19:00:00,30.316096671547154
2025-05-28 20:00:00,30.133966425809653
2025-05-28 21:00:00,31.693584809119788
2025-05-28 22:00:00,30.697854817926324
2025-05-28 23:00:00,30.661405960802828
2025-05-29 00:00:00,27.864905272273955
2025-05-29 01:00:00,27.943288085130376
2025-05-29 02:00:00,28.997445950222755
2025-05-29 03:00:00,28.65995877943808
2025-05-29 04:00:00,28.357133855204655
2025-05-29 05:00:00,27.83684400406773
2025-05-29 06:00:00,30.34776427377068
2025-05-29 07:00:00,29.90681572107717
2025-05-29 08:00:00,31.420479564558764
2025-05-29 09:00:00,31.85240344759372
2025-05-29 10:00:00,32.089974463729035
2025-05-29 11:00:00,31.520849450964846
2025-05-29 12:00:00,31.02412309788487
2025-05-29 13:00:00,32.616820547619916
2025-05-29 14:00:00,32.150771244724716
2025-05-29 15:00:00,32.794859727549294
2025-05-29 16:00:00,32.85315014467615
2025-05-29 17:00:00,31.683266234900234
2025-05-29 18:00:00,31.767769521707795
2025-05-29 19:00:00,31.187864117719073
2025-05-29 20:00:00,30.225709770879515
2025-05-29 21:00:00,31.01381377898539
2025-05-29 22:00:00,29.714949112560802
2025-05-29 23:00:00,30.651530786876403
2025-05-30 00:00:00,27.202645397265577
2025-05-30 01:00:00,27.027680364894767
2025-05-30 02:00:00,28.531531033552163
2025-05-30 03:00:00,27.81680259564687
2025-05-30 04:00:00,29.189027145852812
2025-05-30 05:00:00,28.339820041799328
2025-05-30 06:00:00,30.543360370024466
2025-05-30 07:00:00,29.979258121626547
2025-05-30 08:00:00,31.935796362989166
2025-05-30 09:00:00,32.47119991483844
2025-05-30 10:00:00,31.6566897620968
2025-05-30 11:00:00,31.99616568900292
2025-05-30 12:00:00,32.58243739528892
2025-05-30 13:00:00,32.18270096392451
2025-05-30 14:00:00,32.52771878151633
2025-05-30 15:00:00,31.837830393802165
2025-05-30 16:00:00,31.303794504840454
2025-05-30 17:00:00,32.67816677473865
2025-05-30 18:00:00,32.53330389340026
2025-05-30 19:00:00,30.992434763542846
2025-05-30 20:00:00,30.900991171781204
2025-05-30 21:00:00,30.571472843326212
2025-05-30 22:00:00,31.57431017524896
2025-05-30 23:00:00,31.118678595655002
2025-05-31 00:00:00,25.463177830528434
2025-05-31 01:00:00,26.26568728669115
2025-05-31 02:00:00,25.00486765393978
2025-05-31 03:00:00,25.433676900532095
2025-05-31 04:00:00,25.4472595257649
2025-05-31 05:00:00,25.766479940329322
2025-05-31 06:00:00,27.010233846612508
2025-05-31 07:00:00,26.93209376748317
2025-05-31 08:00:00,29.070164309102772
2025-05-31 09:00:00,28.235699087243965
2025-05-31 10:00:00,28.796689600580475
2025-05-31 11:00:00,28.720402875653285
2025-05-31 12:00:00,28.035922110675983
2025-05-31 13:00:00,29.116093997349843
2025-05-31 14:00:00,28.227083670292483
2025-05-31 15:00:00,29.254640202297903
2025-05-31 16:00:00,29.25711905084528
2025-05-31 17:00:00,28.131381020305387
2025-05-31 18:00:00,29.265657858908202
2025-05-31 19:00:00,28.047864204894008
2025-05-31 20:00:00,26.987610895511963
2025-05-31 21:00:00,27.30500498444408
2025-05-31 22:00:00,26.672519156318785
2025-05-31 23:00:00,28.346478365062087
2025-06-01 00:00:00,25.87260711150014
2025-06-01 01:00:00,24.82215301112605
2025-06-01 02:00:00,25.03105878303984
2025-06-01 03:00:00,25.97943435456901
2025-06-01 04:00:00,25.406920252047268
2025-06-01 05:00:00,25.19789332017022
2025-06-01 06:00:00,27.697566658279595
2025-06-01 07:00:00,27.223991898036697
2025-06-01 08:00:00,28.62202059635726
2025-06-01 09:00:00,28.91097053378929
2025-06-01 10:00:00,29.530083804089042
2025-06-01 11:00:00,29.04880511659124
2025-06-01 12:00:00,26.754581473812348
2025-06-01 13:00:00,29.37420896730606
2025-06-01 14:00:00,28.328925128123835
2025-06-01 15:00:00,28.214326831675386
2025-06-01 16:00:00,27.368745362137822
2025-06-01 17:00:00,28.505863698235736
2025-06-01 18:00:00,28.407923562898336
2025-06-01 19:00:00,27.96845833932497
2025-06-01 20:00:00,27.91316713447837
2025-06-01 21:00:00,28.396884327956137
2025-06-01 22:00:00,27.632618185183595
2025-06-01 23:00:00,27.885041052166486
2025-06-02 00:00:00,28.466611427903636
2025-06-02 01:00:00,27.712282827890125
2025-06-02 02:00:00,27.07634758221159
2025-06-02 03:00:00,27.705918795767925
2025-06-02 04:00:00,27.454488700937798
2025-06-02 05:00:00,28.56931011511369
2025-06-02 06:00:00,29.32429814796414
2025-06-02 07:00:00,30.871938584761416
2025-06-02 08:00:00,31.74277371514824
2025-06-02 09:00:00,31.647191131897333
2025-06-02 10:00:00,31.113393575394625
2025-06-02 11:00:00,31.835929936396724
2025-06-02 12:00:00,33.24922919072328
2025-06-02 13:00:00,32.26162592304852
2025-06-02 14:00:00,31.838441254275846
2025-06-02 15:00:00,32.604425214326504
2025-06-02 16:00:00,31.484763317923594
2025-06-02 17:00:00,32.326412492790304
2025-06-02 18:00:00,31.12060544364352
2025-06-02 19:00:00,31.105428031339876
2025-06-02 20:00:00,30.99459431665088
2025-06-02 21:00:00,30.232986056376895
2025-06-02 22:00:00,30.985093327045035
2025-06-02 23:00:00,30.36170949301566
2025-06-03 00:00:00,27.181824868895312
2025-06-03 01:00:00,27.345457214924078
2025-06-03 02:00:00,28.373636543446082
2025-06-03 03:00:00,28.265513388185468
2025-06-03 04:00:00,29.33005268698342
2025-06-03 05:00:00,27.805434100251816
2025-06-03 06:00:00,29.837413059138502
2025-06-03 07:00:00,29.582739040258083
2025-06-03 08:00:00,32.062980765662545
2025-06-03 09:00:00,31.57031085383618
2025-06-03 10:00:00,33.402115611581564
2025-06-03 11:00:00,32.3994181083688
2025-06-03 12:00:00,31.972874944300383
2025-06-03 13:00:00,32.075576096633505
2025-06-03 14:00:00,32.53001318137106
2025-06-03 15:00:00,32.09332309499248
2025-06-03 16:00:00,31.895682481658895
2025-06-03 17:00:00,32.10396197763281
2025-06-03 18:00:00,31.39085803286793
2025-06-03 19:00:00,31.474065297715164
2025-06-03 20:00:00,30.82300975134359
2025-06-03 21:00:00,28.75394839299272
2025-06-03 22:00:00,30.451652485461725
2025-06-03 23:00:00,30.14703092194108
2025-06-04 00:00:00,28.3405227828836
2025-06-04 01:00:00,27.76822785930643
2025-06-04 02:00:00,28.51778931911297
2025-06-04 03:00:00,28.597478890837447
2025-06-04 04:00:00,27.749213465194423
2025-06-04 05:00:00,27.91493694698066
2025-06-04 06:00:00,31.119227949913718
2025-06-04 07:00:00,30.186601438912216
2025-06-04 08:00:00,31.355799779736248
2025-06-04 09:00:00,31.625276949788717
2025-06-04 10:00:00,31.80136738592958
2025-06-04 11:00:00,32.27674404603079
2025-06-04 12:00:00,31.397144370835772
2025-06-04 13:00:00,32.22912961740897
2025-06-04 14:00:00,31.94107621818725
2025-06-04 15:00:00,31.619410808253164
2025-06-04 16:00:00,32.067120106790085
2025-06-04 17:00:00,31.399064014451696
2025-06-04 18:00:00,32.12126353087056
2025-06-04 19:00:00,31.42750945814742
2025-06-04 20:00:00,30.291824791674912
2025-06-04 21:00:00,30.68231004001303
2025-06-04 22:00:00,30.703672385551673
2025-06-04 23:00:00,30.168582418136157
2025-06-05 00:00:00,28.510398091700278
2025-06-05 01:00:00,27.507779358079603
2025-06-05 02:00:00,27.317134489783832
2025-06-05 03:00:00,28.05989080990454
2025-06-05 04:00:00,28.473312356025072
2025-06-05 05:00:00,27.97888454447365
2025-06-05 06:00:00,30.73452016156917
2025-06-05 07:00:00,31.805671221808385
2025-06-05 08:00:00,31.921412791710967
2025-06-05 09:00:00,33.14326793114921
2025-06-05 10:00:00,32.78393316348714
2025-06-05 11:00:00,30.843968977136733
2025-06-05 12:00:00,31.52791980927166
2025-06-05 13:00:00,33.594498973175554
2025-06-05 14:00:00,31.363016613754763
2025-06-05 15:00:00,31.96447561726295
2025-06-05 16:00:00,31.58827944808043
2025-06-05 17:00:00,31.860951961566833
2025-06-05 18:00:00,31.700261332196327
2025-06-05 19:00:00,30.321208232425793
2025-06-05 20:00:00,30.18474871042808
2025-06-05 21:00:00,30.522657425751472
2025-06-05 22:00:00,30.802714793262314
2025-06-05 23:00:00,30.18979748847599
2025-06-06 00:00:00,27.676994884346755
2025-06-06 01:00:00,27.547948547449085
2025-06-06 02:00:00,27.49222135521514
2025-06-06 03:00:00,28.54000231869704
2025-06-06 04:00:00,27.867195242736567
2025-06-06 05:00:00,28.58304947610314
2025-06-06 06:00:00,30.711516130552955
2025-06-06 07:00:00,30.017921597411256
2025-06-06 08:00:00,31.55954064682464
2025-06-06 09:00:00,32.02808731656618
2025-06-06 10:00:00,31.972812920160564
2025-06-06 11:00:00,32.673848935774735
2025-06-06 12:00:00,33.240487422928446
2025-06-06 13:00:00,31.39284834467044
2025-06-06 14:00:00,31.63366614777165
2025-06-06 15:00:00,32.10046775537802
2025-06-06 16:00:00,32.15751649266496
2025-06-06 17:00:00,31.544359822330804
2025-06-06 18:00:00,32.05204660756256
2025-06-06 19:00:00,30.172202776271085
2025-06-06 20:00:00,29.850900467895038
2025-06-06 21:00:00,30.25255258590514
2025-06-06 22:00:00,30.12381217226027
2025-06-06 23:00:00,30.44517583094905
2025-06-07 00:00:00,25.221877541863908
2025-06-07 01:00:00,25.81291733882807
2025-06-07 02:00:00,25.858694246336473
2025-06-07 03:00:00,25.66891918397188
2025-06-07 04:00:00,25.552091158203854
2025-06-07 05:00:00,25.25818513786541
2025-06-07 06:00:00,26.332758724189432
2025-06-07 07:00:00,26.283111990501602
2025-06-07 08:00:00,28.554901107759246
2025-06-07 09:00:00,28.93263195195594
2025-06-07 10:00:00,28.846415879343105
2025-06-07 11:00:00,29.162804387416525
2025-06-07 12:00:00,29.462989762184183
2025-06-07 13:00:00,27.655337959699274
2025-06-07 14:00:00,27.584445931191546
2025-06-07 15:00:00,28.89023191902768
2025-06-07 16:00:00,28.662119527670924
2025-06-07 17:00:00,28.27167533210247
2025-06-07 18:00:00,28.966161546864726
2025-06-07 19:00:00,28.43502011557215
2025-06-07 20:00:00,28.887344677982366
2025-06-07 21:00:00,27.15322432903108
2025-06-07 22:00:00,27.377428138351842
2025-06-07 23:00:00,27.827886722597885
2025-06-08 00:00:00,25.263058273133865
2025-06-08 01:00:00,25.935328456319986
2025-06-08 02:00:00,25.397418362139447
2025-06-08 03:00:00,25.359585365282484
2025-06-08 04:00:00,25.86676625233897
2025-06-08 05:00:00,26.306989160102212
2025-06-08 06:00:00,26.99950432201089
2025-06-08 07:00:00,26.852113321854787
2025-06-08 08:00:00,28.924980725970105
2025-06-08 09:00:00,28.64746850635889
2025-06-08 10:00:00,28.4969151565077
2025-06-08 11:00:00,27.89199710907501
2025-06-08 12:00:00,29.315066650471714
2025-06-08 13:00:00,27.802632010860396
2025-06-08 14:00:00,28.369679694836492
2025-06-08 15:00:00,28.438850137896388
2025-06-08 16:00:00,28.888731582341492
2025-06-08 17:00:00,28.359197167933438
2025-06-08 18:00:00,28.831005545585445
2025-06-08 19:00:00,28.039574939799742
2025-06-08 20:00:00,26.96789814507189
2025-06-08 21:00:00,27.45389835777431
2025-06-08 22:00:00,28.64090847056345
2025-06-08 23:00:00,28.303795064977653
2025-06-09 00:00:00,28.55669792393838
2025-06-09 01:00:00,27.283982762629932
2025-06-09 02:00:00,28.47201319580321
2025-06-09 03:00:00,27.920103000820323
2025-06-09 04:00:00,28.371413271813168
2025-06-09 05:00:00,27.875366171074425
2025-06-09 06:00:00,30.576612507215064
2025-06-09 07:00:00,30.168401293504562
2025-06-09 08:00:00,31.065270185895983
2025-06-09 09:00:00,33.87930342879606
2025-06-09 10:00:00,32.91602679983818
2025-06-09 11:00:00,31.95888973410071
2025-06-09 12:00:00,32.10156057093583
2025-06-09 13:00:00,32.83329910772708
2025-06-09 14:00:00,32.02398095552226
2025-06-09 15:00:00,33.213945858836965
2025-06-09 16:00:00,32.15264594316922
2025-06-09 17:00:00,31.56410112323694
2025-06-09 18:00:00,32.214224895728776
2025-06-09 19:00:00,31.722986824678564
2025-06-09 20:00:00,30.394830985728454
2025-06-09 21:00:00,31.037860723064284
2025-06-09 22:00:00,30.589568846408994
2025-06-09 23:00:00,30.299938206122686
2025-06-10 00:00:00,27.757987881554385
2025-06-10 01:00:00,27.49816826845451
2025-06-10 02:00:00,28.291606503480594
2025-06-10 03:00:00,27.9228658906564
2025-06-10 04:00:00,28.592215491915063
2025-06-10 05:00:00,27.81558754150557
2025-06-10 06:00:00,30.118982876177537
2025-06-10 07:00:00,30.641477561483082
2025-06-10 08:00:00,32.56392380031872
2025-06-10 09:00:00,33.0932182683385
2025-06-10 10:00:00,31.642061452066432
2025-06-10 11:00:00,31.569961344812143
2025-06-10 12:00:00,32.625808489239915
2025-06-10 13:00:00,32.81489123197519
2025-06-10 14:00:00,32.430307196477926
2025-06-10 15:00:00,32.56983020590102
2025-06-10 16:00:00,31.592299312960026
2025-06-10 17:00:00,32.11814180562505
2025-06-10 18:00:00,30.644121390333915
2025-06-10 19:00:00,30.812160264519882
2025-06-10 20:00:00,29.50411938992109
2025-06-10 21:00:00,30.880778731503245
2025-06-10 22:00:00,29.656551242968636
2025-06-10 23:00:00,31.33867707569122
2025-06-11 00:00:00,27.479321975266718
2025-06-11 01:00:00,28.530013061016472
2025-06-11 02:00:00,28.67179155532488
2025-06-11 03:00:00,27.793756774214533
2025-06-11 04:00:00,27.780151248865174
2025-06-11 05:00:00,27.611824363952675
2025-06-11 06:00:00,30.428088708659846
2025-06-11 07:00:00,30.8666647103267
2025-06-11 08:00:00,32.3717223338057
2025-06-11 09:00:00,32.583668986848515
2025-06-11 10:00:00,32.629965404139966
2025-06-11 11:00:00,32.48842877768446
2025-06-11 12:00:00,32.65128201044366
2025-06-11 13:00:00,31.490901765401844
2025-06-11 14:00:00,31.38474791010038
2025-06-11 15:00:00,31.172775838776246
2025-06-11 16:00:00,32.59265250170128
2025-06-11 17:00:00,32.67511128610942
2025-06-11 18:00:00,31.745253081428352
2025-06-11 19:00:00,31.101829751097213
2025-06-11 20:00:00,30.23208494365938
2025-06-11 21:00:00,30.09943652904689
2025-06-11 22:00:00,30.56502118213944
2025-06-11 23:00:00,30.374673719029815
2025-06-12 00:00:00,28.416260884431075
2025-06-12 01:00:00,29.35074882656479
2025-06-12 02:00:00,28.775708862324567
2025-06-12 03:00:00,28.510371815446756
2025-06-12 04:00:00,27.88071253689673
2025-06-12 05:00:00,27.724608696885404
2025-06-12 06:00:00,29.271626504111648
2025-06-12 07:00:00,29.895025067113668
2025-06-12 08:00:00,32.618784292232604
2025-06-12 09:00:00,31.950706862293796
2025-06-12 10:00:00,32.138323281809754
2025-06-12 11:00:00,31.778052284908025
2025-06-12 12:00:00,32.24948037210969
2025-06-12 13:00:00,31.642513086119013
2025-06-12 14:00:00,31.871135862625515
2025-06-12 15:00:00,31.550187512669645
2025-06-12 16:00:00,31.928082126708222
2025-06-12 17:00:00,32.42909973688171
2025-06-12 18:00:00,31.29210445131693
2025-06-12 19:00:00,30.032963285351975
2025-06-12 20:00:00,30.06915775085732
2025-06-12 21:00:00,30.774522134630594
2025-06-12 22:00:00,30.345888945821496
2025-06-12 23:00:00,31.489898251657223
2025-06-13 00:00:00,27.1014179626146
2025-06-13 01:00:00,28.465155217400763
2025-06-13 02:00:00,29.20444536306156
2025-06-13 03:00:00,29.08107161634313
2025-06-13 04:00:00,28.850668497311148
2025-06-13 05:00:00,27.11136009173475
2025-06-13 06:00:00,30.53144191964127
2025-06-13 07:00:00,30.583862557269907
2025-06-13 08:00:00,32.01046153029111
2025-06-13 09:00:00,33.03115427126907
2025-06-13 10:00:00,32.08084155915222
2025-06-13 11:00:00,32.7893680009703
2025-06-13 12:00:00,31.82167023677722
2025-06-13 13:00:00,33.01661282354943
2025-06-13 14:00:00,32.837840987515854
2025-06-13 15:00:00,32.63326736360039
2025-06-13 16:00:00,31.44961726014609
2025-06-13 17:00:00,31.434041828678488
2025-06-13 18:00:00,32.297652480887116
2025-06-13 19:00:00,30.392613984343733
2025-06-13 20:00:00,31.630874277141697
2025-06-13 21:00:00,29.07890409340651
2025-06-13 22:00:00,31.079971631874283
2025-06-13 23:00:00,30.015093476738414
2025-06-14 00:00:00,25.121840270831623
2025-06-14 01:00:00,24.069518237384546
2025-06-14 02:00:00,25.325933151464266
2025-06-14 03:00:00,25.153326265383363
2025-06-14 04:00:00,25.56693432591308
2025-06-14 05:00:00,25.335569975152158
2025-06-14 06:00:00,27.659924748155962
2025-06-14 07:00:00,26.745441770031203
2025-06-14 08:00:00,28.941879737081493
2025-06-14 09:00:00,29.965118741538742
2025-06-14 10:00:00,29.23457835927228
2025-06-14 11:00:00,28.695641368234863
2025-06-14 12:00:00,29.05431229639706
2025-06-14 13:00:00,29.055303503538216
2025-06-14 14:00:00,27.756011406959225
2025-06-14 15:00:00,29.33337009722987
2025-06-14 16:00:00,29.38921132918105
2025-06-14 17:00:00,28.6417185651235
2025-06-14 18:00:00,28.695833592483172
2025-06-14 19:00:00,27.03359404832049
2025-06-14 20:00:00,26.673501572755864
2025-06-14 21:00:00,27.357448576024005
2025-06-14 22:00:00,27.381821857833256
2025-06-14 23:00:00,26.47972497801734
2025-06-15 00:00:00,25.096184121524715
2025-06-15 01:00:00,24.573370923132707
2025-06-15 02:00:00,24.710858981218834
2025-06-15 03:00:00,24.885889568290374
2025-06-15 04:00:00,25.38875016252771
2025-06-15 05:00:00,25.029117767079143
2025-06-15 06:00:00,27.53895930404808
2025-06-15 07:00:00,27.263903361744113
2025-06-15 08:00:00,28.61221384314095
2025-06-15 09:00:00,29.482643661264646
2025-06-15 10:00:00,28.033261580621225
2025-06-15 11:00:00,29.575141046714144
2025-06-15 12:00:00,28.242924761360676
2025-06-15 13:00:00,28.859675941791235
2025-06-15 14:00:00,29.748848400165244
2025-06-15 15:00:00,29.207194016208096
2025-06-15 16:00:00,29.813354938019195
2025-06-15 17:00:00,28.446434607616983
2025-06-15 18:00:00,28.55691412528305
2025-06-15 19:00:00,26.071260761140508
2025-06-15 20:00:00,27.18739059545093
2025-06-15 21:00:00,27.944849489094402
2025-06-15 22:00:00,28.40684328728317
2025-06-15 23:00:00,27.218659034283185
2025-06-16 00:00:00,28.345417624098474
2025-06-16 01:00:00,27.319725370443216
2025-06-16 02:00:00,28.16758852319368
2025-06-16 03:00:00,28.179569083701118
2025-06-16 04:00:00,27.80389674207376
2025-06-16 05:00:00,27.583614401293588
2025-06-16 06:00:00,30.324129885295644
2025-06-16 07:00:00,30.5978783134909
2025-06-16 08:00:00,32.23912536781094
2025-06-16 09:00:00,31.973092600641493
2025-06-16 10:00:00,33.27428066984139
2025-06-16 11:00:00,32.3985948013954
2025-06-16 12:00:00,32.05945691349935
2025-06-16 13:00:00,32.24879290998137
2025-06-16 14:00:00,33.833875677924574
2025-06-16 15:00:00,31.272592298837594
2025-06-16 16:00:00,32.02126534376494
2025-06-16 17:00:00,31.45751155774082
2025-06-16 18:00:00,30.681528973065777
2025-06-16 19:00:00,29.70313582754057
2025-06-16 20:00:00,30.507462276671802
2025-06-16 21:00:00,31.883699424222286
2025-06-16 22:00:00,29.205211527159726
2025-06-16 23:00:00,29.995331502359495
2025-06-17 00:00:00,28.19513461736114
2025-06-17 01:00:00,28.041785769467793
2025-06-17 02:00:00,28.95909345852404
2025-06-17 03:00:00,27.91012860315662
2025-06-17 04:00:00,29.128212139590584
2025-06-17 05:00:00,27.489145521889824
2025-06-17 06:00:00,31.693837293669684
2025-06-17 07:00:00,31.397817111917753
2025-06-17 08:00:00,30.597788297689196
2025-06-17 09:00:00,33.038139203611166
2025-06-17 10:00:00,30.97855104838713
2025-06-17 11:00:00,32.55328352408822
2025-06-17 12:00:00,32.07770881367635
2025-06-17 13:00:00,30.794313240874427
2025-06-17 14:00:00,32.68266754743036
2025-06-17 15:00:00,31.786380550444342
2025-06-17 16:00:00,31.31665120129801
2025-06-17 17:00:00,31.320166336623657
2025-06-17 18:00:00,30.52822428603972
2025-06-17 19:00:00,29.729539824784116
2025-06-17 20:00:00,31.928156836181167
2025-06-17 21:00:00,29.75057936540972
2025-06-17 22:00:00,31.092188721758156
2025-06-17 23:00:00,30.65266459673582
2025-06-18 00:00:00,27.473468452377464
2025-06-18 01:00:00,27.414940324371255
2025-06-18 02:00:00,27.822183177926274
2025-06-18 03:00:00,27.671361426872334
2025-06-18 04:00:00,28.259429979535987
2025-06-18 05:00:00,28.16390593125331
2025-06-18 06:00:00,28.99433334602257
2025-06-18 07:00:00,31.4768287918143
2025-06-18 08:00:00,31.109138535240003
2025-06-18 09:00:00,32.64541380725178
2025-06-18 10:00:00,32.48994079717057
2025-06-18 11:00:00,30.927922599011357
2025-06-18 12:00:00,32.309880117377
2025-06-18 13:00:00,31.530083778731345
2025-06-18 14:00:00,32.07429857038623
2025-06-18 15:00:00,31.876636732376312
2025-06-18 16:00:00,31.819408531850144
2025-06-18 17:00:00,31.761549172917967
2025-06-18 18:00:00,30.976322743017196
2025-06-18 19:00:00,30.80743439622041
2025-06-18 20:00:00,30.272946510223488
2025-06-18 21:00:00,30.532702987390515
2025-06-18 22:00:00,29.468018281973183
2025-06-18 23:00:00,31.27026050787897
2025-06-19 00:00:00,28.592079933037578
2025-06-19 01:00:00,28.07829997465322
2025-06-19 02:00:00,28.50208379647902
2025-06-19 03:00:00,28.28845078296788
2025-06-19 04:00:00,28.120169853103476
2025-06-19 05:00:00,29.32284812704917
2025-06-19 06:00:00,30.977766197380596
2025-06-19 07:00:00,31.323895275389585
2025-06-19 08:00:00,32.298913758373644
2025-06-19 09:00:00,31.31539703227834
2025-06-19 10:00:00,32.05583029448703
2025-06-19 11:00:00,30.964136289234713
2025-06-19 12:00:00,32.37185166845901
2025-06-19 13:00:00,31.612169001363597
2025-06-19 14:00:00,31.255788638348417
2025-06-19 15:00:00,32.1091262408745
2025-06-19 16:00:00,32.88314714830891
2025-06-19 17:00:00,31.674567018649874
2025-06-19 18:00:00,30.81165892557743
2025-06-19 19:00:00,29.459489209047717
2025-06-19 20:00:00,30.483314058635866
2025-06-19 21:00:00,30.00610733774021
2025-06-19 22:00:00,29.72557092084798
2025-06-19 23:00:00,30.754431882563242
2025-06-20 00:00:00,28.610990878256224
2025-06-20 01:00:00,28.004706127996034
2025-06-20 02:00:00,27.726643302040443
2025-06-20 03:00:00,27.87841979343002
2025-06-20 04:00:00,28.14390697362662
2025-06-20 05:00:00,28.37641624933949
2025-06-20 06:00:00,31.041716266276467
2025-06-20 07:00:00,29.90535791681064
2025-06-20 08:00:00,31.929274444299157
2025-06-20 09:00:00,32.451017173856734
2025-06-20 10:00:00,32.47273592994853
2025-06-20 11:00:00,31.351718709290793
2025-06-20 12:00:00,31.90023824817911
2025-06-20 13:00:00,31.772846323142055
2025-06-20 14:00:00,32.12101724354317
2025-06-20 15:00:00,32.56142559472445
2025-06-20 16:00:00,31.914106552037254
2025-06-20 17:00:00,31.478525971689443
2025-06-20 18:00:00,30.88552603094071
2025-06-20 19:00:00,30.77597260898332
2025-06-20 20:00:00,30.610832578470184
2025-06-20 21:00:00,30.458806714892386
2025-06-20 22:00:00,30.071761376305528
2025-06-20 23:00:00,29.649026075267344
2025-06-21 00:00:00,25.59108702321157
2025-06-21 01:00:00,24.746490604005114
2025-06-21 02:00:00,25.183731009373105
2025-06-21 03:00:00,24.361247581530865
2025-06-21 04:00:00,25.08612815896818
2025-06-21 05:00:00,25.376306718196712
2025-06-21 06:00:00,27.337154150934918
2025-06-21 07:00:00,26.791308142689367
2025-06-21 08:00:00,28.778798428843142
2025-06-21 09:00:00,28.96933342651017
2025-06-21 10:00:00,29.619855316685804
2025-06-21 11:00:00,29.09860093322025
2025-06-21 12:00:00,28.67207815950944
2025-06-21 13:00:00,30.266251690761028
2025-06-21 14:00:00,28.6162282317216
2025-06-21 15:00:00,28.64863332510583
2025-06-21 16:00:00,29.003174131736678
2025-06-21 17:00:00,28.378700699734885
2025-06-21 18:00:00,28.802556099472252
2025-06-21 19:00:00,27.739389653641208
2025-06-21 20:00:00,27.95260755542674
2025-06-21 21:00:00,26.43203609672405
2025-06-21 22:00:00,26.423430673125452
2025-06-21 23:00:00,27.354640904149008
2025-06-22 00:00:00,24.9625924095034
2025-06-22 01:00:00,24.739593199756133
2025-06-22 02:00:00,25.264448954051378
2025-06-22 03:00:00,26.164509510054273
2025-06-22 04:00:00,25.81293439732225
2025-06-22 05:00:00,24.953276901492334
2025-06-22 06:00:00,27.991111165865608
2025-06-22 07:00:00,28.02167797548113
2025-06-22 08:00:00,28.903208755899296
2025-06-22 09:00:00,28.932709515641182
2025-06-22 10:00:00,28.643261663201553
2025-06-22 11:00:00,29.018200807645428
2025-06-22 12:00:00,29.124142440128438
2025-06-22 13:00:00,29.282751376538116
2025-06-22 14:00:00,29.298690385631165
2025-06-22 15:00:00,28.391653325152205
2025-06-22 16:00:00,29.103548263378627
2025-06-22 17:00:00,28.552874815741266
2025-06-22 18:00:00,29.0526108475174
2025-06-22 19:00:00,27.483969282653984
2025-06-22 20:00:00,27.250155336528568
2025-06-22 21:00:00,27.50033331209987
2025-06-22 22:00:00,27.890488544715453
2025-06-22 23:00:00,26.796582350750544
2025-06-23 00:00:00,28.552208114529332
2025-06-23 01:00:00,27.767059487629695
2025-06-23 02:00:00,27.816364100473443
2025-06-23 03:00:00,28.645603930550536
2025-06-23 04:00:00,27.992663651252744
2025-06-23 05:00:00,28.107492826040207
2025-06-23 06:00:00,30.06051235663218
2025-06-23 07:00:00,30.106949229639966
2025-06-23 08:00:00,31.939347530159207
2025-06-23 09:00:00,31.146614906182915
2025-06-23 10:00:00,32.24622267477403
2025-06-23 11:00:00,32.579898294889304
2025-06-23 12:00:00,31.889316685012954
2025-06-23 13:00:00,31.138788581055483
2025-06-23 14:00:00,32.435861482989935
2025-06-23 15:00:00,31.200066751187876
2025-06-23 16:00:00,32.40503457583024
2025-06-23 17:00:00,31.721932515576995
2025-06-23 18:00:00,32.12528029606176
2025-06-23 19:00:00,30.403400459214524
2025-06-23 20:00:00,31.256845637448926
2025-06-23 21:00:00,30.870900635816756
2025-06-23 22:00:00,30.45544774728444
2025-06-23 23:00:00,29.868725905528304
2025-06-24 00:00:00,27.0862985989254
2025-06-24 01:00:00,28.643863593248724
2025-06-24 02:00:00,27.689998377269653
2025-06-24 03:00:00,27.519998197904027
2025-06-24 04:00:00,27.31315157006254
2025-06-24 05:00:00,26.798290432922578
2025-06-24 06:00:00,29.558495849505995
2025-06-24 07:00:00,30.29123403109686
2025-06-24 08:00:00,31.696414908937214
2025-06-24 09:00:00,32.40790684450708
2025-06-24 10:00:00,31.72284878078462
2025-06-24 11:00:00,31.891730581188927
2025-06-24 12:00:00,32.943568705275716
2025-06-24 13:00:00,31.847070205312594
2025-06-24 14:00:00,31.384334679922432
2025-06-24 15:00:00,31.665512064067542
2025-06-24 16:00:00,31.088103568906423
2025-06-24 17:00:00,31.70908774504401
2025-06-24 18:00:00,31.12595698907356
2025-06-24 19:00:00,30.546706243000823
2025-06-24 20:00:00,31.01342787628408
2025-06-24 21:00:00,31.584382985510704
2025-06-24 22:00:00,31.582268122380782
2025-06-24 23:00:00,30.878223855907308
2025-06-25 00:00:00,27.886469002580228
2025-06-25 01:00:00,27.473925148981564
2025-06-25 02:00:00,27.716126453364193
2025-06-25 03:00:00,27.15977159391094
2025-06-25 04:00:00,28.54849395613442
2025-06-25 05:00:00,28.36676184001511
2025-06-25 06:00:00,30.305270349077478
2025-06-25 07:00:00,30.36655107941353
2025-06-25 08:00:00,32.095899121917945
2025-06-25 09:00:00,31.25049347671297
2025-06-25 10:00:00,32.19973914449308
2025-06-25 11:00:00,31.38126902020729
2025-06-25 12:00:00,32.078253860502414
2025-06-25 13:00:00,32.671460875382934
2025-06-25 14:00:00,31.26724803974303
2025-06-25 15:00:00,31.482094060523583
2025-06-25 16:00:00,32.14729470479141
2025-06-25 17:00:00,32.36429417827971
2025-06-25 18:00:00,33.18504663463114
2025-06-25 19:00:00,30.66030125119327
2025-06-25 20:00:00,31.538712330399772
2025-06-25 21:00:00,29.6775896663761
2025-06-25 22:00:00,31.96246917437701
2025-06-25 23:00:00,31.10808160474608
2025-06-26 00:00:00,26.890966104016517
2025-06-26 01:00:00,27.94330213268584
2025-06-26 02:00:00,27.701260690556527
2025-06-26 03:00:00,27.614726895065488
2025-06-26 04:00:00,28.62319787383771
2025-06-26 05:00:00,29.135293305302728
2025-06-26 06:00:00,31.732882380417227
2025-06-26 07:00:00,31.122742193700255
2025-06-26 08:00:00,31.223563166920428
2025-06-26 09:00:00,33.49231384738237
2025-06-26 10:00:00,30.893069648223193
2025-06-26 11:00:00,31.700957094797715
2025-06-26 12:00:00,32.38174881920143
2025-06-26 13:00:00,32.887465511813126
2025-06-26 14:00:00,32.00902659746134
2025-06-26 15:00:00,31.344114992257904
2025-06-26 16:00:00,32.492781263232125
2025-06-26 17:00:00,32.57968547930734
2025-06-26 18:00:00,32.72052156953344
2025-06-26 19:00:00,30.257624979465547
2025-06-26 20:00:00,30.591163279240522
2025-06-26 21:00:00,30.09311231568209
2025-06-26 22:00:00,29.621110412637844
2025-06-26 23:00:00,31.02081842804536
2025-06-27 00:00:00,27.29979272293674
2025-06-27 01:00:00,27.87818665158292
2025-06-27 02:00:00,27.902369011499573
2025-06-27 03:00:00,28.379231967902726
2025-06-27 04:00:00,26.698405506328125
2025-06-27 05:00:00,27.546854813910283
2025-06-27 06:00:00,30.259428745582596
2025-06-27 07:00:00,30.19214127589009
2025-06-27 08:00:00,31.877017603132035
2025-06-27 09:00:00,32.23653432676786
2025-06-27 10:00:00,30.679755535283437
2025-06-27 11:00:00,31.880196838374125
2025-06-27 12:00:00,30.87124158032012
2025-06-27 13:00:00,32.03221068427653
2025-06-27 14:00:00,32.3204126518316
2025-06-27 15:00:00,32.987454177950234
2025-06-27 16:00:00,32.15101930587994
2025-06-27 17:00:00,32.21247267482793
2025-06-27 18:00:00,32.15428411322666
2025-06-27 19:00:00,30.692169872371238
2025-06-27 20:00:00,30.228621939200888
2025-06-27 21:00:00,29.651631210492784
2025-06-27 22:00:00,30.368524898935252
2025-06-27 23:00:00,30.644713504972746
2025-06-28 00:00:00,25.12359989923042
2025-06-28 01:00:00,25.39845444707176
2025-06-28 02:00:00,25.061783079475898
2025-06-28 03:00:00,24.42129908033955
2025-06-28 04:00:00,24.632422965346507
2025-06-28 05:00:00,25.429122235664124
2025-06-28 06:00:00,27.968180517758938
2025-06-28 07:00:00,27.57674784488145
2025-06-28 08:00:00,28.6974233711882
2025-06-28 09:00:00,29.354659175240716
2025-06-28 10:00:00,28.395117421163913
2025-06-28 11:00:00,29.150623031341706
2025-06-28 12:00:00,28.892605015911585
2025-06-28 13:00:00,28.102429255874203
2025-06-28 14:00:00,28.861924271854445
2025-06-28 15:00:00,28.4660758375992
2025-06-28 16:00:00,28.767809598042895
2025-06-28 17:00:00,28.173542847759098
2025-06-28 18:00:00,28.823532549890622
2025-06-28 19:00:00,27.518628682616512
2025-06-28 20:00:00,27.558697255949145
2025-06-28 21:00:00,28.710621040707103
2025-06-28 22:00:00,27.18797761314916
2025-06-28 23:00:00,27.01077649356057
2025-06-29 00:00:00,24.917494320139262
2025-06-29 01:00:00,24.79108438731703
2025-06-29 02:00:00,25.345588717137513
2025-06-29 03:00:00,26.13672722172213
2025-06-29 04:00:00,24.636496449478884
2025-06-29 05:00:00,26.23637357199875
2025-06-29 06:00:00,27.8702985725124
2025-06-29 07:00:00,27.439189539004264
2025-06-29 08:00:00,28.74310527823709
2025-06-29 09:00:00,30.221995833801373
2025-06-29 10:00:00,28.922862102692964
2025-06-29 11:00:00,28.040040230600116
2025-06-29 12:00:00,28.14907630199883
2025-06-29 13:00:00,28.461581119894305
2025-06-29 14:00:00,29.251559296959453
2025-06-29 15:00:00,28.87080391173752
2025-06-29 16:00:00,28.398250519927693
2025-06-29 17:00:00,28.716518571669287
2025-06-29 18:00:00,28.976522325361465
2025-06-29 19:00:00,27.20321596733224
2025-06-29 20:00:00,27.342886910839432
2025-06-29 21:00:00,26.67710369322778
2025-06-29 22:00:00,26.737042044277533
2025-06-29 23:00:00,27.72470348075072
2025-06-30 00:00:00,28.135915249012257
2025-06-30 01:00:00,28.330656130450688
2025-06-30 02:00:00,27.780701369094462
2025-06-30 03:00:00,27.07672012900002
2025-06-30 04:00:00,29.440788906112964
2025-06-30 05:00:00,27.445346479957365
2025-06-30 06:00:00,30.629599813309788
2025-06-30 07:00:00,30.853226437973955
2025-06-30 08:00:00,30.843668781733733
2025-06-30 09:00:00,32.082904077492444
2025-06-30 10:00:00,32.688841787946956
2025-06-30 11:00:00,31.787582660137833
2025-06-30 12:00:00,31.67769074995292
2025-06-30 13:00:00,30.769830435371755
2025-06-30 14:00:00,32.44869559843296
2025-06-30 15:00:00,32.94140709068505
2025-06-30 16:00:00,31.834833480672412
2025-06-30 17:00:00,32.355727685455605
2025-06-30 18:00:00,31.649901069224835
2025-06-30 19:00:00,30.163659810118233
2025-06-30 20:00:00,30.22897264662144
2025-06-30 21:00:00,30.35060268105428
2025-06-30 22:00:00,30.684994334807584
2025-06-30 23:00:00,31.518704670921135
2025-07-01 00:00:00,28.193544268430287
2025-07-01 01:00:00,27.621101173281257
2025-07-01 02:00:00,28.441871557775446
2025-07-01 03:00:00,27.83942408378647
2025-07-01 04:00:00,28.118065208155393
2025-07-01 05:00:00,28.35877590338139
2025-07-01 06:00:00,30.617029139953654
2025-07-01 07:00:00,30.261748368126103
2025-07-01 08:00:00,32.06226597355234
2025-07-01 09:00:00,31.503935959435605
2025-07-01 10:00:00,30.764305333158877
2025-07-01 11:00:00,32.91279162911805
2025-07-01 12:00:00,31.43273594875771
2025-07-01 13:00:00,32.5212483351075
2025-07-01 14:00:00,31.853364917946053
2025-07-01 15:00:00,32.393335349912675
2025-07-01 16:00:00,31.790151003337733
2025-07-01 17:00:00,31.45821146634284
2025-07-01 18:00:00,31.808916639487546
2025-07-01 19:00:00,30.57936582266363
2025-07-01 20:00:00,30.702546731343237
2025-07-01 21:00:00,31.25957132174926
2025-07-01 22:00:00,31.343062949657895
2025-07-01 23:00:00,29.99576097799192
2025-07-02 00:00:00,27.6277178350483
2025-07-02 01:00:00,27.415156222231364
2025-07-02 02:00:00,28.51322828362079
2025-07-02 03:00:00,27.39145005350857
2025-07-02 04:00:00,28.72194335841464
2025-07-02 05:00:00,27.946635766390923
2025-07-02 06:00:00,29.97911180450909
2025-07-02 07:00:00,30.888873443322872
2025-07-02 08:00:00,30.205237313707283
2025-07-02 09:00:00,32.268756765012576
2025-07-02 10:00:00,31.792525538727496
2025-07-02 11:00:00,32.29176142555428
2025-07-02 12:00:00,33.052966424625524
2025-07-02 13:00:00,32.12169749688998
2025-07-02 14:00:00,31.795503454527953
2025-07-02 15:00:00,30.772333409866725
2025-07-02 16:00:00,32.231892507183304
2025-07-02 17:00:00,32.32057407763442
2025-07-02 18:00:00,31.953038758978344
2025-07-02 19:00:00,30.210764032280203
2025-07-02 20:00:00,30.24037374604873
2025-07-02 21:00:00,30.647927675306317
2025-07-02 22:00:00,30.985479474869607
2025-07-02 23:00:00,29.796591785687284
2025-07-03 00:00:00,27.395120656596323
2025-07-03 01:00:00,28.40923055136204
2025-07-03 02:00:00,28.068547983200016
2025-07-03 03:00:00,27.22362858961433
2025-07-03 04:00:00,26.994872534536867
2025-07-03 05:00:00,27.945052125172392
2025-07-03 06:00:00,30.795053633082258
2025-07-03 07:00:00,29.83685975986318
2025-07-03 08:00:00,31.8800788921001
2025-07-03 09:00:00,31.401409487112982
2025-07-03 10:00:00,32.551226820460506
2025-07-03 11:00:00,30.583783089542937
2025-07-03 12:00:00,31.6999893282202
2025-07-03 13:00:00,31.927979069266325
2025-07-03 14:00:00,32.52810036444567
2025-07-03 15:00:00,32.22193551276169
2025-07-03 16:00:00,30.730752669222095
2025-07-03 17:00:00,32.22132497077299
2025-07-03 18:00:00,31.197054344562034
2025-07-03 19:00:00,29.598376014029668
2025-07-03 20:00:00,30.3381305893236
2025-07-03 21:00:00,30.933938851830106
2025-07-03 22:00:00,30.860151428005622
2025-07-03 23:00:00,30.700375737136167
2025-07-04 00:00:00,27.49317336442068
2025-07-04 01:00:00,28.195283186400896
2025-07-04 02:00:00,27.88386065875567
2025-07-04 03:00:00,27.700970554929278
2025-07-04 04:00:00,28.173187998109043
2025-07-04 05:00:00,28.054417330029153
2025-07-04 06:00:00,30.14395347626372
2025-07-04 07:00:00,30.702613607725638
2025-07-04 08:00:00,32.36216135421589
2025-07-04 09:00:00,30.520277915550675
2025-07-04 10:00:00,31.627389931110184
2025-07-04 11:00:00,31.771954722366097
2025-07-04 12:00:00,32.45345764574348
2025-07-04 13:00:00,31.10927355149595
2025-07-04 14:00:00,31.057456476505724
2025-07-04 15:00:00,33.03890335767825
2025-07-04 16:00:00,32.445060800281205
2025-07-04 17:00:00,32.01086547945449
2025-07-04 18:00:00,34.030816414429125
2025-07-04 19:00:00,30.710219868335688
2025-07-04 20:00:00,29.762476359672288
2025-07-04 21:00:00,30.19909942080217
2025-07-04 22:00:00,30.529423749208974
2025-07-04 23:00:00,29.280188138230102
2025-07-05 00:00:00,24.90047832736197
2025-07-05 01:00:00,25.4093859152986
2025-07-05 02:00:00,25.540910372891982
2025-07-05 03:00:00,25.09406715092014
2025-07-05 04:00:00,25.06026119780275
2025-07-05 05:00:00,25.008768578551827
2025-07-05 06:00:00,27.500648979217672
2025-07-05 07:00:00,27.527487706899397
2025-07-05 08:00:00,28.888517340910187
2025-07-05 09:00:00,28.528119610751386
2025-07-05 10:00:00,29.080429848998584
2025-07-05 11:00:00,27.748091815661684
2025-07-05 12:00:00,29.356300351823027
2025-07-05 13:00:00,29.214071326686692
2025-07-05 14:00:00,28.522870509935753
2025-07-05 15:00:00,29.629263737322407
2025-07-05 16:00:00,29.09084577557654
2025-07-05 17:00:00,28.833445266488663
2025-07-05 18:00:00,27.852138074632332
2025-07-05 19:00:00,27.446459909734035
2025-07-05 20:00:00,27.015605296861633
2025-07-05 21:00:00,27.642583095766987
2025-07-05 22:00:00,27.455467231572744
2025-07-05 23:00:00,27.156488108430413
2025-07-06 00:00:00,25.47982848664091
2025-07-06 01:00:00,24.771358085325627
2025-07-06 02:00:00,25.344782278044356
2025-07-06 03:00:00,25.871856128694702
2025-07-06 04:00:00,24.47060074650437
2025-07-06 05:00:00,25.814538274323773
2025-07-06 06:00:00,27.308135894844547
2025-07-06 07:00:00,27.935908595535942
2025-07-06 08:00:00,29.74919367936346
2025-07-06 09:00:00,28.4240881929718
2025-07-06 10:00:00,30.157252778297934
2025-07-06 11:00:00,29.294136564953153
2025-07-06 12:00:00,28.459090308312323
2025-07-06 13:00:00,29.075436818875264
2025-07-06 14:00:00,28.160554745033732
2025-07-06 15:00:00,28.93382446630628
2025-07-06 16:00:00,29.13313200805799
2025-07-06 17:00:00,28.826309154349765
2025-07-06 18:00:00,28.009840316306686
2025-07-06 19:00:00,28.285498145583638
2025-07-06 20:00:00,26.82840842179043
2025-07-06 21:00:00,27.92337885681783
2025-07-06 22:00:00,27.87777437334835
2025-07-06 23:00:00,27.95965472829951
2025-07-07 00:00:00,28.12200133478562
2025-07-07 01:00:00,29.44057790712683
2025-07-07 02:00:00,28.58930552440901
2025-07-07 03:00:00,27.8995674248149
2025-07-07 04:00:00,27.906064059667308
2025-07-07 05:00:00,28.92754768500756
2025-07-07 06:00:00,30.867074312763947
2025-07-07 07:00:00,30.08044350775528
2025-07-07 08:00:00,31.82921461140883
2025-07-07 09:00:00,30.82936493963761
2025-07-07 10:00:00,31.75550370976683
2025-07-07 11:00:00,32.25565945241365
2025-07-07 12:00:00,32.466102730138715
2025-07-07 13:00:00,33.638397705501056
2025-07-07 14:00:00,32.862190098015716
2025-07-07 15:00:00,32.21605408834694
2025-07-07 16:00:00,32.02666169566251
2025-07-07 17:00:00,31.85236276665006
2025-07-07 18:00:00,32.04853141878621
2025-07-07 19:00:00,31.209303011130963
2025-07-07 20:00:00,30.632065770891018
2025-07-07 21:00:00,31.589036731632774
2025-07-07 22:00:00,30.679962809871917
2025-07-07 23:00:00,31.07776530198105
2025-07-08 00:00:00,27.746689821159066
2025-07-08 01:00:00,27.684601327016676
2025-07-08 02:00:00,28.724245096495313
2025-07-08 03:00:00,27.575085810792366
2025-07-08 04:00:00,27.986398404129933
2025-07-08 05:00:00,28.430909134459124
2025-07-08 06:00:00,30.41006601841431
2025-07-08 07:00:00,30.486482088809293
2025-07-08 08:00:00,31.210607494174592
2025-07-08 09:00:00,30.965814355158635
2025-07-08 10:00:00,31.62303528696001
2025-07-08 11:00:00,30.866367775195368
2025-07-08 12:00:00,31.859249671270227
2025-07-08 13:00:00,32.735106322356486
2025-07-08 14:00:00,32.44137925156361
2025-07-08 15:00:00,31.874253466279868
2025-07-08 16:00:00,31.666436412551075
2025-07-08 17:00:00,32.43978455404206
2025-07-08 18:00:00,30.825568215532137
2025-07-08 19:00:00,30.548041635021157
2025-07-08 20:00:00,29.845593553447767
2025-07-08 21:00:00,29.83765822632051
2025-07-08 22:00:00,29.721951796520987
2025-07-08 23:00:00,30.658909347995444
2025-07-09 00:00:00,27.93789620695866
2025-07-09 01:00:00,29.616079711789453
2025-07-09 02:00:00,27.450557708405665
2025-07-09 03:00:00,28.845395712544065
2025-07-09 04:00:00,29.060052450526527
2025-07-09 05:00:00,28.65567276677173
2025-07-09 06:00:00,30.715825978481433
2025-07-09 07:00:00,30.762754009616835
2025-07-09 08:00:00,31.102575497754966
2025-07-09 09:00:00,32.80086659206142
2025-07-09 10:00:00,31.071739489081352
2025-07-09 11:00:00,31.822124253946022
2025-07-09 12:00:00,32.18394590837913
2025-07-09 13:00:00,32.237002873120325
2025-07-09 14:00:00,31.79908436858528
2025-07-09 15:00:00,32.352152184638236
2025-07-09 16:00:00,32.34352953668933
2025-07-09 17:00:00,31.66365566666472
2025-07-09 18:00:00,30.7689632134147
2025-07-09 19:00:00,30.799321484320743
2025-07-09 20:00:00,29.480471785048586
2025-07-09 21:00:00,28.611083095456962
2025-07-09 22:00:00,31.636929561496714
2025-07-09 23:00:00,29.630342418203515
2025-07-10 00:00:00,28.58462870571019
2025-07-10 01:00:00,28.197658961823066
2025-07-10 02:00:00,28.286835171471466
2025-07-10 03:00:00,29.074868714181047
2025-07-10 04:00:00,28.48742335080156
2025-07-10 05:00:00,27.438442720414752
2025-07-10 06:00:00,30.908521957674434
2025-07-10 07:00:00,30.91845974035159
2025-07-10 08:00:00,31.60490486485849
2025-07-10 09:00:00,33.07666938912996
2025-07-10 10:00:00,30.645188278067298
2025-07-10 11:00:00,32.13951135737752
2025-07-10 12:00:00,31.70515288751769
2025-07-10 13:00:00,32.3503212856663
2025-07-10 14:00:00,32.20245965485291
2025-07-10 15:00:00,33.102416737001384
2025-07-10 16:00:00,31.879911881555287
2025-07-10 17:00:00,31.882269211490648
2025-07-10 18:00:00,33.78789209019468
2025-07-10 19:00:00,29.71992538545402
2025-07-10 20:00:00,31.03967592434661
2025-07-10 21:00:00,31.604161065168107
2025-07-10 22:00:00,30.289839231128703
2025-07-10 23:00:00,29.33124079800987
2025-07-11 00:00:00,28.635424226233308
2025-07-11 01:00:00,28.336842608682783
2025-07-11 02:00:00,28.367786543495484
2025-07-11 03:00:00,27.40031593400901
2025-07-11 04:00:00,28.94792811177336
2025-07-11 05:00:00,27.80988942745159
2025-07-11 06:00:00,31.07172402036297
2025-07-11 07:00:00,30.599268642099176
2025-07-11 08:00:00,31.548510705371328
2025-07-11 09:00:00,31.111268236896013
2025-07-11 10:00:00,31.277279648059235
2025-07-11 11:00:00,31.895926271685326
2025-07-11 12:00:00,33.18804910037161
2025-07-11 13:00:00,31.38892811617275
2025-07-11 14:00:00,31.378731095560703
2025-07-11 15:00:00,31.58958407030774
2025-07-11 16:00:00,32.75873728317893
2025-07-11 17:00:00,33.08022314142654
2025-07-11 18:00:00,32.06712682024209
2025-07-11 19:00:00,30.504598202734847
2025-07-11 20:00:00,30.0032775594471
2025-07-11 21:00:00,30.299814722202722
2025-07-11 22:00:00,29.99971989843183
2025-07-11 23:00:00,30.869752631561322
2025-07-12 00:00:00,24.918702822257817
2025-07-12 01:00:00,24.511660884884485
2025-07-12 02:00:00,24.961945179368282
2025-07-12 03:00:00,25.32379956139033
2025-07-12 04:00:00,25.433292846586863
2025-07-12 05:00:00,25.737187744966775
2025-07-12 06:00:00,26.163294929130522
2025-07-12 07:00:00,28.03577080779234
2025-07-12 08:00:00,27.04403811123868
2025-07-12 09:00:00,28.410117775091724
2025-07-12 10:00:00,28.90023886448563
2025-07-12 11:00:00,29.274515044958957
2025-07-12 12:00:00,29.717924087360384
2025-07-12 13:00:00,29.476501707637716
2025-07-12 14:00:00,28.82746274979259
2025-07-12 15:00:00,27.91305701768412
2025-07-12 16:00:00,28.78676996619088
2025-07-12 17:00:00,29.406595640074766
2025-07-12 18:00:00,29.71264038440138
2025-07-12 19:00:00,27.56334888782083
2025-07-12 20:00:00,27.200919951904822
2025-07-12 21:00:00,27.18814773547839
2025-07-12 22:00:00,27.229859770211913
2025-07-12 23:00:00,26.803080444054174
2025-07-13 00:00:00,26.19119167168802
2025-07-13 01:00:00,25.530339716453838
2025-07-13 02:00:00,25.547359099848208
2025-07-13 03:00:00,25.13184331255588
2025-07-13 04:00:00,25.0895066222215
2025-07-13 05:00:00,25.42858616741037
2025-07-13 06:00:00,27.054284669213644
2025-07-13 07:00:00,27.19615346718546
2025-07-13 08:00:00,29.796427353702462
2025-07-13 09:00:00,28.850866131865832
2025-07-13 10:00:00,29.02354485075978
2025-07-13 11:00:00,28.176065526648184
2025-07-13 12:00:00,28.044147257008227
2025-07-13 13:00:00,29.091610663017516
2025-07-13 14:00:00,28.843443584489307
2025-07-13 15:00:00,28.214895587087636
2025-07-13 16:00:00,28.699363011720397
2025-07-13 17:00:00,29.310706370754737
2025-07-13 18:00:00,28.866708934302533
2025-07-13 19:00:00,27.417470989596445
2025-07-13 20:00:00,27.35055478166004
2025-07-13 21:00:00,27.191586489273394
2025-07-13 22:00:00,27.42646683506194
2025-07-13 23:00:00,26.914262330314976
2025-07-14 00:00:00,27.054145197334215
2025-07-14 01:00:00,28.35478897339985
2025-07-14 02:00:00,28.41987148230953
2025-07-14 03:00:00,27.98434789177188
2025-07-14 04:00:00,28.258783520019183
2025-07-14 05:00:00,27.846366460626257
2025-07-14 06:00:00,30.379752536688688
2025-07-14 07:00:00,29.616646406355557
2025-07-14 08:00:00,31.02743577300432
2025-07-14 09:00:00,31.56316696276904
2025-07-14 10:00:00,31.310728315107063
2025-07-14 11:00:00,32.10977043803544
2025-07-14 12:00:00,31.97500998423287
2025-07-14 13:00:00,32.53219525557233
2025-07-14 14:00:00,32.41194417103405
2025-07-14 15:00:00,32.851035559882554
2025-07-14 16:00:00,31.812555208525847
2025-07-14 17:00:00,31.55991393230574
2025-07-14 18:00:00,31.648441801346692
2025-07-14 19:00:00,30.036420144351
2025-07-14 20:00:00,30.22234882263752
2025-07-14 21:00:00,31.199210691953507
2025-07-14 22:00:00,31.12297749698275
2025-07-14 23:00:00,31.24850313050822
2025-07-15 00:00:00,28.94050090244245
2025-07-15 01:00:00,27.557414265855716
2025-07-15 02:00:00,27.473375277939322
2025-07-15 03:00:00,28.413528779498762
2025-07-15 04:00:00,28.098306799542797
2025-07-15 05:00:00,27.993834328821812
2025-07-15 06:00:00,31.066911290790372
2025-07-15 07:00:00,30.40783121312343
2025-07-15 08:00:00,31.720041914975386
2025-07-15 09:00:00,32.279159435370154
2025-07-15 10:00:00,32.32899504980194
2025-07-15 11:00:00,32.812080405722
2025-07-15 12:00:00,32.90843453322297
2025-07-15 13:00:00,33.97264365649124
2025-07-15 14:00:00,31.78805368864264
2025-07-15 15:00:00,31.254454885637895
2025-07-15 16:00:00,31.463708617176334
2025-07-15 17:00:00,31.513935418811254
2025-07-15 18:00:00,32.08398664865967
2025-07-15 19:00:00,30.983442493937513
2025-07-15 20:00:00,30.39737760910862
2025-07-15 21:00:00,29.14633572075184
2025-07-15 22:00:00,30.572284093085937
2025-07-15 23:00:00,30.841735701805067
2025-07-16 00:00:00,27.3239511993391
2025-07-16 01:00:00,28.088529552795393
2025-07-16 02:00:00,27.91861749145371
2025-07-16 03:00:00,28.157524014230024
2025-07-16 04:00:00,27.736037480249088
2025-07-16 05:00:00,28.849887764271443
2025-07-16 06:00:00,29.70218593025297
2025-07-16 07:00:00,29.96406169518633
2025-07-16 08:00:00,31.291971830978646
2025-07-16 09:00:00,32.99673731430641
2025-07-16 10:00:00,32.088225823495065
2025-07-16 11:00:00,30.539939261395446
2025-07-16 12:00:00,32.480598795437
2025-07-16 13:00:00,32.177046619615204
2025-07-16 14:00:00,30.50114648437708
2025-07-16 15:00:00,32.161336463144885
2025-07-16 16:00:00,30.969473354116136
2025-07-16 17:00:00,31.764870240635428
2025-07-16 18:00:00,32.36626381476292
2025-07-16 19:00:00,29.924132823233933
2025-07-16 20:00:00,29.550313756252642
2025-07-16 21:00:00,31.18530964412176
2025-07-16 22:00:00,30.198632357869247
2025-07-16 23:00:00,31.194874117103755
2025-07-17 00:00:00,27.43400779535442
2025-07-17 01:00:00,27.750632360222443
2025-07-17 02:00:00,27.942310042832982
2025-07-17 03:00:00,28.280779914143352
2025-07-17 04:00:00,27.81312388908768
2025-07-17 05:00:00,27.862587802598377
2025-07-17 06:00:00,30.817266476471907
2025-07-17 07:00:00,29.503383777170622
2025-07-17 08:00:00,32.16939236814338
2025-07-17 09:00:00,32.503520376921394
2025-07-17 10:00:00,31.898740499195423
2025-07-17 11:00:00,32.68122516051497
2025-07-17 12:00:00,32.13907759678589
2025-07-17 13:00:00,31.063001595579145
2025-07-17 14:00:00,32.4361891126393
2025-07-17 15:00:00,33.072685224932634
2025-07-17 16:00:00,32.1489826298957
2025-07-17 17:00:00,31.471465513497954
2025-07-17 18:00:00,31.86280382976501
2025-07-17 19:00:00,30.652923390001277
2025-07-17 20:00:00,29.87340123915372
2025-07-17 21:00:00,31.530861596366602
2025-07-17 22:00:00,29.923759331890917
2025-07-17 23:00:00,30.590322538740768
2025-07-18 00:00:00,27.849226601698945
2025-07-18 01:00:00,28.383047493588922
2025-07-18 02:00:00,27.570778388877738
2025-07-18 03:00:00,28.15081599069508
2025-07-18 04:00:00,28.97816685793286
2025-07-18 05:00:00,28.65762462599118
2025-07-18 06:00:00,30.67556480847738
2025-07-18 07:00:00,30.618519844410805
2025-07-18 08:00:00,31.68187558890727
2025-07-18 09:00:00,30.861774215090374
2025-07-18 10:00:00,32.33624023846387
2025-07-18 11:00:00,30.812479446260426
2025-07-18 12:00:00,31.122229386839276
2025-07-18 13:00:00,31.863569666655618
2025-07-18 14:00:00,31.114954107561896
2025-07-18 15:00:00,30.7494013536596
2025-07-18 16:00:00,31.38428297804793
2025-07-18 17:00:00,32.039187689464235
2025-07-18 18:00:00,31.544450919295965
2025-07-18 19:00:00,30.883619086725428
2025-07-18 20:00:00,30.88244155490703
2025-07-18 21:00:00,31.07824516333658
2025-07-18 22:00:00,30.636094469882927
2025-07-18 23:00:00,30.91628524615326
2025-07-19 00:00:00,25.557514195787746
2025-07-19 01:00:00,26.29508329393652
2025-07-19 02:00:00,25.136452062598302
2025-07-19 03:00:00,24.951423316479
2025-07-19 04:00:00,25.254261957423605
2025-07-19 05:00:00,24.269502139642682
2025-07-19 06:00:00,27.905514214659803
2025-07-19 07:00:00,27.149584982366836
2025-07-19 08:00:00,29.152631857704815
2025-07-19 09:00:00,29.052953016906518
2025-07-19 10:00:00,29.165148106744518
2025-07-19 11:00:00,28.539745665311713
2025-07-19 12:00:00,28.275007408386514
2025-07-19 13:00:00,29.35461616934992
2025-07-19 14:00:00,28.569948669674634
2025-07-19 15:00:00,29.35708882778594
2025-07-19 16:00:00,28.886671253220207
2025-07-19 17:00:00,29.098988545262127
2025-07-19 18:00:00,27.576474948217054
2025-07-19 19:00:00,26.495977312950494
2025-07-19 20:00:00,27.832242508079784
2025-07-19 21:00:00,27.38154837175924
2025-07-19 22:00:00,26.78986000611027
2025-07-19 23:00:00,28.30344096166071
2025-07-20 00:00:00,24.72974492543997
2025-07-20 01:00:00,25.062341110652742
2025-07-20 02:00:00,24.647637813996248
2025-07-20 03:00:00,24.845801228918265
2025-07-20 04:00:00,24.529856269540158
2025-07-20 05:00:00,25.158680134837102
2025-07-20 06:00:00,27.376667728602882
2025-07-20 07:00:00,27.73385874370445
2025-07-20 08:00:00,28.26243610183797
2025-07-20 09:00:00,28.705322831781785
2025-07-20 10:00:00,29.434152003814415
2025-07-20 11:00:00,29.694230800547576
2025-07-20 12:00:00,27.865568129521694
2025-07-20 13:00:00,29.026505042419902
2025-07-20 14:00:00,28.369066582744033
2025-07-20 15:00:00,28.38699761961253
2025-07-20 16:00:00,27.50829463042974
2025-07-20 17:00:00,27.849397108897307
2025-07-20 18:00:00,28.674469011141362
2025-07-20 19:00:00,27.10649710970004
2025-07-20 20:00:00,29.09587281947996
2025-07-20 21:00:00,28.163379346965097
2025-07-20 22:00:00,27.607461903891092
2025-07-20 23:00:00,28.47706076248095
2025-07-21 00:00:00,28.336047497382737
2025-07-21 01:00:00,28.34490660369164
2025-07-21 02:00:00,28.300675468018326
2025-07-21 03:00:00,27.99004068210202
2025-07-21 04:00:00,27.996884048232033
2025-07-21 05:00:00,27.327924118855993
2025-07-21 06:00:00,30.38917380780215
2025-07-21 07:00:00,30.272635658272137
2025-07-21 08:00:00,32.46703591767278
2025-07-21 09:00:00,32.013520700929725
2025-07-21 10:00:00,30.829337928888155
2025-07-21 11:00:00,31.875411406846833
2025-07-21 12:00:00,31.70137220408504
2025-07-21 13:00:00,32.78949804806338
2025-07-21 14:00:00,32.20965884689149
2025-07-21 15:00:00,31.592736692125744
2025-07-21 16:00:00,32.31879585710029
2025-07-21 17:00:00,32.538198936661374
2025-07-21 18:00:00,32.474535241219016
2025-07-21 19:00:00,30.645847010341654
2025-07-21 20:00:00,29.76875483826179
2025-07-21 21:00:00,30.178270007071916
2025-07-21 22:00:00,30.89090303487048
2025-07-21 23:00:00,29.843073566184923
2025-07-22 00:00:00,28.693072740670313
2025-07-22 01:00:00,28.56093288802549
2025-07-22 02:00:00,27.99647018959829
2025-07-22 03:00:00,27.40255279322189
2025-07-22 04:00:00,27.7705450871967
2025-07-22 05:00:00,29.131125189490575
2025-07-22 06:00:00,29.784999992469913
2025-07-22 07:00:00,29.501863111868936
2025-07-22 08:00:00,32.85484360941416
2025-07-22 09:00:00,31.904845883442988
2025-07-22 10:00:00,31.723492048475258
2025-07-22 11:00:00,31.508814956848273
2025-07-22 12:00:00,31.471501968930514
2025-07-22 13:00:00,31.4941939370072
2025-07-22 14:00:00,32.41635321474529
2025-07-22 15:00:00,32.182369191242664
2025-07-22 16:00:00,31.426356665755115
2025-07-22 17:00:00,32.307962722957114
2025-07-22 18:00:00,31.826655605094235
2025-07-22 19:00:00,30.689140812768112
2025-07-22 20:00:00,31.64896475895911
2025-07-22 21:00:00,29.164173575090125
2025-07-22 22:00:00,29.356489861624578
2025-07-22 23:00:00,30.339339739085677
2025-07-23 00:00:00,27.659465340491344
2025-07-23 01:00:00,28.236334669925284
2025-07-23 02:00:00,28.357860309943305
2025-07-23 03:00:00,27.852227861208146
2025-07-23 04:00:00,28.37975193958634
2025-07-23 05:00:00,27.204469584445228
2025-07-23 06:00:00,30.992584439722588
2025-07-23 07:00:00,29.703146297691383
2025-07-23 08:00:00,33.106419708946234
2025-07-23 09:00:00,31.46119137116224
2025-07-23 10:00:00,31.41617178177205
2025-07-23 11:00:00,31.695416804871595
2025-07-23 12:00:00,31.377366739414878
2025-07-23 13:00:00,31.37877544980906
2025-07-23 14:00:00,32.430552720727476
2025-07-23 15:00:00,30.841565414835703
2025-07-23 16:00:00,32.73320737561053
2025-07-23 17:00:00,31.57352527081187
2025-07-23 18:00:00,31.6589741676259
2025-07-23 19:00:00,30.677100682161047
2025-07-23 20:00:00,30.787089030145964
2025-07-23 21:00:00,30.424246451129534
2025-07-23 22:00:00,30.619501583466263
2025-07-23 23:00:00,29.569205740438157
2025-07-24 00:00:00,27.26568035875895
2025-07-24 01:00:00,28.415378941770413
2025-07-24 02:00:00,26.779187174394522
2025-07-24 03:00:00,27.94022433759924
2025-07-24 04:00:00,27.019527175974673
2025-07-24 05:00:00,26.919228587771638
2025-07-24 06:00:00,30.842320552075474
2025-07-24 07:00:00,30.22191004361244
2025-07-24 08:00:00,32.36633816602051
2025-07-24 09:00:00,31.828073545169158
2025-07-24 10:00:00,32.266721515906866
2025-07-24 11:00:00,32.69224412476592
2025-07-24 12:00:00,31.417930429943763
2025-07-24 13:00:00,32.59619821473026
2025-07-24 14:00:00,32.14645445157149
2025-07-24 15:00:00,32.84735705803998
2025-07-24 16:00:00,31.738208973198937
2025-07-24 17:00:00,32.895140699364596
2025-07-24 18:00:00,32.54386759646344
2025-07-24 19:00:00,30.35081439283462
2025-07-24 20:00:00,30.917986142128335
2025-07-24 21:00:00,30.03967868605443
2025-07-24 22:00:00,28.319023972724523
2025-07-24 23:00:00,30.81298606996304
2025-07-25 00:00:00,28.343143433403352
2025-07-25 01:00:00,28.584488297987598
2025-07-25 02:00:00,27.560632634607227
2025-07-25 03:00:00,28.054851514953107
2025-07-25 04:00:00,28.166495111516088
2025-07-25 05:00:00,28.5797926833704
2025-07-25 06:00:00,30.77227013207063
2025-07-25 07:00:00,30.38138919466636
2025-07-25 08:00:00,31.63883101163573
2025-07-25 09:00:00,32.66630468639038
2025-07-25 10:00:00,31.859068987623537
2025-07-25 11:00:00,31.418857613507427
2025-07-25 12:00:00,31.925609891206623
2025-07-25 13:00:00,31.576279480078888
2025-07-25 14:00:00,32.47853441727797
2025-07-25 15:00:00,32.501384885797016
2025-07-25 16:00:00,31.586194790372517
2025-07-25 17:00:00,32.628699208146
2025-07-25 18:00:00,31.183685775831517
2025-07-25 19:00:00,30.074663538286813
2025-07-25 20:00:00,30.80647636441608
2025-07-25 21:00:00,29.936399256648794
2025-07-25 22:00:00,30.528740286765544
2025-07-25 23:00:00,30.55484716082545
2025-07-26 00:00:00,25.929405641626662
2025-07-26 01:00:00,24.88297754384039
2025-07-26 02:00:00,25.470541155618964
2025-07-26 03:00:00,25.52767888012796
2025-07-26 04:00:00,25.630499198432307
2025-07-26 05:00:00,25.13497724780934
2025-07-26 06:00:00,28.12365217544995
2025-07-26 07:00:00,28.113695085773507
2025-07-26 08:00:00,28.206498435941544
2025-07-26 09:00:00,28.968138149669446
2025-07-26 10:00:00,28.288857512425796
2025-07-26 11:00:00,27.97562839583713
2025-07-26 12:00:00,28.952816771972305
2025-07-26 13:00:00,28.8653344139028
2025-07-26 14:00:00,29.24603049688731
2025-07-26 15:00:00,29.408514209025924
2025-07-26 16:00:00,28.718377297258158
2025-07-26 17:00:00,28.714782487691423
2025-07-26 18:00:00,29.112813638008557
2025-07-26 19:00:00,26.63935427678907
2025-07-26 20:00:00,26.876858066275865
2025-07-26 21:00:00,27.505852195610323
2025-07-26 22:00:00,27.483548658671737
2025-07-26 23:00:00,27.19724764565681
2025-07-27 00:00:00,25.11613319485576
2025-07-27 01:00:00,24.28426537964086
2025-07-27 02:00:00,24.23047983888806
2025-07-27 03:00:00,25.500881000425004
2025-07-27 04:00:00,24.84464077966211
2025-07-27 05:00:00,26.375752713517883
2025-07-27 06:00:00,26.67601299128103
2025-07-27 07:00:00,27.400169469264554
2025-07-27 08:00:00,28.37967675516615
2025-07-27 09:00:00,28.17529668902853
2025-07-27 10:00:00,29.21554328938875
2025-07-27 11:00:00,28.70475832858852
2025-07-27 12:00:00,29.63278659154305
2025-07-27 13:00:00,28.0692290984654
2025-07-27 14:00:00,28.3309437806788
2025-07-27 15:00:00,28.75032817877744
2025-07-27 16:00:00,27.902211687831013
2025-07-27 17:00:00,28.129032472767
2025-07-27 18:00:00,28.349445867755037
2025-07-27 19:00:00,25.971108215188
2025-07-27 20:00:00,27.13555380749638
2025-07-27 21:00:00,27.15711507408869
2025-07-27 22:00:00,27.285552976508054
2025-07-27 23:00:00,27.60925147290168
2025-07-28 00:00:00,28.44391466092235
2025-07-28 01:00:00,28.386148059807937
2025-07-28 02:00:00,28.11990856484506
2025-07-28 03:00:00,28.03871924741375
2025-07-28 04:00:00,27.775554997024447
2025-07-28 05:00:00,26.994011554661977
2025-07-28 06:00:00,30.861452911455753
2025-07-28 07:00:00,30.778435447917914
2025-07-28 08:00:00,31.821549933123478
2025-07-28 09:00:00,32.492513208887694
2025-07-28 10:00:00,32.26224901170219
2025-07-28 11:00:00,31.918954785374513
2025-07-28 12:00:00,32.17133387638781
2025-07-28 13:00:00,31.678630570374775
2025-07-28 14:00:00,31.577143911975664
2025-07-28 15:00:00,31.78115587819634
2025-07-28 16:00:00,31.469702353543344
2025-07-28 17:00:00,32.52306805576844
2025-07-28 18:00:00,32.15818080964617
2025-07-28 19:00:00,30.69841040736396
2025-07-28 20:00:00,29.608319027065804
2025-07-28 21:00:00,30.886315409621293
2025-07-28 22:00:00,30.49704304377957
2025-07-28 23:00:00,30.895917150210224
2025-07-29 00:00:00,28.673908002473496
2025-07-29 01:00:00,28.18180466413368
2025-07-29 02:00:00,27.47816227944363
2025-07-29 03:00:00,28.362594428079355
2025-07-29 04:00:00,27.657119518107542
2025-07-29 05:00:00,27.525192470111136
2025-07-29 06:00:00,30.15215474227107
2025-07-29 07:00:00,30.266204021448832
2025-07-29 08:00:00,30.626333742967784
2025-07-29 09:00:00,32.073394016289974
2025-07-29 10:00:00,31.5246842788108
2025-07-29 11:00:00,32.57731295563763
2025-07-29 12:00:00,32.1147260631014
2025-07-29 13:00:00,32.63596661617766
2025-07-29 14:00:00,31.53607430506372
2025-07-29 15:00:00,30.88913052339254
2025-07-29 16:00:00,31.353492607317083
2025-07-29 17:00:00,33.15244091875899
2025-07-29 18:00:00,31.687984806958926
2025-07-29 19:00:00,30.59700510928441
2025-07-29 20:00:00,31.01027586778629
2025-07-29 21:00:00,30.68406222988349
2025-07-29 22:00:00,30.284253946436955
2025-07-29 23:00:00,29.21210839582462
2025-07-30 00:00:00,27.870280851798054
2025-07-30 01:00:00,28.2905624380573
2025-07-30 02:00:00,27.346926244805907
2025-07-30 03:00:00,27.65643246051218
2025-07-30 04:00:00,27.4729753847685
2025-07-30 05:00:00,27.078090619250528
2025-07-30 06:00:00,29.50974862592676
2025-07-30 07:00:00,30.424245545860256
2025-07-30 08:00:00,32.53718634584453
2025-07-30 09:00:00,31.312570817734677
2025-07-30 10:00:00,33.120838234967955
2025-07-30 11:00:00,30.60249327812784
2025-07-30 12:00:00,31.89869149793888
2025-07-30 13:00:00,32.34995825441707
2025-07-30 14:00:00,32.24182614855645
2025-07-30 15:00:00,32.45420175272627
2025-07-30 16:00:00,32.68687684358584
2025-07-30 17:00:00,32.14004360702207
2025-07-30 18:00:00,31.469366650706586
2025-07-30 19:00:00,30.74553932504702
2025-07-30 20:00:00,30.715407744786116
2025-07-30 21:00:00,30.628528562707807
2025-07-30 22:00:00,30.68770296769316
2025-07-30 23:00:00,29.89611769651078
2025-07-31 00:00:00,27.28220628852777
2025-07-31 01:00:00,27.639960302190943
2025-07-31 02:00:00,28.51406904533012
2025-07-31 03:00:00,27.400584557559846
2025-07-31 04:00:00,28.118860194081076
2025-07-31 05:00:00,28.19847246769067
2025-07-31 06:00:00,30.542164270137953
2025-07-31 07:00:00,30.755448907812433
2025-07-31 08:00:00,32.30791730570564
2025-07-31 09:00:00,32.915195824292184
2025-07-31 10:00:00,32.11010128844696
2025-07-31 11:00:00,31.649138514577245
2025-07-31 12:00:00,31.527246754853078
2025-07-31 13:00:00,32.08559893383
2025-07-31 14:00:00,31.51355344453218
2025-07-31 15:00:00,31.926616471324156
2025-07-31 16:00:00,33.087734722520594
2025-07-31 17:00:00,31.186426727487774
2025-07-31 18:00:00,30.72797119569158
2025-07-31 19:00:00,30.243066687055585
2025-07-31 20:00:00,30.86082914549138
2025-07-31 21:00:00,29.98856239185774
2025-07-31 22:00:00,29.985733880657843
2025-07-31 23:00:00,31.2738973935706
2025-08-01 00:00:00,28.01059485156509
2025-08-01 01:00:00,28.24850252977471
2025-08-01 02:00:00,29.397013804344287
2025-08-01 03:00:00,27.614908023134717
2025-08-01 04:00:00,27.972980894101234
2025-08-01 05:00:00,27.674784376561508
2025-08-01 06:00:00,30.32129107385622
2025-08-01 07:00:00,31.136268243443027
2025-08-01 08:00:00,32.16338995991701
2025-08-01 09:00:00,32.32196255610176
2025-08-01 10:00:00,32.64777699119627
2025-08-01 11:00:00,32.99509613126595
2025-08-01 12:00:00,31.43034433947424
2025-08-01 13:00:00,32.597449763413806
2025-08-01 14:00:00,31.495471891479017
2025-08-01 15:00:00,32.040733783847806
2025-08-01 16:00:00,32.40273207111881
2025-08-01 17:00:00,32.000317690248565
2025-08-01 18:00:00,31.298789929967132
2025-08-01 19:00:00,29.322226831228964
2025-08-01 20:00:00,29.439277440190068
2025-08-01 21:00:00,30.599970288447125
2025-08-01 22:00:00,31.164363424466096
2025-08-01 23:00:00,30.80478520995835
2025-08-02 00:00:00,24.580533881953656
2025-08-02 01:00:00,25.44152753023391
2025-08-02 02:00:00,26.025602331052475
2025-08-02 03:00:00,24.62628351277503
2025-08-02 04:00:00,25.480197621525562
2025-08-02 05:00:00,25.144610734337125
2025-08-02 06:00:00,27.015602247112678
2025-08-02 07:00:00,26.56918920530866
2025-08-02 08:00:00,27.570735832886694
2025-08-02 09:00:00,29.12796690369033
2025-08-02 10:00:00,29.2513396267008
2025-08-02 11:00:00,29.115233998523898
2025-08-02 12:00:00,28.833993551850124
2025-08-02 13:00:00,28.055434208639163
2025-08-02 14:00:00,28.411653508654016
2025-08-02 15:00:00,28.668324462220646
2025-08-02 16:00:00,29.599504775224272
2025-08-02 17:00:00,29.18115578372549
2025-08-02 18:00:00,28.37528369456731
2025-08-02 19:00:00,28.266396378284266
2025-08-02 20:00:00,26.35898682954113
2025-08-02 21:00:00,27.04550623591187
2025-08-02 22:00:00,27.828366723484507
2025-08-02 23:00:00,27.512231618005984
2025-08-03 00:00:00,25.594366185922087
2025-08-03 01:00:00,24.54248569705575
2025-08-03 02:00:00,25.329894707484776
2025-08-03 03:00:00,24.372000319510928
2025-08-03 04:00:00,24.57767670930463
2025-08-03 05:00:00,24.692377135031858
2025-08-03 06:00:00,28.280139246278555
2025-08-03 07:00:00,27.588132801892574
2025-08-03 08:00:00,29.04760002320825
2025-08-03 09:00:00,29.981193146247346
2025-08-03 10:00:00,28.525943674642193
2025-08-03 11:00:00,28.425631624447668
2025-08-03 12:00:00,27.773849665359194
2025-08-03 13:00:00,29.23111099930916
2025-08-03 14:00:00,28.674525329965913
2025-08-03 15:00:00,28.081605913955052
2025-08-03 16:00:00,27.776946296153337
2025-08-03 17:00:00,28.169391698145564
2025-08-03 18:00:00,28.59804625154165
2025-08-03 19:00:00,27.12661190288155
2025-08-03 20:00:00,27.303112137368295
2025-08-03 21:00:00,27.5855536536428
2025-08-03 22:00:00,26.447748964907763
2025-08-03 23:00:00,26.652498997342242
2025-08-04 00:00:00,27.13670452062097
2025-08-04 01:00:00,27.96472410836612
2025-08-04 02:00:00,28.558837857810524
2025-08-04 03:00:00,28.157780806756843
2025-08-04 04:00:00,28.19194876212349
2025-08-04 05:00:00,28.076409124152576
2025-08-04 06:00:00,30.432744763082315
2025-08-04 07:00:00,29.776627526691055
2025-08-04 08:00:00,31.4094479233283
2025-08-04 09:00:00,31.395215907538223
2025-08-04 10:00:00,32.118868902988574
2025-08-04 11:00:00,32.55851400120418
2025-08-04 12:00:00,30.71894438156553
2025-08-04 13:00:00,32.096670595248334
2025-08-04 14:00:00,32.67555088410697
2025-08-04 15:00:00,30.927024515019994
2025-08-04 16:00:00,32.01875298363878
2025-08-04 17:00:00,31.587765938390444
2025-08-04 18:00:00,32.77408678410569
2025-08-04 19:00:00,30.574196745325214
2025-08-04 20:00:00,30.945559912513847
2025-08-04 21:00:00,31.806389257369034
2025-08-04 22:00:00,30.825344609268324
2025-08-04 23:00:00,30.18351352981394
2025-08-05 00:00:00,27.44348503905413
2025-08-05 01:00:00,27.772423703905122
2025-08-05 02:00:00,27.7293451812101
2025-08-05 03:00:00,28.46794695607872
2025-08-05 04:00:00,27.8304563308973
2025-08-05 05:00:00,27.6850973753441
2025-08-05 06:00:00,30.826604338950194
2025-08-05 07:00:00,30.32898361066119
2025-08-05 08:00:00,31.679831426443055
2025-08-05 09:00:00,31.99745073271349
2025-08-05 10:00:00,33.04885038704614
2025-08-05 11:00:00,31.286073063920256
2025-08-05 12:00:00,32.01644647237488
2025-08-05 13:00:00,32.3751216982983
2025-08-05 14:00:00,31.59793943503226
2025-08-05 15:00:00,32.35897007232062
2025-08-05 16:00:00,31.673615375685483
2025-08-05 17:00:00,32.05627479650631
2025-08-05 18:00:00,32.35325263533191
2025-08-05 19:00:00,30.68027049050092
2025-08-05 20:00:00,29.621652047068473
2025-08-05 21:00:00,29.477340504896
2025-08-05 22:00:00,30.585141144299985
2025-08-05 23:00:00,30.319429766883665
2025-08-06 00:00:00,28.24007672038224
2025-08-06 01:00:00,27.757285648632635
2025-08-06 02:00:00,28.85124377850496
2025-08-06 03:00:00,27.972873982070144
2025-08-06 04:00:00,28.637906911170905
2025-08-06 05:00:00,28.152439088118857
2025-08-06 06:00:00,30.532342905483894
2025-08-06 07:00:00,30.169065427218094
2025-08-06 08:00:00,32.3001529583676
2025-08-06 09:00:00,32.16560779361097
2025-08-06 10:00:00,32.44213703259681
2025-08-06 11:00:00,31.59489612670818
2025-08-06 12:00:00,32.104675816430074
2025-08-06 13:00:00,31.587339043722388
2025-08-06 14:00:00,31.98758418409445
2025-08-06 15:00:00,31.81335835215616
2025-08-06 16:00:00,31.334402220954612
2025-08-06 17:00:00,33.190805157538016
2025-08-06 18:00:00,32.47019687281969
2025-08-06 19:00:00,30.613502333141902
2025-08-06 20:00:00,31.103473519749784
2025-08-06 21:00:00,30.587617230721577
2025-08-06 22:00:00,30.120632670448934
2025-08-06 23:00:00,30.649995397334894
2025-08-07 00:00:00,28.792237383027356
2025-08-07 01:00:00,27.970477410696095
2025-08-07 02:00:00,28.244035958019413
2025-08-07 03:00:00,26.63614335733134
2025-08-07 04:00:00,27.82899859171012
2025-08-07 05:00:00,29.02889008303045
2025-08-07 06:00:00,30.08918016242776
2025-08-07 07:00:00,30.415796989194583
2025-08-07 08:00:00,32.100222268157154
2025-08-07 09:00:00,32.44252801369719
2025-08-07 10:00:00,32.644322424120084
2025-08-07 11:00:00,31.172055625165672
2025-08-07 12:00:00,31.22400226716671
2025-08-07 13:00:00,32.15690401973096
2025-08-07 14:00:00,32.12137234235704
2025-08-07 15:00:00,31.916748418183538
2025-08-07 16:00:00,31.793814575886167
2025-08-07 17:00:00,31.850154957908053
2025-08-07 18:00:00,31.989804477870557
2025-08-07 19:00:00,30.42968278028331
2025-08-07 20:00:00,31.130943397637562
2025-08-07 21:00:00,30.399816143886238
2025-08-07 22:00:00,30.511468454641495
2025-08-07 23:00:00,30.281704022938857
2025-08-08 00:00:00,28.528953839715214
2025-08-08 01:00:00,28.58635267056727
2025-08-08 02:00:00,27.920920533857004
2025-08-08 03:00:00,28.41745004382453
2025-08-08 04:00:00,28.754861809134702
2025-08-08 05:00:00,27.571433840130027
2025-08-08 06:00:00,30.464131828938317
2025-08-08 07:00:00,29.25954938504526
2025-08-08 08:00:00,31.345902645334444
2025-08-08 09:00:00,32.54428735896198
2025-08-08 10:00:00,32.13903522678073
2025-08-08 11:00:00,32.230928674550974
2025-08-08 12:00:00,32.588547045640404
2025-08-08 13:00:00,32.214498299263234
2025-08-08 14:00:00,31.970590676244925
2025-08-08 15:00:00,31.48224826677757
2025-08-08 16:00:00,31.339352014189846
2025-08-08 17:00:00,32.68876406360132
2025-08-08 18:00:00,31.567338713181627
2025-08-08 19:00:00,29.895057351163484
2025-08-08 20:00:00,30.12081597219772
2025-08-08 21:00:00,30.981860064437072
2025-08-08 22:00:00,30.398316415227548
2025-08-08 23:00:00,30.785694909895376
2025-08-09 00:00:00,25.352286108975918
2025-08-09 01:00:00,25.344719736929434
2025-08-09 02:00:00,24.2329022196985
2025-08-09 03:00:00,25.633309360498338
2025-08-09 04:00:00,25.162450749338287
2025-08-09 05:00:00,24.339433038678774
2025-08-09 06:00:00,26.601644202580776
2025-08-09 07:00:00,27.14884968885002
2025-08-09 08:00:00,28.346405816111552
2025-08-09 09:00:00,28.501104818663382
2025-08-09 10:00:00,28.645459143338222
2025-08-09 11:00:00,29.287864243173058
2025-08-09 12:00:00,28.85030957848868
2025-08-09 13:00:00,28.619319641835773
2025-08-09 14:00:00,28.69146913985129
2025-08-09 15:00:00,28.147677913338928
2025-08-09 16:00:00,28.29187163753285
2025-08-09 17:00:00,29.68735128332048
2025-08-09 18:00:00,29.26294033284166
2025-08-09 19:00:00,27.563325993620065
2025-08-09 20:00:00,25.79360125333709
2025-08-09 21:00:00,27.202320646723734
2025-08-09 22:00:00,27.703269445612726
2025-08-09 23:00:00,27.214044245974087
2025-08-10 00:00:00,24.56021878895982
2025-08-10 01:00:00,24.911903100787132
2025-08-10 02:00:00,24.520872835285157
2025-08-10 03:00:00,24.656714676598934
2025-08-10 04:00:00,25.036541206758542
2025-08-10 05:00:00,25.405582150398168
2025-08-10 06:00:00,27.48108847278817
2025-08-10 07:00:00,27.724688696295896
2025-08-10 08:00:00,28.862180301671405
2025-08-10 09:00:00,29.588183387399013
2025-08-10 10:00:00,29.568155230405402
2025-08-10 11:00:00,29.19554424594075
2025-08-10 12:00:00,29.590068922746216
2025-08-10 13:00:00,28.786280031790106
2025-08-10 14:00:00,29.019943586508177
2025-08-10 15:00:00,29.83306225058213
2025-08-10 16:00:00,28.140443974034582
2025-08-10 17:00:00,27.800887683008533
2025-08-10 18:00:00,28.57549662366558
2025-08-10 19:00:00,27.0914024499639
2025-08-10 20:00:00,26.738443997486808
2025-08-10 21:00:00,27.348218067979047
2025-08-10 22:00:00,28.031682498626214
2025-08-10 23:00:00,27.60408058764256
2025-08-11 00:00:00,28.29348485193401
2025-08-11 01:00:00,28.860562349204184
2025-08-11 02:00:00,26.862172356186626
2025-08-11 03:00:00,27.576459013825577
2025-08-11 04:00:00,28.141952583293293
2025-08-11 05:00:00,27.023337619409816
2025-08-11 06:00:00,30.797010812204178
2025-08-11 07:00:00,30.101935898587975
2025-08-11 08:00:00,32.82199355551512
2025-08-11 09:00:00,31.377429181304834
2025-08-11 10:00:00,31.97825623629727
2025-08-11 11:00:00,32.555634947497744
2025-08-11 12:00:00,31.72334527383015
2025-08-11 13:00:00,32.1471830958469
2025-08-11 14:00:00,31.291361864062917
2025-08-11 15:00:00,31.16384288129932
2025-08-11 16:00:00,32.19246139936219
2025-08-11 17:00:00,31.76762346611191
2025-08-11 18:00:00,32.139813325465
2025-08-11 19:00:00,30.756725324126293
2025-08-11 20:00:00,30.407307441408683
2025-08-11 21:00:00,31.1233158607137
2025-08-11 22:00:00,30.225101790512984
2025-08-11 23:00:00,31.754246806904764
2025-08-12 00:00:00,28.099152307765273
2025-08-12 01:00:00,27.61410327666479
2025-08-12 02:00:00,28.38062581377653
2025-08-12 03:00:00,27.82322378075209
2025-08-12 04:00:00,28.744727294610797
2025-08-12 05:00:00,28.312258954702482
2025-08-12 06:00:00,30.127202926238635
2025-08-12 07:00:00,31.557224348300306
2025-08-12 08:00:00,32.83059451009852
2025-08-12 09:00:00,31.508496964558407
2025-08-12 10:00:00,32.06954684048595
2025-08-12 11:00:00,32.092480829370786
2025-08-12 12:00:00,31.93089541393425
2025-08-12 13:00:00,31.704312058202305
2025-08-12 14:00:00,32.740686089941015
2025-08-12 15:00:00,31.758428895338437
2025-08-12 16:00:00,31.961558487212233
2025-08-12 17:00:00,31.58163817576936
2025-08-12 18:00:00,32.17843776702296
2025-08-12 19:00:00,30.503147803709503
2025-08-12 20:00:00,29.98751454722829
2025-08-12 21:00:00,31.032715108196886
2025-08-12 22:00:00,30.679183552641586
2025-08-12 23:00:00,30.945629882626086
2025-08-13 00:00:00,27.14800774750228
2025-08-13 01:00:00,28.1654652171048
2025-08-13 02:00:00,28.18977847263602
2025-08-13 03:00:00,27.385804198232268
2025-08-13 04:00:00,27.544555483603972
2025-08-13 05:00:00,28.316953378347705
2025-08-13 06:00:00,29.619892478181423
2025-08-13 07:00:00,30.46444056513968
2025-08-13 08:00:00,32.370763419622506
2025-08-13 09:00:00,31.03670219974849
2025-08-13 10:00:00,30.964391639875252
2025-08-13 11:00:00,32.905629198042156
2025-08-13 12:00:00,31.436034046613653
2025-08-13 13:00:00,30.689062644901703
2025-08-13 14:00:00,31.862396383223636
2025-08-13 15:00:00,31.102137657008324
2025-08-13 16:00:00,30.45759984342248
2025-08-13 17:00:00,32.54480014976697
2025-08-13 18:00:00,30.904701458043238
2025-08-13 19:00:00,30.011902304252228
2025-08-13 20:00:00,29.47614040459384
2025-08-13 21:00:00,30.82008330996107
2025-08-13 22:00:00,31.55909396358519
2025-08-13 23:00:00,31.47200089626671
2025-08-14 00:00:00,27.59556943420318
2025-08-14 01:00:00,28.302248262171272
2025-08-14 02:00:00,27.932575698491675
2025-08-14 03:00:00,27.666203377355895
2025-08-14 04:00:00,28.288851709966163
2025-08-14 05:00:00,27.170173250627705
2025-08-14 06:00:00,31.12553719143032
2025-08-14 07:00:00,30.113999338840248
2025-08-14 08:00:00,31.309525459735614
2025-08-14 09:00:00,33.55160317298086
2025-08-14 10:00:00,32.29421953223147
2025-08-14 11:00:00,32.58950006220115
2025-08-14 12:00:00,32.05845664272642
2025-08-14 13:00:00,31.37226870049885
2025-08-14 14:00:00,31.019524700306714
2025-08-14 15:00:00,31.50604247165851
2025-08-14 16:00:00,32.22595568076799
2025-08-14 17:00:00,31.941428430910932
2025-08-14 18:00:00,33.004228505856815
2025-08-14 19:00:00,30.093752976566307
2025-08-14 20:00:00,31.07518260715128
2025-08-14 21:00:00,30.643333496748713
2025-08-14 22:00:00,31.67603974247892
2025-08-14 23:00:00,30.256365827725826
2025-08-15 00:00:00,26.61839216360602
2025-08-15 01:00:00,27.719867438075838
2025-08-15 02:00:00,28.440606551595085
2025-08-15 03:00:00,27.772009135959337
2025-08-15 04:00:00,27.682560915242902
2025-08-15 05:00:00,27.50992441221879
2025-08-15 06:00:00,30.063633003735116
2025-08-15 07:00:00,30.6892892715955
2025-08-15 08:00:00,31.93314401741494
2025-08-15 09:00:00,30.623191321309797
2025-08-15 10:00:00,30.905098846156783
2025-08-15 11:00:00,32.35730690436034
2025-08-15 12:00:00,32.194999298244596
2025-08-15 13:00:00,31.924858689506532
2025-08-15 14:00:00,31.56124743415108
2025-08-15 15:00:00,32.25873849149361
2025-08-15 16:00:00,31.720331037078626
2025-08-15 17:00:00,32.01580679806138
2025-08-15 18:00:00,32.734609732133244
2025-08-15 19:00:00,30.35029502918586
2025-08-15 20:00:00,30.062649719127172
2025-08-15 21:00:00,30.757656369735702
2025-08-15 22:00:00,30.69328181889556
2025-08-15 23:00:00,31.44662383441422
2025-08-16 00:00:00,24.786536581803244
2025-08-16 01:00:00,26.458184083698818
2025-08-16 02:00:00,24.965227145418588
2025-08-16 03:00:00,25.6605155356391
2025-08-16 04:00:00,25.15682462406555
2025-08-16 05:00:00,25.312697742218006
2025-08-16 06:00:00,26.70511788768664
2025-08-16 07:00:00,27.040224695918745
2025-08-16 08:00:00,28.336676010180415
2025-08-16 09:00:00,28.833831901767084
2025-08-16 10:00:00,28.57333710011693
2025-08-16 11:00:00,28.948823729366914
2025-08-16 12:00:00,27.843035083877105
2025-08-16 13:00:00,28.75676977028271
2025-08-16 14:00:00,28.858343580519094
2025-08-16 15:00:00,28.923474135502552
2025-08-16 16:00:00,28.915328223988407
2025-08-16 17:00:00,28.162468172180056
2025-08-16 18:00:00,29.038893902105634
2025-08-16 19:00:00,27.157689463448698
2025-08-16 20:00:00,27.888905496246156
2025-08-16 21:00:00,27.474500153473564
2025-08-16 22:00:00,27.120925479189417
2025-08-16 23:00:00,27.25145058402894
2025-08-17 00:00:00,25.54980243885966
2025-08-17 01:00:00,25.463339290395517
2025-08-17 02:00:00,24.87506969283566
2025-08-17 03:00:00,26.21680237910973
2025-08-17 04:00:00,25.19909323728023
2025-08-17 05:00:00,26.03700305744111
2025-08-17 06:00:00,27.565820121918684
2025-08-17 07:00:00,27.582887948565023
2025-08-17 08:00:00,28.052007295226627
2025-08-17 09:00:00,27.38485529797085
2025-08-17 10:00:00,28.510512500953922
2025-08-17 11:00:00,29.51591295059883
2025-08-17 12:00:00,28.944091059363345
2025-08-17 13:00:00,29.250962236441797
2025-08-17 14:00:00,28.294162986792905
2025-08-17 15:00:00,30.140565843036097
2025-08-17 16:00:00,29.66067055739125
2025-08-17 17:00:00,28.342259754219064
2025-08-17 18:00:00,28.25187557809694
2025-08-17 19:00:00,26.71436253069552
2025-08-17 20:00:00,27.368639018945235
2025-08-17 21:00:00,28.094657898309464
2025-08-17 22:00:00,27.685405117889594
2025-08-17 23:00:00,27.264562413136876
2025-08-18 00:00:00,29.18484873249233
2025-08-18 01:00:00,27.900219227092226
2025-08-18 02:00:00,28.52018218109631
2025-08-18 03:00:00,27.916478537080497
2025-08-18 04:00:00,28.257803940686838
2025-08-18 05:00:00,28.30998307971895
2025-08-18 06:00:00,30.13182183151232
2025-08-18 07:00:00,30.817522423598916
2025-08-18 08:00:00,32.78464474136918
2025-08-18 09:00:00,30.729539887710068
2025-08-18 10:00:00,31.21958131106607
2025-08-18 11:00:00,31.62582786374192
2025-08-18 12:00:00,32.150779278496096
2025-08-18 13:00:00,31.650301033825404
2025-08-18 14:00:00,31.997451772837934
2025-08-18 15:00:00,31.728032869764508
2025-08-18 16:00:00,32.08342254252408
2025-08-18 17:00:00,31.86445573331762
2025-08-18 18:00:00,31.575500238605596
2025-08-18 19:00:00,30.879544377864494
2025-08-18 20:00:00,29.467410779427446
2025-08-18 21:00:00,30.000654810048925
2025-08-18 22:00:00,30.577369495816406
2025-08-18 23:00:00,30.38649798260453
2025-08-19 00:00:00,28.29204902675886
2025-08-19 01:00:00,28.168983552326715
2025-08-19 02:00:00,28.298929993784014
2025-08-19 03:00:00,28.810209093115986
2025-08-19 04:00:00,28.64153779891436
2025-08-19 05:00:00,27.625888976803864
2025-08-19 06:00:00,30.171764134694108
2025-08-19 07:00:00,31.12386333086494
2025-08-19 08:00:00,31.174322898462368
2025-08-19 09:00:00,31.47457706905188
2025-08-19 10:00:00,31.543768274801664
2025-08-19 11:00:00,31.658314240721623
2025-08-19 12:00:00,32.21240046507373
2025-08-19 13:00:00,32.19893498646054
2025-08-19 14:00:00,32.384365806372585
2025-08-19 15:00:00,32.57978523398088
2025-08-19 16:00:00,32.66812617675893
2025-08-19 17:00:00,32.16491577449989
2025-08-19 18:00:00,32.03741338763271
2025-08-19 19:00:00,29.67758738890167
2025-08-19 20:00:00,30.472268578887494
2025-08-19 21:00:00,30.14346446763089
2025-08-19 22:00:00,30.620141574969132
2025-08-19 23:00:00,30.46371039943946
2025-08-20 00:00:00,27.27939885128045
2025-08-20 01:00:00,27.248645703006822
2025-08-20 02:00:00,28.742625056760396
2025-08-20 03:00:00,27.917613422739173
2025-08-20 04:00:00,27.81173444465827
2025-08-20 05:00:00,28.10883667143075
2025-08-20 06:00:00,30.442328489318648
2025-08-20 07:00:00,30.32386144484984
2025-08-20 08:00:00,31.87841811101018
2025-08-20 09:00:00,33.084626079889084
2025-08-20 10:00:00,32.031421975935714
2025-08-20 11:00:00,31.93457925389494
2025-08-20 12:00:00,32.59215261427081
2025-08-20 13:00:00,31.950382531053812
2025-08-20 14:00:00,32.69133771400278
2025-08-20 15:00:00,31.500651313284077
2025-08-20 16:00:00,32.12345420239511
2025-08-20 17:00:00,31.795791990829894
2025-08-20 18:00:00,32.465240563609264
2025-08-20 19:00:00,30.72350946039361
2025-08-20 20:00:00,29.982723064376657
2025-08-20 21:00:00,29.42047328277195
2025-08-20 22:00:00,30.593546219016268
2025-08-20 23:00:00,29.459889566783406
2025-08-21 00:00:00,28.283129189036774
2025-08-21 01:00:00,28.496064808417596
2025-08-21 02:00:00,27.938550189920875
2025-08-21 03:00:00,27.93688088297934
2025-08-21 04:00:00,28.21321379763706
2025-08-21 05:00:00,28.177664186749432
2025-08-21 06:00:00,29.58030963830147
2025-08-21 07:00:00,30.481837568273725
2025-08-21 08:00:00,32.146925220641535
2025-08-21 09:00:00,32.2571277832735
2025-08-21 10:00:00,31.54809358511155
2025-08-21 11:00:00,31.15321434002292
2025-08-21 12:00:00,31.133927036448757
2025-08-21 13:00:00,32.523939737533794
2025-08-21 14:00:00,32.161761849293285
2025-08-21 15:00:00,31.00039331075685
2025-08-21 16:00:00,32.78254965515679
2025-08-21 17:00:00,32.5531779277141
2025-08-21 18:00:00,33.37144076384638
2025-08-21 19:00:00,30.58857706851728
2025-08-21 20:00:00,31.320707476769144
2025-08-21 21:00:00,31.634321736949463
2025-08-21 22:00:00,30.33407276138212
2025-08-21 23:00:00,31.517880810787794
2025-08-22 00:00:00,27.121193372233027
2025-08-22 01:00:00,27.71173524644946
2025-08-22 02:00:00,28.126078595634727
2025-08-22 03:00:00,27.45325357454943
2025-08-22 04:00:00,28.436072845316552
2025-08-22 05:00:00,28.398182781252725
2025-08-22 06:00:00,30.452377886956736
2025-08-22 07:00:00,30.977448891676065
2025-08-22 08:00:00,32.80924454311716
2025-08-22 09:00:00,31.61501389103404
2025-08-22 10:00:00,32.05045772053767
2025-08-22 11:00:00,31.895308443441504
2025-08-22 12:00:00,31.77576547567578
2025-08-22 13:00:00,32.69385313174389
2025-08-22 14:00:00,31.427653383592556
2025-08-22 15:00:00,31.65644625345367
2025-08-22 16:00:00,31.452580411485524
2025-08-22 17:00:00,32.273348855718226
2025-08-22 18:00:00,31.302777976982128
2025-08-22 19:00:00,30.77561928096868
2025-08-22 20:00:00,30.219526499142624
2025-08-22 21:00:00,30.93637164154109
2025-08-22 22:00:00,31.001759252658502
2025-08-22 23:00:00,30.24783950161029
2025-08-23 00:00:00,24.620593256340488
2025-08-23 01:00:00,25.6278468065833
2025-08-23 02:00:00,25.814764119709857
2025-08-23 03:00:00,25.52347702676112
2025-08-23 04:00:00,25.207342689423594
2025-08-23 05:00:00,25.37096583429491
2025-08-23 06:00:00,29.43666595073413
2025-08-23 07:00:00,26.73319901149409
2025-08-23 08:00:00,27.608724357411006
2025-08-23 09:00:00,29.914863442689814
2025-08-23 10:00:00,30.20268807612918
2025-08-23 11:00:00,28.406524590866116
2025-08-23 12:00:00,28.53973214545079
2025-08-23 13:00:00,28.438457628388505
2025-08-23 14:00:00,27.902723906829394
2025-08-23 15:00:00,28.58660720013674
2025-08-23 16:00:00,28.239457906479522
2025-08-23 17:00:00,28.973792456106477
2025-08-23 18:00:00,28.60876325224501
2025-08-23 19:00:00,27.499831822021118
2025-08-23 20:00:00,27.54053057922192
2025-08-23 21:00:00,27.10564926773858
2025-08-23 22:00:00,27.5880404744876
2025-08-23 23:00:00,27.65286017130393
2025-08-24 00:00:00,26.489313148129984
2025-08-24 01:00:00,25.25492881852013
2025-08-24 02:00:00,25.753758363143852
2025-08-24 03:00:00,25.140159667232933
2025-08-24 04:00:00,25.18443226046229
2025-08-24 05:00:00,25.42809046951852
2025-08-24 06:00:00,27.58447249848208
2025-08-24 07:00:00,26.618085578810664
2025-08-24 08:00:00,28.627224772982117
2025-08-24 09:00:00,29.090054302478983
2025-08-24 10:00:00,27.671660255996958
2025-08-24 11:00:00,28.070168888645583
2025-08-24 12:00:00,29.27504214808082
2025-08-24 13:00:00,28.912857830545462
2025-08-24 14:00:00,28.631964962449405
2025-08-24 15:00:00,29.03501193813469
2025-08-24 16:00:00,27.782730695310946
2025-08-24 17:00:00,29.000242458640965
2025-08-24 18:00:00,29.155169937730463
2025-08-24 19:00:00,27.587743501527267
2025-08-24 20:00:00,26.152656977522142
2025-08-24 21:00:00,27.23762597052638
2025-08-24 22:00:00,26.712518024142017
2025-08-24 23:00:00,26.97138381236705
2025-08-25 00:00:00,28.294398684943367
2025-08-25 01:00:00,28.303315218375015
2025-08-25 02:00:00,27.758074032656804
2025-08-25 03:00:00,28.32494615626714
2025-08-25 04:00:00,27.687985652839142
2025-08-25 05:00:00,28.76184926360456
2025-08-25 06:00:00,30.81482731118776
2025-08-25 07:00:00,30.763051761384524
2025-08-25 08:00:00,31.980597144941928
2025-08-25 09:00:00,32.746165323492505
2025-08-25 10:00:00,32.13767184690525
2025-08-25 11:00:00,31.63420947658431
2025-08-25 12:00:00,32.315469621769275
2025-08-25 13:00:00,31.878602612749052
2025-08-25 14:00:00,32.138400650730446
2025-08-25 15:00:00,31.808723198684156
2025-08-25 16:00:00,32.23146634384278
2025-08-25 17:00:00,32.65464220091468
2025-08-25 18:00:00,31.66722030893644
2025-08-25 19:00:00,31.19334626513583
2025-08-25 20:00:00,30.132737665822283
2025-08-25 21:00:00,30.27755936847255
2025-08-25 22:00:00,30.202398033822934
2025-08-25 23:00:00,31.14146349096078
2025-08-26 00:00:00,27.453358028135707
2025-08-26 01:00:00,28.705901288064105
2025-08-26 02:00:00,28.883914054980995
2025-08-26 03:00:00,28.061795225419367
2025-08-26 04:00:00,28.737082849135437
2025-08-26 05:00:00,28.35128992874914
2025-08-26 06:00:00,30.798595586571025
2025-08-26 07:00:00,31.535308371245616
2025-08-26 08:00:00,32.80149930889638
2025-08-26 09:00:00,31.895959388001547
2025-08-26 10:00:00,31.841465409950505
2025-08-26 11:00:00,31.653990682000565
2025-08-26 12:00:00,33.79302498983343
2025-08-26 13:00:00,32.92076224803956
2025-08-26 14:00:00,32.50722562643452
2025-08-26 15:00:00,32.4967233539539
2025-08-26 16:00:00,32.92951929538258
2025-08-26 17:00:00,32.554860480680084
2025-08-26 18:00:00,31.44761007309531
2025-08-26 19:00:00,30.641056223138655
2025-08-26 20:00:00,30.793293004103997
2025-08-26 21:00:00,29.889600015952922
2025-08-26 22:00:00,30.530832319085185
2025-08-26 23:00:00,31.058822753477266
2025-08-27 00:00:00,28.52985560367854
2025-08-27 01:00:00,28.424183039429906
2025-08-27 02:00:00,27.781151274339315
2025-08-27 03:00:00,27.319275582827785
2025-08-27 04:00:00,27.40192940076856
2025-08-27 05:00:00,27.751544657331454
2025-08-27 06:00:00,29.499915834071963
2025-08-27 07:00:00,30.5834241201085
2025-08-27 08:00:00,31.110784775507295
2025-08-27 09:00:00,32.06194611017291
2025-08-27 10:00:00,31.11625394095348
2025-08-27 11:00:00,31.77229336402554
2025-08-27 12:00:00,31.739991955745445
2025-08-27 13:00:00,31.25602555219525
2025-08-27 14:00:00,31.16518682769124
2025-08-27 15:00:00,31.692560577453076
2025-08-27 16:00:00,32.59258863797135
2025-08-27 17:00:00,32.35999936917789
2025-08-27 18:00:00,31.374299440364783
2025-08-27 19:00:00,30.003230274378613
2025-08-27 20:00:00,30.930764790178124
2025-08-27 21:00:00,30.03737410750248
2025-08-27 22:00:00,30.190706394073132
2025-08-27 23:00:00,30.63559154616985
2025-08-28 00:00:00,27.05518880737101
2025-08-28 01:00:00,26.826572768199565
2025-08-28 02:00:00,27.885888279005325
2025-08-28 03:00:00,28.716002615686495
2025-08-28 04:00:00,27.407753126628037
2025-08-28 05:00:00,27.37049049279457
2025-08-28 06:00:00,29.399723117780606
2025-08-28 07:00:00,31.32453410639456
2025-08-28 08:00:00,30.507828424064776
2025-08-28 09:00:00,31.81408329250917
2025-08-28 10:00:00,32.455572581629355
2025-08-28 11:00:00,32.70961068850666
2025-08-28 12:00:00,32.35681923025773
2025-08-28 13:00:00,32.72547205320653
2025-08-28 14:00:00,32.444326831467386
2025-08-28 15:00:00,31.171336210726167
2025-08-28 16:00:00,32.1926032167182
2025-08-28 17:00:00,31.416154715838704
2025-08-28 18:00:00,31.56912660441628
2025-08-28 19:00:00,30.658006053765895
2025-08-28 20:00:00,31.01091577854585
2025-08-28 21:00:00,29.94125458602674
2025-08-28 22:00:00,29.9014754154573
2025-08-28 23:00:00,31.374262044813282
2025-08-29 00:00:00,28.714306764897035
2025-08-29 01:00:00,27.793188853594312
2025-08-29 02:00:00,28.711246121618643
2025-08-29 03:00:00,27.659703335622602
2025-08-29 04:00:00,28.30120224420734
2025-08-29 05:00:00,28.292532172438452
2025-08-29 06:00:00,29.778190620535113
2025-08-29 07:00:00,30.06963177028466
2025-08-29 08:00:00,31.69227288030953
2025-08-29 09:00:00,32.604109597727344
2025-08-29 10:00:00,31.84202079702688
2025-08-29 11:00:00,32.07410039079316
2025-08-29 12:00:00,31.257844126612127
2025-08-29 13:00:00,31.933288227667518
2025-08-29 14:00:00,32.49791053756953
2025-08-29 15:00:00,31.556463449524497
2025-08-29 16:00:00,30.785596988310843
2025-08-29 17:00:00,31.54196826926117
2025-08-29 18:00:00,32.14605745421585
2025-08-29 19:00:00,30.66781676866773
2025-08-29 20:00:00,30.53908723040086
2025-08-29 21:00:00,30.914360824170423
2025-08-29 22:00:00,29.00052553998473
2025-08-29 23:00:00,30.822319394633062
2025-08-30 00:00:00,25.327089614800894
2025-08-30 01:00:00,26.185197247757227
2025-08-30 02:00:00,25.17323312052657
2025-08-30 03:00:00,25.49020258336586
2025-08-30 04:00:00,24.520703265809118
2025-08-30 05:00:00,24.92016794799042
2025-08-30 06:00:00,27.14993704085765
2025-08-30 07:00:00,27.5011909550853
2025-08-30 08:00:00,28.587149243310556
2025-08-30 09:00:00,28.57363885332981
2025-08-30 10:00:00,28.48381245168517
2025-08-30 11:00:00,28.84781603458336
2025-08-30 12:00:00,29.492853928772742
2025-08-30 13:00:00,29.001618754848383
2025-08-30 14:00:00,30.16939909259251
2025-08-30 15:00:00,29.535224964421914
2025-08-30 16:00:00,29.46188882715765
2025-08-30 17:00:00,28.840287471727642
2025-08-30 18:00:00,29.38529904273981
2025-08-30 19:00:00,27.446971343184526
2025-08-30 20:00:00,27.20094667758901
2025-08-30 21:00:00,26.89134627104317
2025-08-30 22:00:00,27.030845997909232
2025-08-30 23:00:00,28.10560965453355
2025-08-31 00:00:00,25.54076918402127
2025-08-31 01:00:00,25.444587847508842
2025-08-31 02:00:00,25.7275790047363
2025-08-31 03:00:00,25.559372152595962
2025-08-31 04:00:00,24.919056463421843
2025-08-31 05:00:00,24.93316477370843
2025-08-31 06:00:00,27.12993090456138
2025-08-31 07:00:00,28.426682388606658
2025-08-31 08:00:00,28.158853893777703
2025-08-31 09:00:00,28.20204490599376
2025-08-31 10:00:00,29.297825293709906
2025-08-31 11:00:00,29.48975823482228
2025-08-31 12:00:00,28.523180718714286
2025-08-31 13:00:00,28.90023049520736
2025-08-31 14:00:00,30.018353151200923
2025-08-31 15:00:00,28.87749047937085
2025-08-31 16:00:00,29.300027626321047
2025-08-31 17:00:00,29.030485022966012
2025-08-31 18:00:00,28.9298939855322
2025-08-31 19:00:00,27.384254074049135
2025-08-31 20:00:00,27.537778546892074
2025-08-31 21:00:00,28.5727368777393
2025-08-31 22:00:00,27.441040120648914
2025-08-31 23:00:00,27.23806444827293
2025-09-01 00:00:00,26.69028569869427
2025-09-01 01:00:00,28.744132376656115
2025-09-01 02:00:00,28.087050407852168
2025-09-01 03:00:00,26.906292412359285
2025-09-01 04:00:00,27.57385325305599
2025-09-01 05:00:00,28.506793536833623
2025-09-01 06:00:00,30.291233820289296
2025-09-01 07:00:00,30.120428986853184
2025-09-01 08:00:00,30.964946506471065
2025-09-01 09:00:00,32.151191427505275
2025-09-01 10:00:00,32.35503514769882
2025-09-01 11:00:00,30.94810157044315
2025-09-01 12:00:00,33.08432717900178
2025-09-01 13:00:00,31.0977553552511
2025-09-01 14:00:00,32.916130374672456
2025-09-01 15:00:00,30.270173221714213
2025-09-01 16:00:00,32.75452758513475
2025-09-01 17:00:00,32.85312602220959
2025-09-01 18:00:00,30.73347676182193
2025-09-01 19:00:00,29.978656763794163
2025-09-01 20:00:00,30.63540913270162
2025-09-01 21:00:00,30.317301502961655
2025-09-01 22:00:00,30.366514567947824
2025-09-01 23:00:00,30.98513595766261
2025-09-02 00:00:00,28.04924731687724
2025-09-02 01:00:00,27.86877466348367
2025-09-02 02:00:00,28.582407659762094
2025-09-02 03:00:00,27.935915810316274
2025-09-02 04:00:00,27.88155726615941
2025-09-02 05:00:00,27.145033310346545
2025-09-02 06:00:00,29.615851487469563
2025-09-02 07:00:00,30.402479141910163
2025-09-02 08:00:00,32.33809510444786
2025-09-02 09:00:00,32.81164553471037
2025-09-02 10:00:00,31.730586862725364
2025-09-02 11:00:00,32.6689673674821
2025-09-02 12:00:00,31.19213372559105
2025-09-02 13:00:00,30.64090378659518
2025-09-02 14:00:00,33.52470983167721
2025-09-02 15:00:00,32.12773772606363
2025-09-02 16:00:00,33.025366198983654
2025-09-02 17:00:00,33.04737945911203
2025-09-02 18:00:00,31.31078835099444
2025-09-02 19:00:00,29.870962336855168
2025-09-02 20:00:00,29.88657357243022
2025-09-02 21:00:00,31.769337989851405
2025-09-02 22:00:00,31.158243069208066
2025-09-02 23:00:00,29.207289612844903
2025-09-03 00:00:00,27.91173152881424
2025-09-03 01:00:00,28.345570007598422
2025-09-03 02:00:00,28.744103626741044
2025-09-03 03:00:00,28.609887846256445
2025-09-03 04:00:00,27.814973862215837
2025-09-03 05:00:00,28.687991236109458
2025-09-03 06:00:00,31.508158420176205
2025-09-03 07:00:00,30.068530521019348
2025-09-03 08:00:00,31.352732297427316
2025-09-03 09:00:00,31.544788747609527
2025-09-03 10:00:00,31.926221541084345
2025-09-03 11:00:00,31.828269438755882
2025-09-03 12:00:00,32.24641805176258
2025-09-03 13:00:00,31.7244725827246
2025-09-03 14:00:00,32.534680687492575
2025-09-03 15:00:00,32.29238079370735
2025-09-03 16:00:00,31.66566268430408
2025-09-03 17:00:00,32.48032814838521
2025-09-03 18:00:00,32.042224820558076
2025-09-03 19:00:00,30.686570563840437
2025-09-03 20:00:00,31.006507354786
2025-09-03 21:00:00,30.512144726551792
2025-09-03 22:00:00,30.422747578039097
2025-09-03 23:00:00,30.27884604405415
2025-09-04 00:00:00,28.924091060310307
2025-09-04 01:00:00,28.112378990796525
2025-09-04 02:00:00,28.479404506651253
2025-09-04 03:00:00,29.046971036484877
2025-09-04 04:00:00,27.78227766920556
2025-09-04 05:00:00,27.61423535235297
2025-09-04 06:00:00,29.854272033393027
2025-09-04 07:00:00,30.793028500416952
2025-09-04 08:00:00,31.603404082272935
2025-09-04 09:00:00,31.34496507150444
2025-09-04 10:00:00,30.63182099970465
2025-09-04 11:00:00,32.159600679766086
2025-09-04 12:00:00,32.812475402246115
2025-09-04 13:00:00,30.974543893652996
2025-09-04 14:00:00,32.55606047175002
2025-09-04 15:00:00,32.65368101090556
2025-09-04 16:00:00,33.23759605165757
2025-09-04 17:00:00,32.778277327784224
2025-09-04 18:00:00,32.551624237484155
2025-09-04 19:00:00,30.437971066437527
2025-09-04 20:00:00,29.736769253474566
2025-09-04 21:00:00,31.075486476553817
2025-09-04 22:00:00,30.496970849746738
2025-09-04 23:00:00,30.945916484329448
2025-09-05 00:00:00,27.836502716196385
2025-09-05 01:00:00,27.770740990025615
2025-09-05 02:00:00,28.21212279561281
2025-09-05 03:00:00,27.10887975785386
2025-09-05 04:00:00,27.812268435634117
2025-09-05 05:00:00,28.911954112587186
2025-09-05 06:00:00,30.47896489090992
2025-09-05 07:00:00,29.840643882330507
2025-09-05 08:00:00,32.208461065217925
2025-09-05 09:00:00,31.157116535865285
2025-09-05 10:00:00,32.14559545185089
2025-09-05 11:00:00,31.40204215226314
2025-09-05 12:00:00,31.956536681177276
2025-09-05 13:00:00,32.503936845618696
2025-09-05 14:00:00,32.28287138824845
2025-09-05 15:00:00,31.7329859534471
2025-09-05 16:00:00,33.378020808450465
2025-09-05 17:00:00,32.31680942126311
2025-09-05 18:00:00,32.03904282389541
2025-09-05 19:00:00,29.86346551230809
2025-09-05 20:00:00,28.774032760294325
2025-09-05 21:00:00,30.5443386303588
2025-09-05 22:00:00,30.225660480564642
2025-09-05 23:00:00,29.938275386188625
2025-09-06 00:00:00,24.738094440987474
2025-09-06 01:00:00,24.994911109342052
2025-09-06 02:00:00,25.561965225691488
2025-09-06 03:00:00,25.19634071476809
2025-09-06 04:00:00,24.646690914275766
2025-09-06 05:00:00,24.665087955704482
2025-09-06 06:00:00,27.22214524182831
2025-09-06 07:00:00,26.983000259434817
2025-09-06 08:00:00,28.514170719577606
2025-09-06 09:00:00,29.576349892219945
2025-09-06 10:00:00,28.91925263065739
2025-09-06 11:00:00,30.35778798909948
2025-09-06 12:00:00,28.712187863841482
2025-09-06 13:00:00,28.34569022755362
2025-09-06 14:00:00,29.511344848175842
2025-09-06 15:00:00,28.980648235741583
2025-09-06 16:00:00,28.07031075099321
2025-09-06 17:00:00,28.46607406832181
2025-09-06 18:00:00,29.65501961467815
2025-09-06 19:00:00,27.92081783674254
2025-09-06 20:00:00,27.954312247365685
2025-09-06 21:00:00,26.490023527182874
2025-09-06 22:00:00,26.290959165633254
2025-09-06 23:00:00,26.650463576900894
2025-09-07 00:00:00,25.6041959731608
2025-09-07 01:00:00,24.761175889554643
2025-09-07 02:00:00,25.443998588029718
2025-09-07 03:00:00,24.684859991634777
2025-09-07 04:00:00,24.91502300821231
2025-09-07 05:00:00,25.993205536396257
2025-09-07 06:00:00,27.916007719204845
2025-09-07 07:00:00,28.719407077976157
2025-09-07 08:00:00,29.311790843375903
2025-09-07 09:00:00,28.769223738719738
2025-09-07 10:00:00,29.582651663082395
2025-09-07 11:00:00,29.307545837880966
2025-09-07 12:00:00,28.61474859209126
2025-09-07 13:00:00,28.585822722041797
2025-09-07 14:00:00,28.851620440647935
2025-09-07 15:00:00,28.66180448237514
2025-09-07 16:00:00,28.59462419472847
2025-09-07 17:00:00,29.04345744512515
2025-09-07 18:00:00,27.677404578318928
2025-09-07 19:00:00,27.94986623315851
2025-09-07 20:00:00,27.984815709959154
2025-09-07 21:00:00,26.668739780491556
2025-09-07 22:00:00,27.540900533523946
2025-09-07 23:00:00,27.20552189473478
2025-09-08 00:00:00,28.00219244444182
2025-09-08 01:00:00,27.40891988628106
2025-09-08 02:00:00,28.296558722824678
2025-09-08 03:00:00,28.257055989678044
2025-09-08 04:00:00,28.354379625515673
2025-09-08 05:00:00,27.323561222342605
2025-09-08 06:00:00,29.67280860306
2025-09-08 07:00:00,30.16715593632136
2025-09-08 08:00:00,32.46685944036081
2025-09-08 09:00:00,31.633360777816605
2025-09-08 10:00:00,33.164334002147065
2025-09-08 11:00:00,30.92297050907859
2025-09-08 12:00:00,32.06421628035249
2025-09-08 13:00:00,31.64175126588558
2025-09-08 14:00:00,32.25617107655839
2025-09-08 15:00:00,32.072066635243175
2025-09-08 16:00:00,31.615798512952246
2025-09-08 17:00:00,32.4611587573719
2025-09-08 18:00:00,32.005216291776016
2025-09-08 19:00:00,31.076491322203033
2025-09-08 20:00:00,30.654567159445836
2025-09-08 21:00:00,30.59605440202062
2025-09-08 22:00:00,30.383564516972775
2025-09-08 23:00:00,29.834014463618825
2025-09-09 00:00:00,27.643830493456107
2025-09-09 01:00:00,27.823072742415857
2025-09-09 02:00:00,27.716658317794742
2025-09-09 03:00:00,28.3617659862073
2025-09-09 04:00:00,27.484483811479034
2025-09-09 05:00:00,27.64449985106831
2025-09-09 06:00:00,29.632285215885744
2025-09-09 07:00:00,29.783463081134403
2025-09-09 08:00:00,32.74865298266195
2025-09-09 09:00:00,30.071663845289976
2025-09-09 10:00:00,33.0083226204227
2025-09-09 11:00:00,32.646388252823456
2025-09-09 12:00:00,31.52845897828046
2025-09-09 13:00:00,31.31848937297941
2025-09-09 14:00:00,32.58959632548191
2025-09-09 15:00:00,32.69088750192586
2025-09-09 16:00:00,31.99787944583927
2025-09-09 17:00:00,32.097755395048516
2025-09-09 18:00:00,31.178116278102046
2025-09-09 19:00:00,30.883764803389884
2025-09-09 20:00:00,30.346885168455426
2025-09-09 21:00:00,30.84131372905977
2025-09-09 22:00:00,31.52290652754708
2025-09-09 23:00:00,30.834380518385554
2025-09-10 00:00:00,28.27785419421116
2025-09-10 01:00:00,28.1164681320865
2025-09-10 02:00:00,27.052460540153543
2025-09-10 03:00:00,28.338416730041963
2025-09-10 04:00:00,28.3304032227749
2025-09-10 05:00:00,28.905046002912556
2025-09-10 06:00:00,30.28974815439238
2025-09-10 07:00:00,30.248200135037028
2025-09-10 08:00:00,32.805083488062
2025-09-10 09:00:00,31.817611488803436
2025-09-10 10:00:00,32.07581234794085
2025-09-10 11:00:00,32.4134513953747
2025-09-10 12:00:00,30.426784428644815
2025-09-10 13:00:00,32.15042070399347
2025-09-10 14:00:00,32.6968345855059
2025-09-10 15:00:00,32.791848104017895
2025-09-10 16:00:00,32.41460058250045
2025-09-10 17:00:00,31.7234869104589
2025-09-10 18:00:00,31.233787645072926
2025-09-10 19:00:00,29.883958473626226
2025-09-10 20:00:00,30.297584215732655
2025-09-10 21:00:00,30.158548663809743
2025-09-10 22:00:00,30.05277446838662
2025-09-10 23:00:00,29.52826450253231
2025-09-11 00:00:00,28.78355480117506
2025-09-11 01:00:00,28.8679694338871
2025-09-11 02:00:00,28.290218736761656
2025-09-11 03:00:00,26.89253366282699
2025-09-11 04:00:00,28.152730229119683
2025-09-11 05:00:00,27.782171442157583
2025-09-11 06:00:00,31.838633060785313
2025-09-11 07:00:00,31.250376337411513
2025-09-11 08:00:00,31.111814489120018
2025-09-11 09:00:00,31.903084831682968
2025-09-11 10:00:00,32.58409364797706
2025-09-11 11:00:00,31.133553619864973
2025-09-11 12:00:00,31.61434635061557
2025-09-11 13:00:00,32.40827609512161
2025-09-11 14:00:00,32.26677091903359
2025-09-11 15:00:00,32.74020423521488
2025-09-11 16:00:00,31.689810909400066
2025-09-11 17:00:00,32.103601122070934
2025-09-11 18:00:00,31.617362296219408
2025-09-11 19:00:00,30.194023913692046
2025-09-11 20:00:00,29.75949717153379
2025-09-11 21:00:00,29.649473125414858
2025-09-11 22:00:00,31.046411740730974
2025-09-11 23:00:00,29.954973392547387
2025-09-12 00:00:00,27.585180386997973
2025-09-12 01:00:00,27.53335901719575
2025-09-12 02:00:00,27.844799099619618
2025-09-12 03:00:00,28.32709480556052
2025-09-12 04:00:00,28.674545575200913
2025-09-12 05:00:00,28.41394717179626
2025-09-12 06:00:00,30.56047796309686
2025-09-12 07:00:00,31.22654234331456
2025-09-12 08:00:00,33.370909927643396
2025-09-12 09:00:00,32.35808178073224
2025-09-12 10:00:00,31.124335086056295
2025-09-12 11:00:00,31.738264403953757
2025-09-12 12:00:00,31.196160595739375
2025-09-12 13:00:00,33.11390784314357
2025-09-12 14:00:00,32.18856482380268
2025-09-12 15:00:00,31.03573994088522
2025-09-12 16:00:00,32.55490953443613
2025-09-12 17:00:00,31.64962540057323
2025-09-12 18:00:00,32.93954018442568
2025-09-12 19:00:00,30.63258600469109
2025-09-12 20:00:00,30.37213038811602
2025-09-12 21:00:00,30.32982551430688
2025-09-12 22:00:00,30.731837342524724
2025-09-12 23:00:00,29.229182723023165
2025-09-13 00:00:00,24.684934726187613
2025-09-13 01:00:00,25.63140223023649
2025-09-13 02:00:00,24.822515777055248
2025-09-13 03:00:00,24.97814831510503
2025-09-13 04:00:00,24.558022012006763
2025-09-13 05:00:00,25.391583622094316
2025-09-13 06:00:00,27.80461942068666
2025-09-13 07:00:00,26.11798696403961
2025-09-13 08:00:00,29.171639055954433
2025-09-13 09:00:00,29.492362877384313
2025-09-13 10:00:00,28.666161212328852
2025-09-13 11:00:00,28.866782290678326
2025-09-13 12:00:00,29.16299963296326
2025-09-13 13:00:00,28.978968053952617
2025-09-13 14:00:00,27.850471667421292
2025-09-13 15:00:00,28.28934590385732
2025-09-13 16:00:00,27.80149634048548
2025-09-13 17:00:00,28.856265181473315
2025-09-13 18:00:00,29.26466991381223
2025-09-13 19:00:00,27.873380620359093
2025-09-13 20:00:00,27.23383630812368
2025-09-13 21:00:00,27.7052156951466
2025-09-13 22:00:00,27.454071684204106
2025-09-13 23:00:00,27.643156210706604
2025-09-14 00:00:00,25.20207997014026
2025-09-14 01:00:00,25.521026847891612
2025-09-14 02:00:00,25.40081231812275
2025-09-14 03:00:00,25.155264548004975
2025-09-14 04:00:00,23.962579957229227
2025-09-14 05:00:00,25.758671438317805
2025-09-14 06:00:00,27.323385988538355
2025-09-14 07:00:00,27.04035101606117
2025-09-14 08:00:00,28.365783460593757
2025-09-14 09:00:00,28.21131538955093
2025-09-14 10:00:00,28.672070660504076
2025-09-14 11:00:00,29.081896994852972
2025-09-14 12:00:00,29.194838385233727
2025-09-14 13:00:00,29.045484726470303
2025-09-14 14:00:00,30.141018707626657
2025-09-14 15:00:00,29.9571731384453
2025-09-14 16:00:00,28.64088833052669
2025-09-14 17:00:00,28.395896651883945
2025-09-14 18:00:00,29.068732109712478
2025-09-14 19:00:00,27.55775489983997
2025-09-14 20:00:00,26.205777606008624
2025-09-14 21:00:00,27.472498579997854
2025-09-14 22:00:00,27.558498711081842
2025-09-14 23:00:00,28.007141172704436
2025-09-15 00:00:00,28.85135679129684
2025-09-15 01:00:00,27.96015112134884
2025-09-15 02:00:00,28.461395176448896
2025-09-15 03:00:00,29.434170958879264
2025-09-15 04:00:00,27.00424095092616
2025-09-15 05:00:00,28.686464170169362
2025-09-15 06:00:00,29.858169582686884
2025-09-15 07:00:00,30.114194792352244
2025-09-15 08:00:00,31.77355982748312
2025-09-15 09:00:00,31.205935215190266
2025-09-15 10:00:00,32.25844382914202
2025-09-15 11:00:00,32.00347002464961
2025-09-15 12:00:00,32.23299400957823
2025-09-15 13:00:00,32.23000980700736
2025-09-15 14:00:00,30.45836799280007
2025-09-15 15:00:00,32.50815836978817
2025-09-15 16:00:00,31.026323190202916
2025-09-15 17:00:00,31.980842622989318
2025-09-15 18:00:00,31.631460709161246
2025-09-15 19:00:00,30.71545097543941
2025-09-15 20:00:00,29.69118681713053
2025-09-15 21:00:00,30.753858048970738
2025-09-15 22:00:00,30.372722347164753
2025-09-15 23:00:00,31.215428075596645
2025-09-16 00:00:00,27.368753003256444
2025-09-16 01:00:00,28.325517600103712
2025-09-16 02:00:00,28.27805781092879
2025-09-16 03:00:00,28.024979652362916
2025-09-16 04:00:00,27.80133124994528
2025-09-16 05:00:00,28.706533235842507
2025-09-16 06:00:00,31.114307216098915
2025-09-16 07:00:00,30.754550753534257
2025-09-16 08:00:00,32.83690271251397
2025-09-16 09:00:00,32.366822447423395
2025-09-16 10:00:00,32.43253100625084
2025-09-16 11:00:00,32.952643375809544
2025-09-16 12:00:00,31.950833016708593
2025-09-16 13:00:00,31.768967598917794
2025-09-16 14:00:00,32.57858758572373
2025-09-16 15:00:00,32.221145231372624
2025-09-16 16:00:00,31.47353191221452
2025-09-16 17:00:00,31.852317945306428
2025-09-16 18:00:00,33.10037613130764
2025-09-16 19:00:00,30.99566297718568
2025-09-16 20:00:00,31.86419872953917
2025-09-16 21:00:00,29.2703759126054
2025-09-16 22:00:00,30.943345561986256
2025-09-16 23:00:00,30.804945504185266
2025-09-17 00:00:00,27.908210328098352
2025-09-17 01:00:00,28.90604963372421
2025-09-17 02:00:00,27.40742092668515
2025-09-17 03:00:00,27.772290475681384
2025-09-17 04:00:00,28.308108393577776
2025-09-17 05:00:00,27.605652942045452
2025-09-17 06:00:00,30.71004619476511
2025-09-17 07:00:00,30.739099266598398
2025-09-17 08:00:00,33.90314506764007
2025-09-17 09:00:00,32.16299595639476
2025-09-17 10:00:00,32.18178807965834
2025-09-17 11:00:00,33.076046827723744
2025-09-17 12:00:00,31.490981677734798
2025-09-17 13:00:00,31.686507160932923
2025-09-17 14:00:00,32.75816602989357
2025-09-17 15:00:00,31.62814357332952
2025-09-17 16:00:00,32.12887502737494
2025-09-17 17:00:00,31.604957655990574
2025-09-17 18:00:00,31.205915603814116
2025-09-17 19:00:00,30.774944879220367
2025-09-17 20:00:00,31.58796238768178
2025-09-17 21:00:00,29.189927841209535
2025-09-17 22:00:00,29.9978798891267
2025-09-17 23:00:00,30.274233089397345
2025-09-18 00:00:00,27.49725849111797
2025-09-18 01:00:00,28.312724087819138
2025-09-18 02:00:00,27.642469911149476
2025-09-18 03:00:00,27.529762289305122
2025-09-18 04:00:00,27.486854291427846
2025-09-18 05:00:00,28.651815958795968
2025-09-18 06:00:00,30.36968466774964
2025-09-18 07:00:00,29.94779848595698
2025-09-18 08:00:00,31.31446862018518
2025-09-18 09:00:00,32.426365037070354
2025-09-18 10:00:00,31.916275972313386
2025-09-18 11:00:00,31.918716078295258
2025-09-18 12:00:00,32.21648277303655
2025-09-18 13:00:00,32.2643050204046
2025-09-18 14:00:00,32.70484785183741
2025-09-18 15:00:00,31.965438621272455
2025-09-18 16:00:00,31.488681394150266
2025-09-18 17:00:00,31.816985441291983
2025-09-18 18:00:00,32.015012430280855
2025-09-18 19:00:00,31.086558426224535
2025-09-18 20:00:00,29.88234955461706
2025-09-18 21:00:00,30.025743749553914
2025-09-18 22:00:00,30.32830148393585
2025-09-18 23:00:00,30.351991952154684
2025-09-19 00:00:00,28.6039856362692
2025-09-19 01:00:00,28.343039228820622
2025-09-19 02:00:00,28.28314470521628
2025-09-19 03:00:00,27.345034793195268
2025-09-19 04:00:00,28.247461912183038
2025-09-19 05:00:00,29.089707943641677
2025-09-19 06:00:00,30.542201993867884
2025-09-19 07:00:00,30.403453382485537
2025-09-19 08:00:00,32.52256354519801
2025-09-19 09:00:00,30.688076318982855
2025-09-19 10:00:00,31.094637406403184
2025-09-19 11:00:00,31.966725923304505
2025-09-19 12:00:00,31.215950440994458
2025-09-19 13:00:00,31.288785264440186
2025-09-19 14:00:00,31.441679797113554
2025-09-19 15:00:00,30.96320003899374
2025-09-19 16:00:00,31.81773693648948
2025-09-19 17:00:00,31.74103789858797
2025-09-19 18:00:00,31.719908855049592
2025-09-19 19:00:00,30.0651829220065
2025-09-19 20:00:00,30.88950105190572
2025-09-19 21:00:00,30.8428611143988
2025-09-19 22:00:00,31.083152187441627
2025-09-19 23:00:00,30.22608830875239
2025-09-20 00:00:00,25.383123267800926
2025-09-20 01:00:00,24.564331007196046
2025-09-20 02:00:00,25.113478684802054
2025-09-20 03:00:00,25.33965698533323
2025-09-20 04:00:00,25.173099744419364
2025-09-20 05:00:00,25.319731949007533
2025-09-20 06:00:00,27.30825952934384
2025-09-20 07:00:00,26.5994050881291
2025-09-20 08:00:00,27.895405364507308
2025-09-20 09:00:00,29.319338555014777
2025-09-20 10:00:00,29.35205929866381
2025-09-20 11:00:00,28.21112443985146
2025-09-20 12:00:00,29.256069000328225
2025-09-20 13:00:00,28.409506857690168
2025-09-20 14:00:00,28.229274397961685
2025-09-20 15:00:00,28.27765873401925
2025-09-20 16:00:00,27.915334156445425
2025-09-20 17:00:00,29.249513638768825
2025-09-20 18:00:00,28.805122251492797
2025-09-20 19:00:00,27.800403630564283
2025-09-20 20:00:00,27.665417625267633
2025-09-20 21:00:00,27.57641234110241
2025-09-20 22:00:00,27.351640762953682
2025-09-20 23:00:00,26.445690479693802
2025-09-21 00:00:00,24.766358145992605
2025-09-21 01:00:00,25.15293523998241
2025-09-21 02:00:00,24.309388848622582
2025-09-21 03:00:00,25.69759261639578
2025-09-21 04:00:00,25.37225787162785
2025-09-21 05:00:00,25.029774564672568
2025-09-21 06:00:00,27.153464149003963
2025-09-21 07:00:00,27.890569582300564
2025-09-21 08:00:00,29.150962377722724
2025-09-21 09:00:00,28.527563261553244
2025-09-21 10:00:00,27.873871060880298
2025-09-21 11:00:00,28.822691694106336
2025-09-21 12:00:00,28.382285780270855
2025-09-21 13:00:00,29.21887529116096
2025-09-21 14:00:00,28.743924230869958
2025-09-21 15:00:00,28.976183479357086
2025-09-21 16:00:00,29.167556649518236
2025-09-21 17:00:00,28.38883394543249
2025-09-21 18:00:00,29.001724063384323
2025-09-21 19:00:00,28.85751573375495
2025-09-21 20:00:00,27.18965413562195
2025-09-21 21:00:00,27.132485720081355
2025-09-21 22:00:00,27.588896318671328
2025-09-21 23:00:00,26.845482627861394
2025-09-22 00:00:00,28.03345973168941
2025-09-22 01:00:00,27.23963812537476
2025-09-22 02:00:00,28.452765056715847
2025-09-22 03:00:00,27.947496539149945
2025-09-22 04:00:00,28.22871123743638
2025-09-22 05:00:00,28.039589548534344
2025-09-22 06:00:00,29.906336237633923
2025-09-22 07:00:00,30.994483769053055
2025-09-22 08:00:00,31.763733240371046
2025-09-22 09:00:00,32.164649016126894
2025-09-22 10:00:00,32.14672994249114
2025-09-22 11:00:00,32.10652231768341
2025-09-22 12:00:00,31.983915382819816
2025-09-22 13:00:00,32.15252237256219
2025-09-22 14:00:00,32.59952863531055
2025-09-22 15:00:00,31.762079288203545
2025-09-22 16:00:00,31.758560821724704
2025-09-22 17:00:00,32.84506578252474
2025-09-22 18:00:00,31.29119138773409
2025-09-22 19:00:00,30.955614813985527
2025-09-22 20:00:00,29.843769498860667
2025-09-22 21:00:00,30.104410206089238
2025-09-22 22:00:00,30.768850596380574
2025-09-22 23:00:00,30.37654353439881
2025-09-23 00:00:00,27.065485521449762
2025-09-23 01:00:00,28.023046918088564
2025-09-23 02:00:00,28.363239402484652
2025-09-23 03:00:00,28.631918566561147
2025-09-23 04:00:00,27.798665588103802
2025-09-23 05:00:00,27.22288392999485
2025-09-23 06:00:00,29.67351929208025
2025-09-23 07:00:00,30.080295303376314
2025-09-23 08:00:00,32.130604739257734
2025-09-23 09:00:00,31.891524378603762
2025-09-23 10:00:00,31.677885931462225
2025-09-23 11:00:00,31.69460991513191
2025-09-23 12:00:00,31.578995362509
2025-09-23 13:00:00,32.066513496088774
2025-09-23 14:00:00,31.4196053099372
2025-09-23 15:00:00,32.13694631840878
2025-09-23 16:00:00,32.20588514000536
2025-09-23 17:00:00,31.40197168158393
2025-09-23 18:00:00,31.61442557496037
2025-09-23 19:00:00,30.794376275060873
2025-09-23 20:00:00,30.978920722488272
2025-09-23 21:00:00,29.845698765047608
2025-09-23 22:00:00,31.38885244405269
2025-09-23 23:00:00,30.62153755264667
2025-09-24 00:00:00,28.034932341194768
2025-09-24 01:00:00,27.714666171287767
2025-09-24 02:00:00,28.233032898019307
2025-09-24 03:00:00,28.56909632399768
2025-09-24 04:00:00,27.612611779332408
2025-09-24 05:00:00,28.23777785851997
2025-09-24 06:00:00,30.439510983439952
2025-09-24 07:00:00,30.894397819168866
2025-09-24 08:00:00,32.25096928871611
2025-09-24 09:00:00,32.43051264876414
2025-09-24 10:00:00,32.091547082627365
2025-09-24 11:00:00,32.26447293420879
2025-09-24 12:00:00,32.74573771891505
2025-09-24 13:00:00,31.913402319197996
2025-09-24 14:00:00,32.33450597591362
2025-09-24 15:00:00,32.37218302764386
2025-09-24 16:00:00,32.34641470445394
2025-09-24 17:00:00,32.93694405074492
2025-09-24 18:00:00,31.481302722808945
2025-09-24 19:00:00,30.59787953441779
2025-09-24 20:00:00,30.037102590520252
2025-09-24 21:00:00,30.021345529227393
2025-09-24 22:00:00,30.829994022762175
2025-09-24 23:00:00,29.619362073522975
2025-09-25 00:00:00,29.33710854960978
2025-09-25 01:00:00,28.35269599289439
2025-09-25 02:00:00,28.586163313799165
2025-09-25 03:00:00,26.905791627902005
2025-09-25 04:00:00,28.08905880556998
2025-09-25 05:00:00,26.951399859726173
2025-09-25 06:00:00,29.869536790591653
2025-09-25 07:00:00,29.586854569420815
2025-09-25 08:00:00,32.598969620878925
2025-09-25 09:00:00,32.138682123525264
2025-09-25 10:00:00,32.203950741841695
2025-09-25 11:00:00,32.55994737331605
2025-09-25 12:00:00,31.741893853247262
2025-09-25 13:00:00,32.28911238845176
2025-09-25 14:00:00,31.60723014192703
2025-09-25 15:00:00,31.117033558937255
2025-09-25 16:00:00,32.63097286831674
2025-09-25 17:00:00,32.67086838717988
2025-09-25 18:00:00,33.53364029365655
2025-09-25 19:00:00,30.73815584693527
2025-09-25 20:00:00,31.682519807279483
2025-09-25 21:00:00,29.81732573689797
2025-09-25 22:00:00,30.002925711398245
2025-09-25 23:00:00,30.086400430359205
2025-09-26 00:00:00,27.916543464738872
2025-09-26 01:00:00,27.854106935121116
2025-09-26 02:00:00,28.533326128640244
2025-09-26 03:00:00,27.617113479511282
2025-09-26 04:00:00,27.96498690274451
2025-09-26 05:00:00,28.50027417699356
2025-09-26 06:00:00,30.19256933222297
2025-09-26 07:00:00,30.4462007240609
2025-09-26 08:00:00,32.786707138160445
2025-09-26 09:00:00,31.79129219861501
2025-09-26 10:00:00,31.55137101920148
2025-09-26 11:00:00,30.806081846403234
2025-09-26 12:00:00,31.66451514654387
2025-09-26 13:00:00,32.00298209021181
2025-09-26 14:00:00,31.693688251337978
2025-09-26 15:00:00,31.658947613933893
2025-09-26 16:00:00,31.890560603132837
2025-09-26 17:00:00,31.675250327236572
2025-09-26 18:00:00,31.743855911672892
2025-09-26 19:00:00,29.78149100040128
2025-09-26 20:00:00,30.198665664706496
2025-09-26 21:00:00,32.20501814466472
2025-09-26 22:00:00,29.49597228974457
2025-09-26 23:00:00,31.46256021465668
2025-09-27 00:00:00,24.581922562682276
2025-09-27 01:00:00,25.439583593265464
2025-09-27 02:00:00,25.753856685838887
2025-09-27 03:00:00,25.114928776310805
2025-09-27 04:00:00,24.330078822770858
2025-09-27 05:00:00,25.465735463036975
2025-09-27 06:00:00,26.874235092986567
2025-09-27 07:00:00,27.09441549623313
2025-09-27 08:00:00,29.4809172114856
2025-09-27 09:00:00,27.636210209057513
2025-09-27 10:00:00,28.99285428739597
2025-09-27 11:00:00,29.578714831050867
2025-09-27 12:00:00,28.935359344264562
2025-09-27 13:00:00,28.200624467597656
2025-09-27 14:00:00,29.38353151791618
2025-09-27 15:00:00,30.1417867034061
2025-09-27 16:00:00,28.51568052841559
2025-09-27 17:00:00,28.48332783759962
2025-09-27 18:00:00,28.844052720217082
2025-09-27 19:00:00,26.812047265142887
2025-09-27 20:00:00,27.228107158135995
2025-09-27 21:00:00,26.347106328786253
2025-09-27 22:00:00,27.655821126566696
2025-09-27 23:00:00,28.005204360564537
2025-09-28 00:00:00,24.480092012709157
2025-09-28 01:00:00,25.015823208831392
2025-09-28 02:00:00,25.76204193850624
2025-09-28 03:00:00,25.418479962519793
2025-09-28 04:00:00,25.249453554325704
2025-09-28 05:00:00,24.714787736822572
2025-09-28 06:00:00,27.33851469810874
2025-09-28 07:00:00,27.318497182982075
2025-09-28 08:00:00,28.658978528998002
2025-09-28 09:00:00,28.852374865029383
2025-09-28 10:00:00,29.14209687709971
2025-09-28 11:00:00,29.399607575136983
2025-09-28 12:00:00,28.711057301160817
2025-09-28 13:00:00,28.462348842437674
2025-09-28 14:00:00,28.708721677906652
2025-09-28 15:00:00,28.806277597017687
2025-09-28 16:00:00,28.1039631049873
2025-09-28 17:00:00,29.173167666770006
2025-09-28 18:00:00,28.308978369141553
2025-09-28 19:00:00,27.285492408149807
2025-09-28 20:00:00,27.263582864238654
2025-09-28 21:00:00,27.118741344021633
2025-09-28 22:00:00,27.21064268479904
2025-09-28 23:00:00,26.799943350711033
2025-09-29 00:00:00,27.643194777785187
2025-09-29 01:00:00,28.580543560125783
2025-09-29 02:00:00,28.117377512779953
2025-09-29 03:00:00,27.499952729271648
2025-09-29 04:00:00,28.88220362492151
2025-09-29 05:00:00,27.304176543783107
2025-09-29 06:00:00,29.61295263570145
2025-09-29 07:00:00,31.023455718740195
2025-09-29 08:00:00,31.33692429505899
2025-09-29 09:00:00,31.804608620278813
2025-09-29 10:00:00,31.88113047659837
2025-09-29 11:00:00,30.309133577679614
2025-09-29 12:00:00,33.88132546040143
2025-09-29 13:00:00,31.27356958089733
2025-09-29 14:00:00,31.54569029765982
2025-09-29 15:00:00,32.111330567805375
2025-09-29 16:00:00,32.082908826276224
2025-09-29 17:00:00,31.717533021874843
2025-09-29 18:00:00,31.32753740014897
2025-09-29 19:00:00,29.412213994578227
2025-09-29 20:00:00,31.237134910128027
2025-09-29 21:00:00,31.588152943314583
2025-09-29 22:00:00,30.855980196602044
2025-09-29 23:00:00,29.78744264921357
2025-09-30 00:00:00,28.267251658513125
2025-09-30 01:00:00,28.870940593188326
2025-09-30 02:00:00,27.894985533320234
2025-09-30 03:00:00,28.59463516971441
2025-09-30 04:00:00,28.851218666546846
2025-09-30 05:00:00,28.411444226845187
2025-09-30 06:00:00,31.097795172177428
2025-09-30 07:00:00,29.814043344962542
2025-09-30 08:00:00,32.21591536051874
2025-09-30 09:00:00,32.421541658724855
2025-09-30 10:00:00,32.827793773093305
2025-09-30 11:00:00,32.127392525349194
2025-09-30 12:00:00,31.981102535151496
2025-09-30 13:00:00,31.47462904955965
2025-09-30 14:00:00,31.74170879503562
2025-09-30 15:00:00,31.913689737078023
2025-09-30 16:00:00,32.20044228217346
2025-09-30 17:00:00,32.298495468376515
2025-09-30 18:00:00,31.805950037069305
2025-09-30 19:00:00,30.167313275865403
2025-09-30 20:00:00,31.374265241412978
2025-09-30 21:00:00,31.04528011164885
2025-09-30 22:00:00,31.829248663583837
2025-09-30 23:00:00,31.417208869089333
2025-10-01 00:00:00,28.3059818281423
2025-10-01 01:00:00,27.627436211024314
2025-10-01 02:00:00,27.898427880147025
2025-10-01 03:00:00,27.46455327760989
2025-10-01 04:00:00,27.931913415587758
2025-10-01 05:00:00,28.4218449545266
2025-10-01 06:00:00,30.453348978246243
2025-10-01 07:00:00,31.47361838037796
2025-10-01 08:00:00,31.41490856339293
2025-10-01 09:00:00,31.007416481918206
2025-10-01 10:00:00,32.49598996166944
2025-10-01 11:00:00,32.07603989819219
2025-10-01 12:00:00,31.218220251186604
2025-10-01 13:00:00,32.193527549196034
2025-10-01 14:00:00,31.259704245861922
2025-10-01 15:00:00,31.9925443446067
2025-10-01 16:00:00,32.894360725227756
2025-10-01 17:00:00,32.35616501653861
2025-10-01 18:00:00,33.194855436694446
2025-10-01 19:00:00,29.450146217288545
2025-10-01 20:00:00,29.352345766465874
2025-10-01 21:00:00,30.932858624857566
2025-10-01 22:00:00,30.15010475638903
2025-10-01 23:00:00,30.367700788730595
2025-10-02 00:00:00,28.09241769504902
2025-10-02 01:00:00,27.688892660915947
2025-10-02 02:00:00,27.752456984059954
2025-10-02 03:00:00,28.38448017278278
2025-10-02 04:00:00,28.520574504449975
2025-10-02 05:00:00,27.90865137317864
2025-10-02 06:00:00,30.726892935822242
2025-10-02 07:00:00,30.890281978772023
2025-10-02 08:00:00,31.519295036847883
2025-10-02 09:00:00,31.63950582474313
2025-10-02 10:00:00,32.270699986670316
2025-10-02 11:00:00,31.82406807172727
2025-10-02 12:00:00,32.276729816942435
2025-10-02 13:00:00,33.313207852945695
2025-10-02 14:00:00,32.708652743324
2025-10-02 15:00:00,32.04045954332653
2025-10-02 16:00:00,32.35476396078367
2025-10-02 17:00:00,31.335981357531963
2025-10-02 18:00:00,31.255673550369405
2025-10-02 19:00:00,30.354581348950642
2025-10-02 20:00:00,29.244447563044222
2025-10-02 21:00:00,30.357618345052398
2025-10-02 22:00:00,30.829246162234153
2025-10-02 23:00:00,30.507984689647213
2025-10-03 00:00:00,27.222107059657063
2025-10-03 01:00:00,29.021893130108225
2025-10-03 02:00:00,27.185698625069197
2025-10-03 03:00:00,27.43254860730773
2025-10-03 04:00:00,27.87677900075259
2025-10-03 05:00:00,28.49538859477134
2025-10-03 06:00:00,30.101864718746608
2025-10-03 07:00:00,29.12069364432403
2025-10-03 08:00:00,31.075807845233435
2025-10-03 09:00:00,33.08960212023126
2025-10-03 10:00:00,31.279060995052767
2025-10-03 11:00:00,31.813221683901826
2025-10-03 12:00:00,32.342980647574436
2025-10-03 13:00:00,31.40114622517844
2025-10-03 14:00:00,32.07157831370778
2025-10-03 15:00:00,31.69159706815496
2025-10-03 16:00:00,31.714005340465896
2025-10-03 17:00:00,30.697546217593267
2025-10-03 18:00:00,31.910828247267816
2025-10-03 19:00:00,29.897321129475234
2025-10-03 20:00:00,30.906369677032686
2025-10-03 21:00:00,31.046785698406673
2025-10-03 22:00:00,29.8816782939719
2025-10-03 23:00:00,29.669769588766393
2025-10-04 00:00:00,24.932524531697986
2025-10-04 01:00:00,25.113323950626434
2025-10-04 02:00:00,24.574105213995452
2025-10-04 03:00:00,24.796255450636085
2025-10-04 04:00:00,25.88199869180475
2025-10-04 05:00:00,24.32115636360233
2025-10-04 06:00:00,27.583199992694286
2025-10-04 07:00:00,27.234327423035047
2025-10-04 08:00:00,28.619293769827266
2025-10-04 09:00:00,29.037349615004604
2025-10-04 10:00:00,29.36734801044504
2025-10-04 11:00:00,27.981883320044084
2025-10-04 12:00:00,29.692463900731806
2025-10-04 13:00:00,29.56513501493919
2025-10-04 14:00:00,29.72338695451763
2025-10-04 15:00:00,29.058396403628667
2025-10-04 16:00:00,28.962491021522137
2025-10-04 17:00:00,27.828007685794823
2025-10-04 18:00:00,29.391159251438953
2025-10-04 19:00:00,27.003754339503757
2025-10-04 20:00:00,26.82991005605646
2025-10-04 21:00:00,26.940207595193584
2025-10-04 22:00:00,28.450209952101595
2025-10-04 23:00:00,27.030377042512832
2025-10-05 00:00:00,24.59215204163774
2025-10-05 01:00:00,25.063778800674093
2025-10-05 02:00:00,24.264135311765457
2025-10-05 03:00:00,24.78835322320189
2025-10-05 04:00:00,24.800318174224024
2025-10-05 05:00:00,25.28780381420012
2025-10-05 06:00:00,27.880367833180564
2025-10-05 07:00:00,26.32803906585285
2025-10-05 08:00:00,29.041058088388855
2025-10-05 09:00:00,29.156015832201057
2025-10-05 10:00:00,28.191377499813335
2025-10-05 11:00:00,28.612448490986843
2025-10-05 12:00:00,28.6477430107991
2025-10-05 13:00:00,28.335946610645816
2025-10-05 14:00:00,28.615587932727532
2025-10-05 15:00:00,28.64418375573647
2025-10-05 16:00:00,29.404721715964723
2025-10-05 17:00:00,28.51157095988281
2025-10-05 18:00:00,28.712627798172136
2025-10-05 19:00:00,27.084387428528377
2025-10-05 20:00:00,27.524457300410393
2025-10-05 21:00:00,26.738464552943046
2025-10-05 22:00:00,28.02133860175828
2025-10-05 23:00:00,27.62776042882774
2025-10-06 00:00:00,27.65903940796461
2025-10-06 01:00:00,27.193477548146934
2025-10-06 02:00:00,28.638779160708424
2025-10-06 03:00:00,27.535309811485007
2025-10-06 04:00:00,27.4989215681193
2025-10-06 05:00:00,27.31746570700797
2025-10-06 06:00:00,29.412395475036345
2025-10-06 07:00:00,30.348721423637098
2025-10-06 08:00:00,31.834434483500573
2025-10-06 09:00:00,31.281734348927692
2025-10-06 10:00:00,32.522537036331954
2025-10-06 11:00:00,32.27249477208728
2025-10-06 12:00:00,31.686087282171755
2025-10-06 13:00:00,31.503489929782283
2025-10-06 14:00:00,31.62915228854253
2025-10-06 15:00:00,31.48152482143661
2025-10-06 16:00:00,31.544831618269026
2025-10-06 17:00:00,31.66554557062244
2025-10-06 18:00:00,32.37748681102144
2025-10-06 19:00:00,29.125033236613202
2025-10-06 20:00:00,29.58232219542439
2025-10-06 21:00:00,29.227987794713854
2025-10-06 22:00:00,30.529422259558746
2025-10-06 23:00:00,30.560877872570117
2025-10-07 00:00:00,27.91878897908526
2025-10-07 01:00:00,29.012737573008536
2025-10-07 02:00:00,28.881227421067184
2025-10-07 03:00:00,27.699943502312607
2025-10-07 04:00:00,27.779696949962034
2025-10-07 05:00:00,28.03046689036528
2025-10-07 06:00:00,31.205426811011204
2025-10-07 07:00:00,30.428809027432553
2025-10-07 08:00:00,32.317303289582185
2025-10-07 09:00:00,32.31180181863561
2025-10-07 10:00:00,31.361013583996108
2025-10-07 11:00:00,33.9835923351802
2025-10-07 12:00:00,32.517151368457924
2025-10-07 13:00:00,32.281164680762615
2025-10-07 14:00:00,32.01130765321092
2025-10-07 15:00:00,31.475642901717
2025-10-07 16:00:00,33.891556621018324
2025-10-07 17:00:00,32.30482640174867
2025-10-07 18:00:00,32.02094421943552
2025-10-07 19:00:00,30.209097909977103
2025-10-07 20:00:00,29.911418341696727
2025-10-07 21:00:00,30.4829436928394
2025-10-07 22:00:00,29.803827828981337
2025-10-07 23:00:00,30.535445874240015
2025-10-08 00:00:00,28.880065911616448
2025-10-08 01:00:00,28.50991436407735
2025-10-08 02:00:00,27.422920277672297
2025-10-08 03:00:00,27.303023615064095
2025-10-08 04:00:00,27.527542076231423
2025-10-08 05:00:00,26.84434447832862
2025-10-08 06:00:00,30.138349655704417
2025-10-08 07:00:00,31.06659385864562
2025-10-08 08:00:00,30.698858042450123
2025-10-08 09:00:00,31.713971422767074
2025-10-08 10:00:00,32.48784412928783
2025-10-08 11:00:00,33.082069184559174
2025-10-08 12:00:00,32.30021295552189
2025-10-08 13:00:00,31.862753569822463
2025-10-08 14:00:00,32.34428526165229
2025-10-08 15:00:00,33.15776433265833
2025-10-08 16:00:00,31.01560828542367
2025-10-08 17:00:00,32.30106161991511
2025-10-08 18:00:00,32.146434160375286
2025-10-08 19:00:00,30.220408739614978
2025-10-08 20:00:00,30.568970192320307
2025-10-08 21:00:00,30.47163901431842
2025-10-08 22:00:00,31.13601085865303
2025-10-08 23:00:00,30.661871944627695
2025-10-09 00:00:00,28.864841078900945
2025-10-09 01:00:00,28.8156428812627
2025-10-09 02:00:00,28.220533368270953
2025-10-09 03:00:00,27.527736844767954
2025-10-09 04:00:00,28.469436173207292
2025-10-09 05:00:00,26.74886292873035
2025-10-09 06:00:00,30.410565600529733
2025-10-09 07:00:00,29.09065605703686
2025-10-09 08:00:00,32.186972134609505
2025-10-09 09:00:00,31.755804019604252
2025-10-09 10:00:00,31.633137446591412
2025-10-09 11:00:00,33.44893915846377
2025-10-09 12:00:00,32.32572303449312
2025-10-09 13:00:00,32.46492027974399
2025-10-09 14:00:00,32.03460020112244
2025-10-09 15:00:00,31.52461460087099
2025-10-09 16:00:00,33.470617985458595
2025-10-09 17:00:00,31.729757114969978
2025-10-09 18:00:00,31.803710823560568
2025-10-09 19:00:00,30.886140226508495
2025-10-09 20:00:00,30.59007160358722
2025-10-09 21:00:00,30.860622873749662
2025-10-09 22:00:00,30.906633837212006
2025-10-09 23:00:00,30.766476709523452
2025-10-10 00:00:00,28.235078155821252
2025-10-10 01:00:00,28.71704176642774
2025-10-10 02:00:00,27.396191022158487
2025-10-10 03:00:00,28.22798201926639
2025-10-10 04:00:00,27.403095098712594
2025-10-10 05:00:00,27.307894380976645
2025-10-10 06:00:00,30.051446998976633
2025-10-10 07:00:00,30.74857020752815
2025-10-10 08:00:00,30.85519589284665
2025-10-10 09:00:00,32.22039598112804
2025-10-10 10:00:00,32.03226264315475
2025-10-10 11:00:00,32.200627227671674
2025-10-10 12:00:00,32.274736611411775
2025-10-10 13:00:00,32.15992164522102
2025-10-10 14:00:00,31.757602398043602
2025-10-10 15:00:00,32.160173328377844
2025-10-10 16:00:00,31.320575518169317
2025-10-10 17:00:00,32.7353690285214
2025-10-10 18:00:00,33.39074612552479
2025-10-10 19:00:00,30.904575763457903
2025-10-10 20:00:00,29.265084913200546
2025-10-10 21:00:00,30.237407732799053
2025-10-10 22:00:00,31.167208701874902
2025-10-10 23:00:00,31.458843052827035
2025-10-11 00:00:00,24.740104712146387
2025-10-11 01:00:00,25.499956227318254
2025-10-11 02:00:00,25.036424145102256
2025-10-11 03:00:00,24.567387452381407
2025-10-11 04:00:00,25.38798465432076
2025-10-11 05:00:00,25.10822113156121
2025-10-11 06:00:00,27.105062332603914
2025-10-11 07:00:00,28.24821343424038
2025-10-11 08:00:00,30.172013850226993
2025-10-11 09:00:00,29.305610100649172
2025-10-11 10:00:00,28.774672998954582
2025-10-11 11:00:00,28.369475440075828
2025-10-11 12:00:00,28.51961336119885
2025-10-11 13:00:00,29.03610525450872
2025-10-11 14:00:00,29.375638905923545
2025-10-11 15:00:00,28.484186847548273
2025-10-11 16:00:00,29.411062514271677
2025-10-11 17:00:00,29.053546315223752
2025-10-11 18:00:00,28.96020015403902
2025-10-11 19:00:00,27.49135731278767
2025-10-11 20:00:00,28.495399354039968
2025-10-11 21:00:00,27.583585854536217
2025-10-11 22:00:00,27.723711167374322
2025-10-11 23:00:00,26.319006381108764
2025-10-12 00:00:00,25.43670482009203
2025-10-12 01:00:00,24.635145087114985
2025-10-12 02:00:00,24.968124925236886
2025-10-12 03:00:00,25.05269819200472
2025-10-12 04:00:00,24.559364757992324
2025-10-12 05:00:00,24.31260408601253
2025-10-12 06:00:00,26.750844597275044
2025-10-12 07:00:00,26.60977957551423
2025-10-12 08:00:00,28.754020492322603
2025-10-12 09:00:00,28.54943532409919
2025-10-12 10:00:00,29.282152666205445
2025-10-12 11:00:00,29.199744625251686
2025-10-12 12:00:00,28.331653973045242
2025-10-12 13:00:00,28.08481921259354
2025-10-12 14:00:00,29.832217014923025
2025-10-12 15:00:00,29.99099993762731
2025-10-12 16:00:00,29.359173934000292
2025-10-12 17:00:00,28.12806053875352
2025-10-12 18:00:00,28.177971012224504
2025-10-12 19:00:00,27.39542834154059
2025-10-12 20:00:00,28.562392206735865
2025-10-12 21:00:00,27.421746580157063
2025-10-12 22:00:00,27.342768283090383
2025-10-12 23:00:00,26.11803629689095
2025-10-13 00:00:00,27.913227616539054
2025-10-13 01:00:00,27.59475108983672
2025-10-13 02:00:00,27.557775293266044
2025-10-13 03:00:00,28.79921577726383
2025-10-13 04:00:00,27.754705469782046
2025-10-13 05:00:00,27.403786399966307
2025-10-13 06:00:00,30.170320697916207
2025-10-13 07:00:00,30.323269004732246
2025-10-13 08:00:00,31.111279094742333
2025-10-13 09:00:00,33.309578177058306
2025-10-13 10:00:00,30.502322122258818
2025-10-13 11:00:00,32.82039740796944
2025-10-13 12:00:00,32.61425885313089
2025-10-13 13:00:00,31.86046687863672
2025-10-13 14:00:00,32.83188613348035
2025-10-13 15:00:00,32.53199019237245
2025-10-13 16:00:00,32.52219051340569
2025-10-13 17:00:00,32.58762580323272
2025-10-13 18:00:00,32.73015916453508
2025-10-13 19:00:00,30.457182742906546
2025-10-13 20:00:00,30.122355431177468
2025-10-13 21:00:00,30.552592133790075
2025-10-13 22:00:00,30.178114905367966
2025-10-13 23:00:00,30.957976555396712
2025-10-14 00:00:00,27.190064763533794
2025-10-14 01:00:00,27.00508132747458
2025-10-14 02:00:00,27.51007487367612
2025-10-14 03:00:00,28.702834219499934
2025-10-14 04:00:00,27.88293552467748
2025-10-14 05:00:00,28.056702616250416
2025-10-14 06:00:00,29.78815763875487
2025-10-14 07:00:00,30.037635927531316
2025-10-14 08:00:00,32.758143749802414
2025-10-14 09:00:00,30.939570031965605
2025-10-14 10:00:00,33.07587947430833
2025-10-14 11:00:00,32.44119135623153
2025-10-14 12:00:00,32.962022415962544
2025-10-14 13:00:00,31.80164443197496
2025-10-14 14:00:00,32.1699062190957
2025-10-14 15:00:00,32.03679335347467
2025-10-14 16:00:00,32.13473468517403
2025-10-14 17:00:00,30.42583464926752
2025-10-14 18:00:00,32.1702383875535
2025-10-14 19:00:00,30.401459668020266
2025-10-14 20:00:00,30.33213394203798
2025-10-14 21:00:00,29.887431381423717
2025-10-14 22:00:00,29.740352725347822
2025-10-14 23:00:00,30.96239516026866
2025-10-15 00:00:00,28.668298542648312
2025-10-15 01:00:00,28.865743721548544
2025-10-15 02:00:00,27.826280164057863
2025-10-15 03:00:00,28.48884387801937
2025-10-15 04:00:00,28.019595106633446
2025-10-15 05:00:00,27.65349665949841
2025-10-15 06:00:00,28.4887404213446
2025-10-15 07:00:00,29.977984943293855
2025-10-15 08:00:00,33.217670552453534
2025-10-15 09:00:00,33.09946416497598
2025-10-15 10:00:00,31.894186944222625
2025-10-15 11:00:00,33.657500322462774
2025-10-15 12:00:00,32.29983676699346
2025-10-15 13:00:00,31.678080434781428
2025-10-15 14:00:00,32.55029453089016
2025-10-15 15:00:00,31.860822610323368
2025-10-15 16:00:00,30.655044239634147
2025-10-15 17:00:00,31.37369874115279
2025-10-15 18:00:00,31.222368786788124
2025-10-15 19:00:00,30.786245447792364
2025-10-15 20:00:00,31.491719888899418
2025-10-15 21:00:00,29.92401200614313
2025-10-15 22:00:00,30.29904071119839
2025-10-15 23:00:00,31.390324257157122
2025-10-16 00:00:00,27.81369827646191
2025-10-16 01:00:00,28.984146140800302
2025-10-16 02:00:00,27.79859816551892
2025-10-16 03:00:00,27.73272712432926
2025-10-16 04:00:00,28.301073554942533
2025-10-16 05:00:00,27.388246850551575
2025-10-16 06:00:00,31.332611260266816
2025-10-16 07:00:00,29.96205194876604
2025-10-16 08:00:00,30.425354814835277
2025-10-16 09:00:00,31.883254642962836
2025-10-16 10:00:00,33.30300319523685
2025-10-16 11:00:00,31.65985656947642
2025-10-16 12:00:00,33.53301750803547
2025-10-16 13:00:00,30.47635921485361
2025-10-16 14:00:00,31.227904359259536
2025-10-16 15:00:00,31.563069276030312
2025-10-16 16:00:00,32.21590892374688
2025-10-16 17:00:00,31.568507403000247
2025-10-16 18:00:00,32.79151725462722
2025-10-16 19:00:00,30.79973603275389
2025-10-16 20:00:00,29.89370748213077
2025-10-16 21:00:00,29.58495415442043
2025-10-16 22:00:00,30.870614343983124
2025-10-16 23:00:00,29.366744155942428
2025-10-17 00:00:00,28.36238000901532
2025-10-17 01:00:00,28.389334812642034
2025-10-17 02:00:00,27.28522025887719
2025-10-17 03:00:00,28.44082168285455
2025-10-17 04:00:00,27.372752639883196
2025-10-17 05:00:00,27.8219862119371
2025-10-17 06:00:00,30.49551698550426
2025-10-17 07:00:00,30.398045005225267
2025-10-17 08:00:00,32.750543461798074
2025-10-17 09:00:00,32.4115367552947
2025-10-17 10:00:00,31.812803649565065
2025-10-17 11:00:00,32.463971469960676
2025-10-17 12:00:00,31.588004729070832
2025-10-17 13:00:00,32.2056332921259
2025-10-17 14:00:00,32.63932967074198
2025-10-17 15:00:00,33.09069855383092
2025-10-17 16:00:00,32.40485650909286
2025-10-17 17:00:00,32.162538550256905
2025-10-17 18:00:00,31.73752339667691
2025-10-17 19:00:00,30.948286001686423
2025-10-17 20:00:00,30.881940662860725
2025-10-17 21:00:00,30.08577504788243
2025-10-17 22:00:00,29.936573954769095
2025-10-17 23:00:00,31.70563024786319
2025-10-18 00:00:00,25.49296669883829
2025-10-18 01:00:00,25.29121787648963
2025-10-18 02:00:00,24.976266372957873
2025-10-18 03:00:00,24.505584948188815
2025-10-18 04:00:00,24.882855671016365
2025-10-18 05:00:00,25.340451676877564
2025-10-18 06:00:00,26.62414205517236
2025-10-18 07:00:00,27.34443056980522
2025-10-18 08:00:00,29.28690155562261
2025-10-18 09:00:00,28.75257041397911
2025-10-18 10:00:00,28.24664292064349
2025-10-18 11:00:00,27.60784547376795
2025-10-18 12:00:00,27.67329448937682
2025-10-18 13:00:00,29.40893255308479
2025-10-18 14:00:00,27.897483041757834
2025-10-18 15:00:00,28.76939442465022
2025-10-18 16:00:00,29.079479661561727
2025-10-18 17:00:00,28.620102894082432
2025-10-18 18:00:00,29.326442314366613
2025-10-18 19:00:00,27.317441277363326
2025-10-18 20:00:00,28.390791358266103
2025-10-18 21:00:00,27.23842934400673
2025-10-18 22:00:00,27.61471966624886
2025-10-18 23:00:00,27.3006059703573
2025-10-19 00:00:00,24.40473665217803
2025-10-19 01:00:00,24.407797162520954
2025-10-19 02:00:00,25.337294859285997
2025-10-19 03:00:00,24.73474638676237
2025-10-19 04:00:00,25.247747007776717
2025-10-19 05:00:00,24.25987228611055
2025-10-19 06:00:00,28.535502880955335
2025-10-19 07:00:00,27.4143828894994
2025-10-19 08:00:00,29.794553447757878
2025-10-19 09:00:00,28.659021752748366
2025-10-19 10:00:00,28.721404656746387
2025-10-19 11:00:00,28.010270663102492
2025-10-19 12:00:00,28.978124299269776
2025-10-19 13:00:00,28.42634802783754
2025-10-19 14:00:00,28.91549648995941
2025-10-19 15:00:00,28.844654803399163
2025-10-19 16:00:00,29.575522209380225
2025-10-19 17:00:00,28.755594320659327
2025-10-19 18:00:00,28.422213865442856
2025-10-19 19:00:00,26.46263891070811
2025-10-19 20:00:00,27.65137643419982
2025-10-19 21:00:00,28.172078415136074
2025-10-19 22:00:00,27.70892252048653
2025-10-19 23:00:00,27.17879717820158
2025-10-20 00:00:00,28.359164677433753
2025-10-20 01:00:00,28.323100637855536
2025-10-20 02:00:00,27.17778121026355
2025-10-20 03:00:00,28.161635741623872
2025-10-20 04:00:00,27.844302578602655
2025-10-20 05:00:00,28.371304527202167
2025-10-20 06:00:00,30.1367635376412
2025-10-20 07:00:00,30.57385448282132
2025-10-20 08:00:00,32.53043650786345
2025-10-20 09:00:00,31.667907205996766
2025-10-20 10:00:00,33.041466694708376
2025-10-20 11:00:00,32.69283865899649
2025-10-20 12:00:00,31.506472596943222
2025-10-20 13:00:00,32.983879996502175
2025-10-20 14:00:00,32.204707797996434
2025-10-20 15:00:00,31.897582722249656
2025-10-20 16:00:00,32.26865138799632
2025-10-20 17:00:00,31.27071180495717
2025-10-20 18:00:00,31.804485979749824
2025-10-20 19:00:00,31.469540941897286
2025-10-20 20:00:00,29.521363074367905
2025-10-20 21:00:00,31.079759415876456
2025-10-20 22:00:00,30.202912372986145
2025-10-20 23:00:00,29.990882059095203
2025-10-21 00:00:00,27.927207737211003
2025-10-21 01:00:00,28.46169717921296
2025-10-21 02:00:00,28.27135467659194
2025-10-21 03:00:00,28.57366193160523
2025-10-21 04:00:00,29.420970462016125
2025-10-21 05:00:00,28.29318717291615
2025-10-21 06:00:00,29.808673020997777
2025-10-21 07:00:00,31.122744382938777
2025-10-21 08:00:00,32.39365379199034
2025-10-21 09:00:00,32.12358071136564
2025-10-21 10:00:00,33.25809224602468
2025-10-21 11:00:00,31.442993724943356
2025-10-21 12:00:00,32.98263114063395
2025-10-21 13:00:00,32.60362685900121
2025-10-21 14:00:00,33.29436112160613
2025-10-21 15:00:00,31.976338552859417
2025-10-21 16:00:00,32.14634331490014
2025-10-21 17:00:00,32.34707439946411
2025-10-21 18:00:00,32.210827800310916
2025-10-21 19:00:00,31.585835767800614
2025-10-21 20:00:00,31.00200999550702
2025-10-21 21:00:00,30.875260001577004
2025-10-21 22:00:00,30.06547572238009
2025-10-21 23:00:00,29.540776486218036
2025-10-22 00:00:00,28.837791809433188
2025-10-22 01:00:00,28.284593613110335
2025-10-22 02:00:00,27.13607437637456
2025-10-22 03:00:00,27.690071378817315
2025-10-22 04:00:00,27.822791026038043
2025-10-22 05:00:00,27.829120778748315
2025-10-22 06:00:00,29.992922784105534
2025-10-22 07:00:00,29.782352639288014
2025-10-22 08:00:00,31.138703466388794
2025-10-22 09:00:00,32.92093067808243
2025-10-22 10:00:00,32.027317477270294
2025-10-22 11:00:00,31.871301903505238
2025-10-22 12:00:00,31.141835260325553
2025-10-22 13:00:00,31.575110205586064
2025-10-22 14:00:00,32.05221761935348
2025-10-22 15:00:00,30.977186204099365
2025-10-22 16:00:00,32.35358729633754
2025-10-22 17:00:00,32.49792161348424
2025-10-22 18:00:00,32.077263109018446
2025-10-22 19:00:00,30.04286242070332
2025-10-22 20:00:00,29.7322614151774
2025-10-22 21:00:00,30.863176875667538
2025-10-22 22:00:00,30.77694643324283
2025-10-22 23:00:00,30.55140597829456
2025-10-23 00:00:00,28.10504297801626
2025-10-23 01:00:00,27.566176500793656
2025-10-23 02:00:00,28.381533577043516
2025-10-23 03:00:00,27.353726193239957
2025-10-23 04:00:00,26.978420540892714
2025-10-23 05:00:00,28.813312696724772
2025-10-23 06:00:00,30.19644939402021
2025-10-23 07:00:00,30.79725416852245
2025-10-23 08:00:00,33.288552303673015
2025-10-23 09:00:00,32.72161134112459
2025-10-23 10:00:00,33.149171805721544
2025-10-23 11:00:00,31.741929316955563
2025-10-23 12:00:00,32.1772309944837
2025-10-23 13:00:00,32.31645862533114
2025-10-23 14:00:00,31.24317907875826
2025-10-23 15:00:00,32.380315969931665
2025-10-23 16:00:00,31.02457371696548
2025-10-23 17:00:00,31.888045753526463
2025-10-23 18:00:00,32.01699835755979
2025-10-23 19:00:00,30.720418005040187
2025-10-23 20:00:00,31.13252494146793
2025-10-23 21:00:00,31.10365576026038
2025-10-23 22:00:00,30.85790071391401
2025-10-23 23:00:00,31.269520001141622
2025-10-24 00:00:00,28.506779700355047
2025-10-24 01:00:00,28.150381825718
2025-10-24 02:00:00,28.625941370328665
2025-10-24 03:00:00,27.776882570926613
2025-10-24 04:00:00,27.363660009006317
2025-10-24 05:00:00,28.171589953487278
2025-10-24 06:00:00,30.277956246869213
2025-10-24 07:00:00,30.769019510323385
2025-10-24 08:00:00,32.08420497556722
2025-10-24 09:00:00,32.457414253618836
2025-10-24 10:00:00,33.00395907588551
2025-10-24 11:00:00,32.75463442903081
2025-10-24 12:00:00,31.52958121670248
2025-10-24 13:00:00,31.906486810845998
2025-10-24 14:00:00,32.81952314954411
2025-10-24 15:00:00,32.25620308996242
2025-10-24 16:00:00,30.688731352551287
2025-10-24 17:00:00,32.03866934607133
2025-10-24 18:00:00,31.024581585266535
2025-10-24 19:00:00,30.352363003860212
2025-10-24 20:00:00,30.0473208558126
2025-10-24 21:00:00,30.864623824376636
2025-10-24 22:00:00,30.55366130444134
2025-10-24 23:00:00,29.626862342085804
2025-10-25 00:00:00,25.986459415707802
2025-10-25 01:00:00,25.216399518863685
2025-10-25 02:00:00,24.993779574357973
2025-10-25 03:00:00,25.631087646286524
2025-10-25 04:00:00,25.085959595820725
2025-10-25 05:00:00,25.18638603264786
2025-10-25 06:00:00,27.251441829670227
2025-10-25 07:00:00,27.29559794955916
2025-10-25 08:00:00,28.837059038618946
2025-10-25 09:00:00,29.206679127533064
2025-10-25 10:00:00,29.284729433784552
2025-10-25 11:00:00,28.880879321164695
2025-10-25 12:00:00,29.593360790622317
2025-10-25 13:00:00,29.20033296787938
2025-10-25 14:00:00,27.998584460944524
2025-10-25 15:00:00,29.11782813375543
2025-10-25 16:00:00,28.335148694184603
2025-10-25 17:00:00,28.07882486343189
2025-10-25 18:00:00,28.803764389885444
2025-10-25 19:00:00,27.288316984247736
2025-10-25 20:00:00,27.42005600249097
2025-10-25 21:00:00,28.26207797481308
2025-10-25 22:00:00,27.005689538498252
2025-10-25 23:00:00,27.717357787115958
2025-10-26 00:00:00,24.97474587999503
2025-10-26 01:00:00,24.507764255968578
2025-10-26 02:00:00,25.183136584264474
2025-10-26 03:00:00,24.813236048924498
2025-10-26 04:00:00,24.39699932115738
2025-10-26 05:00:00,25.158384536686167
2025-10-26 06:00:00,27.613904179598347
2025-10-26 07:00:00,27.110814789161488
2025-10-26 08:00:00,28.863751880581397
2025-10-26 09:00:00,29.420778145373184
2025-10-26 10:00:00,28.055771483679745
2025-10-26 11:00:00,28.359683321438464
2025-10-26 12:00:00,28.623531344691067
2025-10-26 13:00:00,29.238683052672783
2025-10-26 14:00:00,27.016639184692714
2025-10-26 15:00:00,28.845525469734703
2025-10-26 16:00:00,28.641019849985167
2025-10-26 17:00:00,28.166906264985613
2025-10-26 18:00:00,28.809451449479177
2025-10-26 19:00:00,27.56351216663124
2025-10-26 20:00:00,26.82690016205642
2025-10-26 21:00:00,26.90765974168376
2025-10-26 22:00:00,27.7726486895594
2025-10-26 23:00:00,27.66758733263832
2025-10-27 00:00:00,28.572151857706206
2025-10-27 01:00:00,27.522342794656712
2025-10-27 02:00:00,28.04802077890227
2025-10-27 03:00:00,26.99777011120883
2025-10-27 04:00:00,28.466040359209988
2025-10-27 05:00:00,27.810470047638532
2025-10-27 06:00:00,29.241649754433038
2025-10-27 07:00:00,29.595498496516733
2025-10-27 08:00:00,32.22830804660802
2025-10-27 09:00:00,31.735253725429587
2025-10-27 10:00:00,32.33504390943104
2025-10-27 11:00:00,32.69763417721271
2025-10-27 12:00:00,32.472056235004246
2025-10-27 13:00:00,32.06740315975232
2025-10-27 14:00:00,31.768345786869716
2025-10-27 15:00:00,32.103058803712415
2025-10-27 16:00:00,32.52043421442259
2025-10-27 17:00:00,31.65151453926134
2025-10-27 18:00:00,33.15134351008681
2025-10-27 19:00:00,29.67365712296655
2025-10-27 20:00:00,31.03787966041605
2025-10-27 21:00:00,31.026737748595043
2025-10-27 22:00:00,31.2371613375761
2025-10-27 23:00:00,30.688433914019313
2025-10-28 00:00:00,27.87407172767856
2025-10-28 01:00:00,28.76873517171983
2025-10-28 02:00:00,27.187741518363993
2025-10-28 03:00:00,28.36012324105567
2025-10-28 04:00:00,28.089273307676287
2025-10-28 05:00:00,27.503448913669715
2025-10-28 06:00:00,31.112434881423937
2025-10-28 07:00:00,30.502906685090185
2025-10-28 08:00:00,31.85883416156534
2025-10-28 09:00:00,32.19144062785474
2025-10-28 10:00:00,32.369799752519306
2025-10-28 11:00:00,31.744325185669112
2025-10-28 12:00:00,31.606247349033467
2025-10-28 13:00:00,31.05627635242416
2025-10-28 14:00:00,31.5236367485159
2025-10-28 15:00:00,32.19019497596909
2025-10-28 16:00:00,32.16951451021779
2025-10-28 17:00:00,31.257634531684783
2025-10-28 18:00:00,31.047004633223693
2025-10-28 19:00:00,31.21662573927877
2025-10-28 20:00:00,30.83211484951814
2025-10-28 21:00:00,31.2151522193896
2025-10-28 22:00:00,30.681972552420692
2025-10-28 23:00:00,31.477844159088146
2025-10-29 00:00:00,27.34620042862239
2025-10-29 01:00:00,28.042376710872205
2025-10-29 02:00:00,28.507452687985012
2025-10-29 03:00:00,28.608399849683707
2025-10-29 04:00:00,27.99816391563753
2025-10-29 05:00:00,28.24167813001037
2025-10-29 06:00:00,30.734168136971217
2025-10-29 07:00:00,30.157907659970466
2025-10-29 08:00:00,32.24671618121592
2025-10-29 09:00:00,31.235661604018688
2025-10-29 10:00:00,32.49477714258129
2025-10-29 11:00:00,31.660797606317445
2025-10-29 12:00:00,32.61651867669755
2025-10-29 13:00:00,32.508240682018865
2025-10-29 14:00:00,31.96903580530345
2025-10-29 15:00:00,30.888771544752327
2025-10-29 16:00:00,33.404268931348824
2025-10-29 17:00:00,31.830497356565353
2025-10-29 18:00:00,32.06056919601464
2025-10-29 19:00:00,30.189507608681943
2025-10-29 20:00:00,30.13917988341377
2025-10-29 21:00:00,30.229155469317764
2025-10-29 22:00:00,31.048287190138126
2025-10-29 23:00:00,29.996118324518054
2025-10-30 00:00:00,28.171889440684403
2025-10-30 01:00:00,27.552292343380902
2025-10-30 02:00:00,28.86513147801416
2025-10-30 03:00:00,28.487728449430985
2025-10-30 04:00:00,27.398097195937893
2025-10-30 05:00:00,28.878595578816135
2025-10-30 06:00:00,31.554593376865324
2025-10-30 07:00:00,30.571587397160368
2025-10-30 08:00:00,32.658358590800646
2025-10-30 09:00:00,31.21636333612604
2025-10-30 10:00:00,32.35070124617211
2025-10-30 11:00:00,30.637664322665323
2025-10-30 12:00:00,31.61702807307889
2025-10-30 13:00:00,32.49645104719616
2025-10-30 14:00:00,31.392927728021142
2025-10-30 15:00:00,32.438175255318896
2025-10-30 16:00:00,32.28481263017737
2025-10-30 17:00:00,30.834381643656684
2025-10-30 18:00:00,31.609273156519478
2025-10-30 19:00:00,31.739655420125754
2025-10-30 20:00:00,29.97366024699349
2025-10-30 21:00:00,31.276650220026717
2025-10-30 22:00:00,30.654322815472963
2025-10-30 23:00:00,30.166319125776226
2025-10-31 00:00:00,26.918716888226413
2025-10-31 01:00:00,28.66291375891033
2025-10-31 02:00:00,28.933320689994762
2025-10-31 03:00:00,27.0616150217949
2025-10-31 04:00:00,29.09419611405708
2025-10-31 05:00:00,27.137572455005333
2025-10-31 06:00:00,30.1843326854191
2025-10-31 07:00:00,30.426166670802385
2025-10-31 08:00:00,31.791393682023912
2025-10-31 09:00:00,29.91918599333159
2025-10-31 10:00:00,31.978716408668813
2025-10-31 11:00:00,31.5098244434733
2025-10-31 12:00:00,32.95743516420459
2025-10-31 13:00:00,32.665785213175525
2025-10-31 14:00:00,32.0148806312953
2025-10-31 15:00:00,32.38629103565481
2025-10-31 16:00:00,32.16346514481868
2025-10-31 17:00:00,31.642927826481877
2025-10-31 18:00:00,30.893310038134324
2025-10-31 19:00:00,31.34069856215417
2025-10-31 20:00:00,30.484173772951365
2025-10-31 21:00:00,31.011661803634073
2025-10-31 22:00:00,30.407446484491366
2025-10-31 23:00:00,31.04850677890341
2025-11-01 00:00:00,25.241656409803895
2025-11-01 01:00:00,25.93709459236949
2025-11-01 02:00:00,24.95503392114073
2025-11-01 03:00:00,24.839360969767316
2025-11-01 04:00:00,24.891721904069186
2025-11-01 05:00:00,25.95615026772717
2025-11-01 06:00:00,27.78328495233426
2025-11-01 07:00:00,27.08797605322544
2025-11-01 08:00:00,28.88324582818603
2025-11-01 09:00:00,28.324367532852964
2025-11-01 10:00:00,28.411402465772756
2025-11-01 11:00:00,28.36689577373428
2025-11-01 12:00:00,28.54634675243138
2025-11-01 13:00:00,28.475112393798366
2025-11-01 14:00:00,28.23618249716398
2025-11-01 15:00:00,28.362654463140448
2025-11-01 16:00:00,28.73591705875131
2025-11-01 17:00:00,29.86480546609457
2025-11-01 18:00:00,29.71198495545755
2025-11-01 19:00:00,26.962707902237423
2025-11-01 20:00:00,27.35267548899481
2025-11-01 21:00:00,26.18684148552913
2025-11-01 22:00:00,27.310815328521628
2025-11-01 23:00:00,26.896031553112415
2025-11-02 00:00:00,25.046379952218004
2025-11-02 01:00:00,25.599703028893735
2025-11-02 02:00:00,24.765173077557353
2025-11-02 03:00:00,24.548531281824744
2025-11-02 04:00:00,25.088607921620554
2025-11-02 05:00:00,25.21361036854251
2025-11-02 06:00:00,27.159873189289115
2025-11-02 07:00:00,27.149307989244214
2025-11-02 08:00:00,28.46295579693959
2025-11-02 09:00:00,27.90850570581702
2025-11-02 10:00:00,27.844467936409472
2025-11-02 11:00:00,28.993827119299468
2025-11-02 12:00:00,29.67295015995093
2025-11-02 13:00:00,28.93574174252706
2025-11-02 14:00:00,28.991420682253892
2025-11-02 15:00:00,28.7175886768611
2025-11-02 16:00:00,28.32914991796712
2025-11-02 17:00:00,28.031200908632375
2025-11-02 18:00:00,28.735030276147846
2025-11-02 19:00:00,28.347322845362505
2025-11-02 20:00:00,27.405711272959213
2025-11-02 21:00:00,27.079380776931107
2025-11-02 22:00:00,26.98977310838438
2025-11-02 23:00:00,27.281812621792156
2025-11-03 00:00:00,27.960048018670495
2025-11-03 01:00:00,28.209220098208167
2025-11-03 02:00:00,27.111204710325513
2025-11-03 03:00:00,27.89223690077102
2025-11-03 04:00:00,28.332404485566297
2025-11-03 05:00:00,28.007789837032835
2025-11-03 06:00:00,30.70082427709605
2025-11-03 07:00:00,30.93031736888913
2025-11-03 08:00:00,31.15615611386209
2025-11-03 09:00:00,31.888872164805843
2025-11-03 10:00:00,31.962803556483433
2025-11-03 11:00:00,31.307934069561558
2025-11-03 12:00:00,31.035470627996798
2025-11-03 13:00:00,32.18370199168571
2025-11-03 14:00:00,31.222556507948262
2025-11-03 15:00:00,31.168740097190486
2025-11-03 16:00:00,31.23508785940396
2025-11-03 17:00:00,31.707061121940143
2025-11-03 18:00:00,30.679921265144593
2025-11-03 19:00:00,30.356325973905587
2025-11-03 20:00:00,30.407760784919233
2025-11-03 21:00:00,31.12378027726903
2025-11-03 22:00:00,30.36676206846422
2025-11-03 23:00:00,30.831510656319
2025-11-04 00:00:00,27.488679253697153
2025-11-04 01:00:00,28.267957856126888
2025-11-04 02:00:00,27.63100465395416
2025-11-04 03:00:00,28.771147319010097
2025-11-04 04:00:00,28.188861712422582
2025-11-04 05:00:00,27.72964672534311
2025-11-04 06:00:00,30.213937317624595
2025-11-04 07:00:00,30.256320011984172
2025-11-04 08:00:00,31.279186642537194
2025-11-04 09:00:00,31.82812906592312
2025-11-04 10:00:00,33.534256404020965
2025-11-04 11:00:00,30.88537687841994
2025-11-04 12:00:00,32.94424029305731
2025-11-04 13:00:00,32.13701533651278
2025-11-04 14:00:00,31.65401724480473
2025-11-04 15:00:00,33.36925065167621
2025-11-04 16:00:00,31.97455444280563
2025-11-04 17:00:00,31.330766590945625
2025-11-04 18:00:00,31.806837198578673
2025-11-04 19:00:00,30.518996451148425
2025-11-04 20:00:00,31.28440021376181
2025-11-04 21:00:00,30.26778580170433
2025-11-04 22:00:00,31.227874754729566
2025-11-04 23:00:00,30.71195705036429
2025-11-05 00:00:00,27.724104683430948
2025-11-05 01:00:00,26.550275351492896
2025-11-05 02:00:00,28.350136404272384
2025-11-05 03:00:00,27.929396183635593
2025-11-05 04:00:00,28.05119666221051
2025-11-05 05:00:00,28.431484449773706
2025-11-05 06:00:00,30.82269267941669
2025-11-05 07:00:00,30.98509810782928
2025-11-05 08:00:00,31.677224382346274
2025-11-05 09:00:00,32.11388883970449
2025-11-05 10:00:00,31.725639042218475
2025-11-05 11:00:00,32.58889023353105
2025-11-05 12:00:00,32.48902136067726
2025-11-05 13:00:00,31.425834730233465
2025-11-05 14:00:00,32.838615480495456
2025-11-05 15:00:00,31.755020656793654
2025-11-05 16:00:00,32.1708750046433
2025-11-05 17:00:00,31.923404924391583
2025-11-05 18:00:00,31.79148067529324
2025-11-05 19:00:00,30.283806921885674
2025-11-05 20:00:00,30.376241947335977
2025-11-05 21:00:00,31.70505535492062
2025-11-05 22:00:00,31.119210390694885
2025-11-05 23:00:00,31.26259390803504
2025-11-06 00:00:00,27.921235419386484
2025-11-06 01:00:00,27.848854824732893
2025-11-06 02:00:00,28.81110724406286
2025-11-06 03:00:00,28.24387086133357
2025-11-06 04:00:00,27.444645781354097
2025-11-06 05:00:00,28.939030816958336
2025-11-06 06:00:00,30.971929430290455
2025-11-06 07:00:00,31.601619320229126
2025-11-06 08:00:00,32.048811071831366
2025-11-06 09:00:00,32.78376566601319
2025-11-06 10:00:00,32.677392729219235
2025-11-06 11:00:00,31.839155696755437
2025-11-06 12:00:00,32.46505830418717
2025-11-06 13:00:00,31.806247463581172
2025-11-06 14:00:00,31.486643129944873
2025-11-06 15:00:00,31.48559451732712
2025-11-06 16:00:00,31.835443963395516
2025-11-06 17:00:00,32.20051081850944
2025-11-06 18:00:00,31.498439163919382
2025-11-06 19:00:00,30.838363099069106
2025-11-06 20:00:00,30.426173524419788
2025-11-06 21:00:00,29.13262204472348
2025-11-06 22:00:00,31.1664611917064
2025-11-06 23:00:00,31.520358102164586
2025-11-07 00:00:00,28.21915724454239
2025-11-07 01:00:00,27.26190601797305
2025-11-07 02:00:00,29.04058226839099
2025-11-07 03:00:00,28.334652674496517
2025-11-07 04:00:00,26.92180461530136
2025-11-07 05:00:00,28.550691832650234
2025-11-07 06:00:00,30.02657868557936
2025-11-07 07:00:00,31.385739552291678
2025-11-07 08:00:00,32.2051769109617
2025-11-07 09:00:00,31.684911980900075
2025-11-07 10:00:00,32.08037284718011
2025-11-07 11:00:00,32.038447400568735
2025-11-07 12:00:00,31.706073065728617
2025-11-07 13:00:00,31.998151751462085
2025-11-07 14:00:00,32.490715868618146
2025-11-07 15:00:00,32.951574386310185
2025-11-07 16:00:00,31.618615908493602
2025-11-07 17:00:00,32.3140091128301
2025-11-07 18:00:00,32.02112002840242
2025-11-07 19:00:00,30.73469872084365
2025-11-07 20:00:00,30.45122843925191
2025-11-07 21:00:00,31.355676949576146
2025-11-07 22:00:00,31.091190993127693
2025-11-07 23:00:00,30.63505672492719
2025-11-08 00:00:00,25.170290907749507
2025-11-08 01:00:00,25.42891126025519
2025-11-08 02:00:00,25.50802255516009
2025-11-08 03:00:00,25.55065338218755
2025-11-08 04:00:00,26.194136171823786
2025-11-08 05:00:00,24.99611761968068
2025-11-08 06:00:00,27.391707449605878
2025-11-08 07:00:00,27.502178339775046
2025-11-08 08:00:00,28.524457345521636
2025-11-08 09:00:00,28.657755487221447
2025-11-08 10:00:00,28.879869026951393
2025-11-08 11:00:00,28.222073373403063
2025-11-08 12:00:00,27.98848005491778
2025-11-08 13:00:00,28.17093588724241
2025-11-08 14:00:00,28.74814532340536
2025-11-08 15:00:00,28.980539936354457
2025-11-08 16:00:00,29.087537459320988
2025-11-08 17:00:00,28.478975026121596
2025-11-08 18:00:00,29.442399898938945
2025-11-08 19:00:00,28.139817570875476
2025-11-08 20:00:00,27.446317287553597
2025-11-08 21:00:00,28.164574314190794
2025-11-08 22:00:00,27.432141613240287
2025-11-08 23:00:00,27.72571012032943
2025-11-09 00:00:00,24.889869839373347
2025-11-09 01:00:00,26.50660604708084
2025-11-09 02:00:00,25.196956183696845
2025-11-09 03:00:00,25.18928347320644
2025-11-09 04:00:00,24.627763659732324
2025-11-09 05:00:00,25.86886411274872
2025-11-09 06:00:00,27.150361770570505
2025-11-09 07:00:00,26.599683057792966
2025-11-09 08:00:00,27.559015317720444
2025-11-09 09:00:00,27.79651301221668
2025-11-09 10:00:00,28.725326643804504
2025-11-09 11:00:00,27.448787073587248
2025-11-09 12:00:00,28.190006834555838
2025-11-09 13:00:00,29.019018369472008
2025-11-09 14:00:00,29.07657592706516
2025-11-09 15:00:00,29.25001198877235
2025-11-09 16:00:00,28.268356648911965
2025-11-09 17:00:00,27.57280576343028
2025-11-09 18:00:00,28.400847840018066
2025-11-09 19:00:00,26.84504061445054
2025-11-09 20:00:00,27.861774556144685
2025-11-09 21:00:00,27.23890008548276
2025-11-09 22:00:00,27.22152181707442
2025-11-09 23:00:00,27.29281303129466
2025-11-10 00:00:00,26.608490592731037
2025-11-10 01:00:00,28.509761233717114
2025-11-10 02:00:00,28.385471679060586
2025-11-10 03:00:00,28.277291186428624
2025-11-10 04:00:00,28.01920044087623
2025-11-10 05:00:00,28.306144209334832
2025-11-10 06:00:00,29.830061316964095
2025-11-10 07:00:00,31.815064074093957
2025-11-10 08:00:00,33.59902148691229
2025-11-10 09:00:00,31.429189584759484
2025-11-10 10:00:00,30.910667945581352
2025-11-10 11:00:00,32.04006696188923
2025-11-10 12:00:00,31.941910031966273
2025-11-10 13:00:00,33.206837395232384
2025-11-10 14:00:00,32.799674226583136
2025-11-10 15:00:00,31.367793243788086
2025-11-10 16:00:00,33.00745602233482
2025-11-10 17:00:00,32.65017794407846
2025-11-10 18:00:00,31.54202408520034
2025-11-10 19:00:00,30.90258630327399
2025-11-10 20:00:00,29.688469601485984
2025-11-10 21:00:00,30.731490350326357
2025-11-10 22:00:00,29.933723555121247
2025-11-10 23:00:00,30.958222500772482
2025-11-11 00:00:00,28.333195442933395
2025-11-11 01:00:00,28.064358469073266
2025-11-11 02:00:00,28.294107767488253
2025-11-11 03:00:00,28.3926502139419
2025-11-11 04:00:00,28.59524791591923
2025-11-11 05:00:00,27.66168095236367
2025-11-11 06:00:00,30.016369511804452
2025-11-11 07:00:00,30.933785040438362
2025-11-11 08:00:00,30.778227896174975
2025-11-11 09:00:00,31.93312527234703
2025-11-11 10:00:00,30.674792120073135
2025-11-11 11:00:00,32.603237963627755
2025-11-11 12:00:00,32.59734157617276
2025-11-11 13:00:00,31.759772714250822
2025-11-11 14:00:00,32.29063748838262
2025-11-11 15:00:00,31.94413168919225
2025-11-11 16:00:00,31.439571505544652
2025-11-11 17:00:00,31.90283299288016
2025-11-11 18:00:00,31.916225850835776
2025-11-11 19:00:00,30.883086553382327
2025-11-11 20:00:00,30.70461267103322
2025-11-11 21:00:00,31.651216161947183
2025-11-11 22:00:00,30.61656258953983
2025-11-11 23:00:00,30.797024111027852
2025-11-12 00:00:00,28.672807687304864
2025-11-12 01:00:00,29.468641812749468
2025-11-12 02:00:00,28.53510875121255
2025-11-12 03:00:00,28.48794342881396
2025-11-12 04:00:00,28.3882635993546
2025-11-12 05:00:00,26.942147136642763
2025-11-12 06:00:00,30.516649907831287
2025-11-12 07:00:00,31.612863314403018
2025-11-12 08:00:00,32.658277105941266
2025-11-12 09:00:00,32.3059676714986
2025-11-12 10:00:00,31.783907441625306
2025-11-12 11:00:00,31.043361356841004
2025-11-12 12:00:00,31.45816294515304
2025-11-12 13:00:00,31.618277993766856
2025-11-12 14:00:00,31.589812725137016
2025-11-12 15:00:00,32.07185179675857
2025-11-12 16:00:00,30.78215341497444
2025-11-12 17:00:00,32.698721136003456
2025-11-12 18:00:00,31.662916686683467
2025-11-12 19:00:00,31.19890467049756
2025-11-12 20:00:00,30.050484236851023
2025-11-12 21:00:00,30.46275296378936
2025-11-12 22:00:00,29.379552584010344
2025-11-12 23:00:00,30.157450917475042
2025-11-13 00:00:00,27.5111606309517
2025-11-13 01:00:00,28.391942889314496
2025-11-13 02:00:00,27.66853116923308
2025-11-13 03:00:00,28.80060873013749
2025-11-13 04:00:00,28.156844020943318
2025-11-13 05:00:00,28.00432643440066
2025-11-13 06:00:00,30.192093409378117
2025-11-13 07:00:00,30.261169894078503
2025-11-13 08:00:00,31.129602860862366
2025-11-13 09:00:00,31.68810195631715
2025-11-13 10:00:00,31.80626714306496
2025-11-13 11:00:00,31.339150929619713
2025-11-13 12:00:00,30.70154741398207
2025-11-13 13:00:00,32.12336668045691
2025-11-13 14:00:00,32.19267708395834
2025-11-13 15:00:00,31.395025111202013
2025-11-13 16:00:00,33.24898694681531
2025-11-13 17:00:00,30.71513551126311
2025-11-13 18:00:00,32.5682028824668
2025-11-13 19:00:00,30.64522076994161
2025-11-13 20:00:00,29.12603338756685
2025-11-13 21:00:00,29.693262629092747
2025-11-13 22:00:00,31.117407093351066
2025-11-13 23:00:00,29.81641401219913
2025-11-14 00:00:00,27.523195107498083
2025-11-14 01:00:00,27.789267933914957
2025-11-14 02:00:00,28.030302694669388
2025-11-14 03:00:00,27.587596709221284
2025-11-14 04:00:00,27.43781454999783
2025-11-14 05:00:00,27.56348121072119
2025-11-14 06:00:00,31.16226217105904
2025-11-14 07:00:00,30.826041626832097
2025-11-14 08:00:00,31.262067121262575
2025-11-14 09:00:00,32.74205543312683
2025-11-14 10:00:00,30.880604114188447
2025-11-14 11:00:00,31.80674707820183
2025-11-14 12:00:00,32.21241888630704
2025-11-14 13:00:00,32.496628137557515
2025-11-14 14:00:00,32.009436239659536
2025-11-14 15:00:00,31.968606618213983
2025-11-14 16:00:00,32.60294190891221
2025-11-14 17:00:00,32.42235215604362
2025-11-14 18:00:00,31.486502676779235
2025-11-14 19:00:00,29.988562391455748
2025-11-14 20:00:00,30.176814100123185
2025-11-14 21:00:00,30.284333766403456
2025-11-14 22:00:00,30.14545454168638
2025-11-14 23:00:00,31.521447639560318
2025-11-15 00:00:00,25.525584326494066
2025-11-15 01:00:00,25.13238882029688
2025-11-15 02:00:00,24.72683955397871
2025-11-15 03:00:00,24.699122877650336
2025-11-15 04:00:00,24.67640512109631
2025-11-15 05:00:00,24.211759629031253
2025-11-15 06:00:00,27.651036881221703
2025-11-15 07:00:00,27.554983836335424
2025-11-15 08:00:00,28.810160501509934
2025-11-15 09:00:00,28.236315422414048
2025-11-15 10:00:00,28.768663336862087
2025-11-15 11:00:00,29.37852230511595
2025-11-15 12:00:00,28.037564970187002
2025-11-15 13:00:00,28.397512343070158
2025-11-15 14:00:00,28.742696780947274
2025-11-15 15:00:00,28.51261252123048
2025-11-15 16:00:00,28.60872698952867
2025-11-15 17:00:00,29.168433031542754
2025-11-15 18:00:00,27.98111887315063
2025-11-15 19:00:00,27.42624972630534
2025-11-15 20:00:00,26.848299541051972
2025-11-15 21:00:00,26.898977510500792
2025-11-15 22:00:00,27.74488843778767
2025-11-15 23:00:00,27.75276652369083
2025-11-16 00:00:00,24.64622208882406
2025-11-16 01:00:00,25.084629211346815
2025-11-16 02:00:00,25.539885914446234
2025-11-16 03:00:00,25.049021209614402
2025-11-16 04:00:00,25.307733021218628
2025-11-16 05:00:00,24.715623885987213
2025-11-16 06:00:00,27.156743678684432
2025-11-16 07:00:00,27.645524708739206
2025-11-16 08:00:00,29.2900602656911
2025-11-16 09:00:00,28.806476443982074
2025-11-16 10:00:00,28.666982062549547
2025-11-16 11:00:00,28.54989071146241
2025-11-16 12:00:00,28.008162411453377
2025-11-16 13:00:00,29.266463924479247
2025-11-16 14:00:00,28.555940454258916
2025-11-16 15:00:00,30.009371541325457
2025-11-16 16:00:00,29.681869221021408
2025-11-16 17:00:00,28.260302485152415
2025-11-16 18:00:00,29.282677294464982
2025-11-16 19:00:00,27.673334450195448
2025-11-16 20:00:00,28.190794924911955
2025-11-16 21:00:00,27.030457674045078
2025-11-16 22:00:00,27.931509519758787
2025-11-16 23:00:00,27.04859770455714
2025-11-17 00:00:00,27.23617344436047
2025-11-17 01:00:00,28.725032984287534
2025-11-17 02:00:00,26.865614512596753
2025-11-17 03:00:00,27.792935046234888
2025-11-17 04:00:00,27.570709698691495
2025-11-17 05:00:00,28.272084614916498
2025-11-17 06:00:00,31.420653428384128
2025-11-17 07:00:00,30.442239485225198
2025-11-17 08:00:00,31.938157232394545
2025-11-17 09:00:00,32.18965257797327
2025-11-17 10:00:00,32.204116647438056
2025-11-17 11:00:00,30.689500006053173
2025-11-17 12:00:00,31.510567125351233
2025-11-17 13:00:00,31.47418126004982
2025-11-17 14:00:00,32.885112685500125
2025-11-17 15:00:00,29.185366668449845
2025-11-17 16:00:00,32.1525884727002
2025-11-17 17:00:00,33.03319697599393
2025-11-17 18:00:00,32.494019103810224
2025-11-17 19:00:00,30.882271564925123
2025-11-17 20:00:00,31.506590263460854
2025-11-17 21:00:00,31.52710815128576
2025-11-17 22:00:00,31.068554490774833
2025-11-17 23:00:00,31.145280526405454
2025-11-18 00:00:00,28.706101949360836
2025-11-18 01:00:00,27.06814278119298
2025-11-18 02:00:00,28.095141863188154
2025-11-18 03:00:00,27.13312525215746
2025-11-18 04:00:00,29.06700860597059
2025-11-18 05:00:00,28.418721345294795
2025-11-18 06:00:00,30.74575077602447
2025-11-18 07:00:00,30.618881688101194
2025-11-18 08:00:00,32.49320838546107
2025-11-18 09:00:00,30.976057032756284
2025-11-18 10:00:00,31.400155168986633
2025-11-18 11:00:00,32.62248348868863
2025-11-18 12:00:00,31.304943038914633
2025-11-18 13:00:00,32.682919509808265
2025-11-18 14:00:00,32.69098495132713
2025-11-18 15:00:00,32.86923748748419
2025-11-18 16:00:00,30.853630917139625
2025-11-18 17:00:00,31.25005053804671
2025-11-18 18:00:00,31.624822329385477
2025-11-18 19:00:00,30.73922551723111
2025-11-18 20:00:00,30.125863734027558
2025-11-18 21:00:00,30.709235299931056
2025-11-18 22:00:00,29.981150046622563
2025-11-18 23:00:00,30.072831681084676
2025-11-19 00:00:00,27.82724773959571
2025-11-19 01:00:00,28.061125868078978
2025-11-19 02:00:00,27.792825011646116
2025-11-19 03:00:00,27.99650087965171
2025-11-19 04:00:00,28.568907521948148
2025-11-19 05:00:00,28.88815896410132
2025-11-19 06:00:00,30.235457719200785
2025-11-19 07:00:00,29.689622244112094
2025-11-19 08:00:00,32.48447315494556
2025-11-19 09:00:00,32.735841827330376
2025-11-19 10:00:00,31.661842392255515
2025-11-19 11:00:00,31.382695868595363
2025-11-19 12:00:00,32.2516060160115
2025-11-19 13:00:00,32.204804293518066
2025-11-19 14:00:00,31.208552987727078
2025-11-19 15:00:00,31.273592599014798
2025-11-19 16:00:00,32.74005650052105
2025-11-19 17:00:00,31.97478540743677
2025-11-19 18:00:00,32.83535005501595
2025-11-19 19:00:00,30.427583664915485
2025-11-19 20:00:00,30.748339633049984
2025-11-19 21:00:00,30.515752441114714
2025-11-19 22:00:00,30.767498826009078
2025-11-19 23:00:00,30.65418159185489
2025-11-20 00:00:00,28.655079246148077
2025-11-20 01:00:00,27.517309481262718
2025-11-20 02:00:00,28.291464440592385
2025-11-20 03:00:00,28.36907797945206
2025-11-20 04:00:00,26.740607382748006
2025-11-20 05:00:00,27.860751870417744
2025-11-20 06:00:00,29.253750291413237
2025-11-20 07:00:00,30.878906341532282
2025-11-20 08:00:00,31.082513866145387
2025-11-20 09:00:00,31.532560294241534
2025-11-20 10:00:00,31.380183340809932
2025-11-20 11:00:00,32.182944866417
2025-11-20 12:00:00,31.960194379058525
2025-11-20 13:00:00,32.268484677531916
2025-11-20 14:00:00,30.095383865774696
2025-11-20 15:00:00,30.6090170277546
2025-11-20 16:00:00,30.724604509769364
2025-11-20 17:00:00,32.42239835669854
2025-11-20 18:00:00,32.321414962065376
2025-11-20 19:00:00,30.739336593537928
2025-11-20 20:00:00,29.649236186316816
2025-11-20 21:00:00,31.669293445781967
2025-11-20 22:00:00,31.006784474210683
2025-11-20 23:00:00,29.913815833517695
2025-11-21 00:00:00,28.175701775185605
2025-11-21 01:00:00,28.967876307257406
2025-11-21 02:00:00,27.417524940145224
2025-11-21 03:00:00,28.09953738334708
2025-11-21 04:00:00,27.080535536313686
2025-11-21 05:00:00,28.460887423356237
2025-11-21 06:00:00,30.37263836376107
2025-11-21 07:00:00,30.795147986358927
2025-11-21 08:00:00,31.78574666241113
2025-11-21 09:00:00,31.92469576972584
2025-11-21 10:00:00,32.835677983904915
2025-11-21 11:00:00,31.648489391021897
2025-11-21 12:00:00,31.459799733995403
2025-11-21 13:00:00,31.61825877195147
2025-11-21 14:00:00,32.02796043907558
2025-11-21 15:00:00,31.80243923212569
2025-11-21 16:00:00,31.79123620566585
2025-11-21 17:00:00,31.85141849173799
2025-11-21 18:00:00,31.592693730886023
2025-11-21 19:00:00,30.24744336580913
2025-11-21 20:00:00,30.214502899070304
2025-11-21 21:00:00,29.862806322215537
2025-11-21 22:00:00,30.512708612765383
2025-11-21 23:00:00,30.71724738551971
2025-11-22 00:00:00,25.852104292364093
2025-11-22 01:00:00,25.716182731777906
2025-11-22 02:00:00,25.982237614097123
2025-11-22 03:00:00,25.961158966796077
2025-11-22 04:00:00,25.2774433899015
2025-11-22 05:00:00,25.515340962076714
2025-11-22 06:00:00,26.597344311437986
2025-11-22 07:00:00,27.971982944654446
2025-11-22 08:00:00,28.871570435441498
2025-11-22 09:00:00,28.043825319635104
2025-11-22 10:00:00,29.26845852641504
2025-11-22 11:00:00,28.803902277884077
2025-11-22 12:00:00,29.78589947137807
2025-11-22 13:00:00,28.575409375919076
2025-11-22 14:00:00,29.138870865026377
2025-11-22 15:00:00,28.845333121353907
2025-11-22 16:00:00,28.816045600133066
2025-11-22 17:00:00,29.187871737560393
2025-11-22 18:00:00,29.030359692881866
2025-11-22 19:00:00,27.743690361376874
2025-11-22 20:00:00,27.539068419552613
2025-11-22 21:00:00,26.99512315757742
2025-11-22 22:00:00,28.23545646882952
2025-11-22 23:00:00,26.886570252721917
2025-11-23 00:00:00,25.985194802492007
2025-11-23 01:00:00,25.10607011179972
2025-11-23 02:00:00,25.054438270558865
2025-11-23 03:00:00,25.189983792583575
2025-11-23 04:00:00,24.206606093629283
2025-11-23 05:00:00,25.120369645075787
2025-11-23 06:00:00,27.99737542058027
2025-11-23 07:00:00,27.67081315481111
2025-11-23 08:00:00,28.91953755409893
2025-11-23 09:00:00,28.816451535281793
2025-11-23 10:00:00,29.978505803844335
2025-11-23 11:00:00,28.16895030801094
2025-11-23 12:00:00,29.000856167625543
2025-11-23 13:00:00,27.96621394841867
2025-11-23 14:00:00,29.05588974805373
2025-11-23 15:00:00,28.69660204912237
2025-11-23 16:00:00,28.53892936555934
2025-11-23 17:00:00,28.830403481898784
2025-11-23 18:00:00,28.92546809965857
2025-11-23 19:00:00,27.23892516010501
2025-11-23 20:00:00,27.091085439468294
2025-11-23 21:00:00,27.08324314057311
2025-11-23 22:00:00,27.87779625412726
2025-11-23 23:00:00,27.227427534842924
2025-11-24 00:00:00,28.013485918733352
2025-11-24 01:00:00,28.048540378422246
2025-11-24 02:00:00,27.133569937050563
2025-11-24 03:00:00,28.173005351490858
2025-11-24 04:00:00,27.53245375062174
2025-11-24 05:00:00,28.71674909477179
2025-11-24 06:00:00,30.81913397749343
2025-11-24 07:00:00,31.149291044927356
2025-11-24 08:00:00,31.307453112042612
2025-11-24 09:00:00,31.700885311808204
2025-11-24 10:00:00,32.11662263104985
2025-11-24 11:00:00,30.926364798759096
2025-11-24 12:00:00,31.520616961663407
2025-11-24 13:00:00,32.54870887763477
2025-11-24 14:00:00,32.36130291656439
2025-11-24 15:00:00,31.023780453081784
2025-11-24 16:00:00,31.259825261422982
2025-11-24 17:00:00,32.46553653734202
2025-11-24 18:00:00,32.19787646224723
2025-11-24 19:00:00,30.808675981017135
2025-11-24 20:00:00,31.13840172779441
2025-11-24 21:00:00,31.07992947118535
2025-11-24 22:00:00,31.395522489516974
2025-11-24 23:00:00,30.903961925394093
2025-11-25 00:00:00,28.506243503781132
2025-11-25 01:00:00,27.881700214206045
2025-11-25 02:00:00,27.826157043492305
2025-11-25 03:00:00,28.04077562883635
2025-11-25 04:00:00,27.805605154411438
2025-11-25 05:00:00,28.11645629371858
2025-11-25 06:00:00,30.02812552974149
2025-11-25 07:00:00,30.648057185360184
2025-11-25 08:00:00,31.083755542861233
2025-11-25 09:00:00,31.982543221553072
2025-11-25 10:00:00,32.06400113655405
2025-11-25 11:00:00,31.592990041998103
2025-11-25 12:00:00,32.29980536672857
2025-11-25 13:00:00,33.29805925983113
2025-11-25 14:00:00,31.45170200936336
2025-11-25 15:00:00,32.73785363548013
2025-11-25 16:00:00,31.818609399016335
2025-11-25 17:00:00,32.0585120324266
2025-11-25 18:00:00,31.47048330683197
2025-11-25 19:00:00,29.7219874060389
2025-11-25 20:00:00,31.190957804398543
2025-11-25 21:00:00,30.830316214857522
2025-11-25 22:00:00,29.13624316689694
2025-11-25 23:00:00,30.53729541497825
2025-11-26 00:00:00,27.47579981654105
2025-11-26 01:00:00,28.476538350562766
2025-11-26 02:00:00,28.13758055430073
2025-11-26 03:00:00,28.334813919985354
2025-11-26 04:00:00,28.903090111880946
2025-11-26 05:00:00,28.99183604215109
2025-11-26 06:00:00,29.785566547877142
2025-11-26 07:00:00,29.885194893603423
2025-11-26 08:00:00,31.66137199066327
2025-11-26 09:00:00,31.39909183717708
2025-11-26 10:00:00,32.5338799902274
2025-11-26 11:00:00,32.5358595134084
2025-11-26 12:00:00,33.14138805595313
2025-11-26 13:00:00,32.21524901979685
2025-11-26 14:00:00,32.8464911682842
2025-11-26 15:00:00,32.65859777246131
2025-11-26 16:00:00,31.492366189119878
2025-11-26 17:00:00,32.45440512522163
2025-11-26 18:00:00,32.33208069094517
2025-11-26 19:00:00,30.350555596672063
2025-11-26 20:00:00,31.519717323999128
2025-11-26 21:00:00,30.45819555062017
2025-11-26 22:00:00,30.846531116692873
2025-11-26 23:00:00,29.616173138469627
2025-11-27 00:00:00,28.12547411066358
2025-11-27 01:00:00,28.25061668195617
2025-11-27 02:00:00,27.381365244815466
2025-11-27 03:00:00,29.29809960399172
2025-11-27 04:00:00,28.09909385240574
2025-11-27 05:00:00,27.350137390986436
2025-11-27 06:00:00,29.885258931206334
2025-11-27 07:00:00,30.332926923222725
2025-11-27 08:00:00,32.8123120939819
2025-11-27 09:00:00,32.910852058126565
2025-11-27 10:00:00,33.04716190649607
2025-11-27 11:00:00,31.47725421281416
2025-11-27 12:00:00,31.31484993130632
2025-11-27 13:00:00,30.952165604412357
2025-11-27 14:00:00,32.06029593815272
2025-11-27 15:00:00,31.649590543561064
2025-11-27 16:00:00,30.396575426280297
2025-11-27 17:00:00,31.65999564348107
2025-11-27 18:00:00,30.870397035579675
2025-11-27 19:00:00,31.117322774377968
2025-11-27 20:00:00,29.336303002327533
2025-11-27 21:00:00,30.08527245134045
2025-11-27 22:00:00,28.741457866173203
2025-11-27 23:00:00,30.338745609741526
2025-11-28 00:00:00,28.70668742907195
2025-11-28 01:00:00,28.430330861558275
2025-11-28 02:00:00,28.026281886659593
2025-11-28 03:00:00,27.324777222218533
2025-11-28 04:00:00,27.968432351883454
2025-11-28 05:00:00,27.452979680989294
2025-11-28 06:00:00,30.412797319932555
2025-11-28 07:00:00,31.512701478539945
2025-11-28 08:00:00,31.082090812146564
2025-11-28 09:00:00,31.740206149864953
2025-11-28 10:00:00,31.508515293799324
2025-11-28 11:00:00,32.09335313042619
2025-11-28 12:00:00,32.78217373152729
2025-11-28 13:00:00,32.10869693662545
2025-11-28 14:00:00,30.97082306151255
2025-11-28 15:00:00,32.27156240852456
2025-11-28 16:00:00,32.64862006954917
2025-11-28 17:00:00,32.108035015942775
2025-11-28 18:00:00,32.07335026962848
2025-11-28 19:00:00,30.993626547848304
2025-11-28 20:00:00,29.746343729590418
2025-11-28 21:00:00,31.376817718573307
2025-11-28 22:00:00,29.535525464632546
2025-11-28 23:00:00,30.913307869914288
2025-11-29 00:00:00,26.37514417167478
2025-11-29 01:00:00,25.419797624865478
2025-11-29 02:00:00,24.772263161664213
2025-11-29 03:00:00,24.731450332453026
2025-11-29 04:00:00,24.624920507383433
2025-11-29 05:00:00,24.995808188848102
2025-11-29 06:00:00,27.491901377304018
2025-11-29 07:00:00,27.56701224242916
2025-11-29 08:00:00,28.20453275039197
2025-11-29 09:00:00,29.462589194392944
2025-11-29 10:00:00,28.932512670807657
2025-11-29 11:00:00,29.379042767184924
2025-11-29 12:00:00,28.505533115526205
2025-11-29 13:00:00,28.26143320846401
2025-11-29 14:00:00,29.100927130412455
2025-11-29 15:00:00,29.531735348416852
2025-11-29 16:00:00,28.69577257272942
2025-11-29 17:00:00,29.07989143143026
2025-11-29 18:00:00,28.540275975915115
2025-11-29 19:00:00,27.97467294568237
2025-11-29 20:00:00,27.485369547965835
2025-11-29 21:00:00,27.296704650410202
2025-11-29 22:00:00,27.99465889734955
2025-11-29 23:00:00,27.249234927308603
2025-11-30 00:00:00,25.064086676419677
2025-11-30 01:00:00,25.416639859291834
2025-11-30 02:00:00,25.555146121069605
2025-11-30 03:00:00,25.728781995311586
2025-11-30 04:00:00,24.990007533630767
2025-11-30 05:00:00,25.80014449548162
2025-11-30 06:00:00,27.175210315540927
2025-11-30 07:00:00,27.429233145462558
2025-11-30 08:00:00,28.652387606557514
2025-11-30 09:00:00,28.609957639628355
2025-11-30 10:00:00,29.262819998131423
2025-11-30 11:00:00,28.388898799006196
2025-11-30 12:00:00,27.380663639356182
2025-11-30 13:00:00,29.316839103144897
2025-11-30 14:00:00,28.572071116651706
2025-11-30 15:00:00,28.69029370725816
2025-11-30 16:00:00,28.129842132507147
2025-11-30 17:00:00,28.515860961405494
2025-11-30 18:00:00,28.88434398046975
2025-11-30 19:00:00,27.454903040507688
2025-11-30 20:00:00,26.245953139303975
2025-11-30 21:00:00,27.15254184043899
2025-11-30 22:00:00,27.849631404137185
2025-11-30 23:00:00,27.99696642226145
2025-12-01 00:00:00,27.724837470259505
2025-12-01 01:00:00,28.881689055110506
2025-12-01 02:00:00,27.681329705248885
2025-12-01 03:00:00,28.432396384593854
2025-12-01 04:00:00,28.014943858742047
2025-12-01 05:00:00,27.980239856962985
2025-12-01 06:00:00,31.016787944844275
2025-12-01 07:00:00,30.257103755296903
2025-12-01 08:00:00,32.310943419008204
2025-12-01 09:00:00,32.29945779454836
2025-12-01 10:00:00,32.43634351767169
2025-12-01 11:00:00,31.621932823304054
2025-12-01 12:00:00,32.26596824731024
2025-12-01 13:00:00,31.895504331448425
2025-12-01 14:00:00,31.220960197495767
2025-12-01 15:00:00,31.65894120438279
2025-12-01 16:00:00,32.51001524648272
2025-12-01 17:00:00,30.955730925524673
2025-12-01 18:00:00,31.061210668476786
2025-12-01 19:00:00,30.39506140491218
2025-12-01 20:00:00,31.222759106690944
2025-12-01 21:00:00,29.936839966215057
2025-12-01 22:00:00,30.369391342448573
2025-12-01 23:00:00,30.31520360595878
2025-12-02 00:00:00,27.906382779172944
2025-12-02 01:00:00,28.211296084780617
2025-12-02 02:00:00,28.28978147552556
2025-12-02 03:00:00,27.922006627130354
2025-12-02 04:00:00,28.59067524202811
2025-12-02 05:00:00,28.355784406348135
2025-12-02 06:00:00,30.36734246022795
2025-12-02 07:00:00,29.629414489484013
2025-12-02 08:00:00,30.715737054621883
2025-12-02 09:00:00,31.531869032992827
2025-12-02 10:00:00,32.37908144841406
2025-12-02 11:00:00,31.606751386294736
2025-12-02 12:00:00,31.476435229640636
2025-12-02 13:00:00,31.25369196789118
2025-12-02 14:00:00,31.27654006511145
2025-12-02 15:00:00,31.13342709231309
2025-12-02 16:00:00,31.643053492592365
2025-12-02 17:00:00,32.15090679432799
2025-12-02 18:00:00,31.848335819351224
2025-12-02 19:00:00,31.191754040977226
2025-12-02 20:00:00,30.730947633125567
2025-12-02 21:00:00,30.66860279941233
2025-12-02 22:00:00,30.808420790980584
2025-12-02 23:00:00,29.46906400223941
2025-12-03 00:00:00,27.3542901576435
2025-12-03 01:00:00,27.590350318623894
2025-12-03 02:00:00,27.54816370227993
2025-12-03 03:00:00,27.074721779323763
2025-12-03 04:00:00,29.16525597136331
2025-12-03 05:00:00,27.702408825543525
2025-12-03 06:00:00,30.33082803841537
2025-12-03 07:00:00,29.838003216507694
2025-12-03 08:00:00,32.29721617788678
2025-12-03 09:00:00,32.38634855379024
2025-12-03 10:00:00,31.982981521056733
2025-12-03 11:00:00,31.53202124001347
2025-12-03 12:00:00,31.994240531272332
2025-12-03 13:00:00,31.945239083955478
2025-12-03 14:00:00,33.03548540400094
2025-12-03 15:00:00,31.771195445397947
2025-12-03 16:00:00,32.699125582501324
2025-12-03 17:00:00,32.31303704395263
2025-12-03 18:00:00,30.646025915761154
2025-12-03 19:00:00,30.88873532841925
2025-12-03 20:00:00,30.122962734519035
2025-12-03 21:00:00,29.064408586683285
2025-12-03 22:00:00,30.036959614436917
2025-12-03 23:00:00,31.241399355787813
2025-12-04 00:00:00,28.00224950420069
2025-12-04 01:00:00,27.70645435872031
2025-12-04 02:00:00,28.03492325894367
2025-12-04 03:00:00,28.60704318143411
2025-12-04 04:00:00,28.353830393827995
2025-12-04 05:00:00,27.46613491588035
2025-12-04 06:00:00,31.258161339361987
2025-12-04 07:00:00,30.60155352221004
2025-12-04 08:00:00,32.49803613109443
2025-12-04 09:00:00,30.738486259408432
2025-12-04 10:00:00,31.014936103606615
2025-12-04 11:00:00,31.314072823310248
2025-12-04 12:00:00,32.41504030909868
2025-12-04 13:00:00,32.60142512243003
2025-12-04 14:00:00,31.031010709635492
2025-12-04 15:00:00,31.292694908172496
2025-12-04 16:00:00,31.994710830173208
2025-12-04 17:00:00,32.40285574420929
2025-12-04 18:00:00,31.733983435937706
2025-12-04 19:00:00,31.124352602036794
2025-12-04 20:00:00,30.40338831682153
2025-12-04 21:00:00,28.651830546887357
2025-12-04 22:00:00,31.011852264681426
2025-12-04 23:00:00,30.36993268079044
2025-12-05 00:00:00,27.545730525890576
2025-12-05 01:00:00,27.697589034360377
2025-12-05 02:00:00,27.843886036393688
2025-12-05 03:00:00,28.56988054152647
2025-12-05 04:00:00,27.333547073859844
2025-12-05 05:00:00,27.33434873633883
2025-12-05 06:00:00,30.867309443660893
2025-12-05 07:00:00,30.866850921010688
2025-12-05 08:00:00,31.9336028297379
2025-12-05 09:00:00,31.387885284199147
2025-12-05 10:00:00,32.3541535935231
2025-12-05 11:00:00,31.735572093017065
2025-12-05 12:00:00,32.81241485740117
2025-12-05 13:00:00,31.66235874834844
2025-12-05 14:00:00,32.45871424005875
2025-12-05 15:00:00,31.420685015615863
2025-12-05 16:00:00,32.647364962480445
2025-12-05 17:00:00,31.871940631674633
2025-12-05 18:00:00,32.784453380782715
2025-12-05 19:00:00,31.123401130606926
2025-12-05 20:00:00,30.54272902585277
2025-12-05 21:00:00,30.820238521512948
2025-12-05 22:00:00,30.333635199223266
2025-12-05 23:00:00,30.14415074449762
2025-12-06 00:00:00,25.753954583452227
2025-12-06 01:00:00,25.56579951946436
2025-12-06 02:00:00,25.906474082767552
2025-12-06 03:00:00,25.480956723358744
2025-12-06 04:00:00,25.3870067614204
2025-12-06 05:00:00,24.240969958246307
2025-12-06 06:00:00,27.101997015553724
2025-12-06 07:00:00,27.188089134068743
2025-12-06 08:00:00,29.64167036411704
2025-12-06 09:00:00,28.95106916631497
2025-12-06 10:00:00,28.190138846647184
2025-12-06 11:00:00,28.97797582235051
2025-12-06 12:00:00,28.61283413193816
2025-12-06 13:00:00,27.869085008933798
2025-12-06 14:00:00,29.40141942892993
2025-12-06 15:00:00,27.66956516800761
2025-12-06 16:00:00,28.552590859906985
2025-12-06 17:00:00,29.329766936021432
2025-12-06 18:00:00,28.352321006217345
2025-12-06 19:00:00,27.71718386704787
2025-12-06 20:00:00,27.62065458804178
2025-12-06 21:00:00,27.34040366524044
2025-12-06 22:00:00,27.738233802834277
2025-12-06 23:00:00,27.13055114290942
2025-12-07 00:00:00,24.946303356516285
2025-12-07 01:00:00,24.92234912314849
2025-12-07 02:00:00,24.740491563322262
2025-12-07 03:00:00,25.582007032870138
2025-12-07 04:00:00,24.45404032444209
2025-12-07 05:00:00,24.605002443985523
2025-12-07 06:00:00,27.66877179890505
2025-12-07 07:00:00,27.007875584435798
2025-12-07 08:00:00,27.902694753895208
2025-12-07 09:00:00,28.883054073608875
2025-12-07 10:00:00,29.046261303379094
2025-12-07 11:00:00,29.49390133872607
2025-12-07 12:00:00,28.87652550505598
2025-12-07 13:00:00,29.054607429521795
2025-12-07 14:00:00,29.08970203388666
2025-12-07 15:00:00,29.56779959462248
2025-12-07 16:00:00,28.925619868615115
2025-12-07 17:00:00,28.4605869412936
2025-12-07 18:00:00,28.768548832142812
2025-12-07 19:00:00,26.731536239858436
2025-12-07 20:00:00,27.071154657563053
2025-12-07 21:00:00,28.26525161362042
2025-12-07 22:00:00,27.41061971676867
2025-12-07 23:00:00,27.89052973105441
2025-12-08 00:00:00,27.913602645914892
2025-12-08 01:00:00,28.26717475523894
2025-12-08 02:00:00,26.679565857094186
2025-12-08 03:00:00,28.574265446542203
2025-12-08 04:00:00,28.47886555084998
2025-12-08 05:00:00,28.389711880437144
2025-12-08 06:00:00,29.809418356657467
2025-12-08 07:00:00,30.775379114931237
2025-12-08 08:00:00,32.418495633884035
2025-12-08 09:00:00,32.89173645422387
2025-12-08 10:00:00,31.53611313970279
2025-12-08 11:00:00,31.9187250620228
2025-12-08 12:00:00,32.434547731471405
2025-12-08 13:00:00,31.227296069093708
2025-12-08 14:00:00,32.22372930365409
2025-12-08 15:00:00,31.866532924562385
2025-12-08 16:00:00,31.526101581075164
2025-12-08 17:00:00,32.118839294327046
2025-12-08 18:00:00,31.753527225419575
2025-12-08 19:00:00,31.220814471566843
2025-12-08 20:00:00,30.815603125963783
2025-12-08 21:00:00,30.673696452589134
2025-12-08 22:00:00,30.89872547848137
2025-12-08 23:00:00,31.37008633514465
2025-12-09 00:00:00,27.753193726451343
2025-12-09 01:00:00,28.092537780369334
2025-12-09 02:00:00,27.620333856245246
2025-12-09 03:00:00,28.268371788589008
2025-12-09 04:00:00,26.86292710845239
2025-12-09 05:00:00,27.80017888609537
2025-12-09 06:00:00,30.942541585098954
2025-12-09 07:00:00,30.423750789920764
2025-12-09 08:00:00,33.63369791436337
2025-12-09 09:00:00,32.154353830749024
2025-12-09 10:00:00,32.587331565825544
2025-12-09 11:00:00,32.56252406136838
2025-12-09 12:00:00,32.2696071728215
2025-12-09 13:00:00,31.443577438115256
2025-12-09 14:00:00,31.822029995754093
2025-12-09 15:00:00,31.881920223249026
2025-12-09 16:00:00,31.88150893650124
2025-12-09 17:00:00,31.75810339633784
2025-12-09 18:00:00,31.92081069695568
2025-12-09 19:00:00,31.209754078895326
2025-12-09 20:00:00,30.71889491853441
2025-12-09 21:00:00,29.74743250464535
2025-12-09 22:00:00,30.431252164020627
2025-12-09 23:00:00,30.960393261650392
2025-12-10 00:00:00,27.407930700036477
2025-12-10 01:00:00,27.074934838477215
2025-12-10 02:00:00,27.95249575831476
2025-12-10 03:00:00,28.710799878864343
2025-12-10 04:00:00,27.65911320060473
2025-12-10 05:00:00,27.107746809885175
2025-12-10 06:00:00,29.863843821117122
2025-12-10 07:00:00,30.114333052812313
2025-12-10 08:00:00,32.05261332470076
2025-12-10 09:00:00,31.97292199737897
2025-12-10 10:00:00,32.08038914058307
2025-12-10 11:00:00,32.067434031625325
2025-12-10 12:00:00,31.19925797531266
2025-12-10 13:00:00,32.05782868080571
2025-12-10 14:00:00,30.730699194836284
2025-12-10 15:00:00,31.56459469847378
2025-12-10 16:00:00,32.39236817098545
2025-12-10 17:00:00,32.47599937325422
2025-12-10 18:00:00,31.455761655555207
2025-12-10 19:00:00,30.297240075754935
2025-12-10 20:00:00,28.855048550791338
2025-12-10 21:00:00,30.544078024112434
2025-12-10 22:00:00,30.697732838409742
2025-12-10 23:00:00,30.857577563358557
2025-12-11 00:00:00,28.681800518676077
2025-12-11 01:00:00,28.662001008147193
2025-12-11 02:00:00,29.159358731219786
2025-12-11 03:00:00,27.99482850727825
2025-12-11 04:00:00,27.738085421263662
2025-12-11 05:00:00,28.60448347312162
2025-12-11 06:00:00,30.22961872547504
2025-12-11 07:00:00,29.700370029078652
2025-12-11 08:00:00,30.385676339610207
2025-12-11 09:00:00,31.986084991518545
2025-12-11 10:00:00,32.1963320002707
2025-12-11 11:00:00,32.395859506917375
2025-12-11 12:00:00,31.788526355397238
2025-12-11 13:00:00,32.13864418948381
2025-12-11 14:00:00,33.347865815088944
2025-12-11 15:00:00,31.856770984389343
2025-12-11 16:00:00,31.1645227010191
2025-12-11 17:00:00,32.82731255497315
2025-12-11 18:00:00,31.94676443277364
2025-12-11 19:00:00,30.240485514247787
2025-12-11 20:00:00,29.984696274821044
2025-12-11 21:00:00,31.153842465594057
2025-12-11 22:00:00,30.186232944161215
2025-12-11 23:00:00,30.103227263628696
2025-12-12 00:00:00,27.882195565292125
2025-12-12 01:00:00,28.050432261103484
2025-12-12 02:00:00,28.012123939214714
2025-12-12 03:00:00,27.82555959887747
2025-12-12 04:00:00,27.82975281784888
2025-12-12 05:00:00,28.439966432300658
2025-12-12 06:00:00,31.158603437024144
2025-12-12 07:00:00,29.664830881054105
2025-12-12 08:00:00,30.4065318554538
2025-12-12 09:00:00,31.282948287687027
2025-12-12 10:00:00,32.00146947470308
2025-12-12 11:00:00,32.311073172129134
2025-12-12 12:00:00,31.644889881471364
2025-12-12 13:00:00,32.133252960910326
2025-12-12 14:00:00,32.84824457698451
2025-12-12 15:00:00,31.246956700128486
2025-12-12 16:00:00,32.97701693552194
2025-12-12 17:00:00,32.08062022151945
2025-12-12 18:00:00,32.41769050233
2025-12-12 19:00:00,30.552711606755295
2025-12-12 20:00:00,30.279434475338437
2025-12-12 21:00:00,30.23341873347038
2025-12-12 22:00:00,32.03905588028547
2025-12-12 23:00:00,30.459398014893367
2025-12-13 00:00:00,25.001240665726403
2025-12-13 01:00:00,25.246562033226162
2025-12-13 02:00:00,24.94532482078404
2025-12-13 03:00:00,25.170174123295936
2025-12-13 04:00:00,25.91499301754913
2025-12-13 05:00:00,24.778278847052952
2025-12-13 06:00:00,28.00014511189858
2025-12-13 07:00:00,28.25293801722718
2025-12-13 08:00:00,28.753000306393584
2025-12-13 09:00:00,28.79737389029036
2025-12-13 10:00:00,28.266281693495408
2025-12-13 11:00:00,29.695202040168407
2025-12-13 12:00:00,29.404087157547323
2025-12-13 13:00:00,29.005500484381198
2025-12-13 14:00:00,28.072215988836295
2025-12-13 15:00:00,29.48796726240264
2025-12-13 16:00:00,28.498508348714104
2025-12-13 17:00:00,28.745162932059902
2025-12-13 18:00:00,29.10947267294971
2025-12-13 19:00:00,27.1128679558906
2025-12-13 20:00:00,27.724314706264856
2025-12-13 21:00:00,28.326189031337858
2025-12-13 22:00:00,28.50460286349768
2025-12-13 23:00:00,28.099865048765107
2025-12-14 00:00:00,24.623659910238224
2025-12-14 01:00:00,25.408255543137884
2025-12-14 02:00:00,25.30641619593552
2025-12-14 03:00:00,25.199925579065507
2025-12-14 04:00:00,25.112287452269197
2025-12-14 05:00:00,24.892308710028153
2025-12-14 06:00:00,26.93968056297947
2025-12-14 07:00:00,27.29292275079036
2025-12-14 08:00:00,30.08095510511207
2025-12-14 09:00:00,29.06834269448907
2025-12-14 10:00:00,28.43921585381106
2025-12-14 11:00:00,28.38135386337378
2025-12-14 12:00:00,29.43829505302669
2025-12-14 13:00:00,29.523571566218916
2025-12-14 14:00:00,28.93668623380028
2025-12-14 15:00:00,28.206580217468698
2025-12-14 16:00:00,28.76440814168809
2025-12-14 17:00:00,28.898353283325285
2025-12-14 18:00:00,28.74647866985435
2025-12-14 19:00:00,27.260363993723335
2025-12-14 20:00:00,28.37520249976175
2025-12-14 21:00:00,26.16039623558983
2025-12-14 22:00:00,28.13355118069654
2025-12-14 23:00:00,27.958033083529628
2025-12-15 00:00:00,27.80086316990845
2025-12-15 01:00:00,28.279261720924634
2025-12-15 02:00:00,28.37672912184059
2025-12-15 03:00:00,27.79118988997296
2025-12-15 04:00:00,27.745726477398097
2025-12-15 05:00:00,27.656034721408982
2025-12-15 06:00:00,29.44209737573254
2025-12-15 07:00:00,29.362057367215115
2025-12-15 08:00:00,33.21297841875061
2025-12-15 09:00:00,31.908088337360425
2025-12-15 10:00:00,31.49300877319035
2025-12-15 11:00:00,31.252476646029983
2025-12-15 12:00:00,32.24167240552421
2025-12-15 13:00:00,33.43558836298213
2025-12-15 14:00:00,32.95757526581901
2025-12-15 15:00:00,32.40253613513041
2025-12-15 16:00:00,30.766818370799932
2025-12-15 17:00:00,30.91043597095032
2025-12-15 18:00:00,31.404215810882445
2025-12-15 19:00:00,31.315863269963657
2025-12-15 20:00:00,29.344621012278573
2025-12-15 21:00:00,30.123008077346693
2025-12-15 22:00:00,30.48509249844181
2025-12-15 23:00:00,30.515830993552147
2025-12-16 00:00:00,28.025202030594322
2025-12-16 01:00:00,28.139013587525547
2025-12-16 02:00:00,27.597019336674396
2025-12-16 03:00:00,28.129289682475015
2025-12-16 04:00:00,27.72215802457471
2025-12-16 05:00:00,28.248355211078156
2025-12-16 06:00:00,30.51049908585104
2025-12-16 07:00:00,30.25318352717408
2025-12-16 08:00:00,31.77422127860539
2025-12-16 09:00:00,32.37319843242624
2025-12-16 10:00:00,32.143471002307386
2025-12-16 11:00:00,31.270431787112503
2025-12-16 12:00:00,31.113003121715273
2025-12-16 13:00:00,32.829825921181126
2025-12-16 14:00:00,31.274044820732023
2025-12-16 15:00:00,32.28876003997531
2025-12-16 16:00:00,32.26042249839123
2025-12-16 17:00:00,31.838452000464862
2025-12-16 18:00:00,32.01493780890551
2025-12-16 19:00:00,31.286485314116245
2025-12-16 20:00:00,31.192146455469775
2025-12-16 21:00:00,30.188407409632998
2025-12-16 22:00:00,30.894968524141415
2025-12-16 23:00:00,30.26635236436973
2025-12-17 00:00:00,28.98752650428452
2025-12-17 01:00:00,28.082071044752293
2025-12-17 02:00:00,27.996142470107728
2025-12-17 03:00:00,29.01515844864156
2025-12-17 04:00:00,28.489912785494628
2025-12-17 05:00:00,28.694593201514525
2025-12-17 06:00:00,30.69998004984269
2025-12-17 07:00:00,30.604272772800545
2025-12-17 08:00:00,31.638190412711587
2025-12-17 09:00:00,31.944585023098107
2025-12-17 10:00:00,31.12174238004614
2025-12-17 11:00:00,31.575333058423848
2025-12-17 12:00:00,30.70885125764553
2025-12-17 13:00:00,31.74799667516873
2025-12-17 14:00:00,33.46813717243529
2025-12-17 15:00:00,31.427302956803217
2025-12-17 16:00:00,33.01099744344344
2025-12-17 17:00:00,31.85753544924894
2025-12-17 18:00:00,32.040118558339884
2025-12-17 19:00:00,29.973083205176167
2025-12-17 20:00:00,30.542833624287223
2025-12-17 21:00:00,30.656364605510777
2025-12-17 22:00:00,29.89044298696336
2025-12-17 23:00:00,30.892719694040853
2025-12-18 00:00:00,28.394924860657483
2025-12-18 01:00:00,28.029920256459228
2025-12-18 02:00:00,27.25070015102705
2025-12-18 03:00:00,28.30272510122796
2025-12-18 04:00:00,27.972546588369507
2025-12-18 05:00:00,27.86899706949313
2025-12-18 06:00:00,29.721312177037873
2025-12-18 07:00:00,30.77230382503384
2025-12-18 08:00:00,32.74465309872684
2025-12-18 09:00:00,31.668998559651286
2025-12-18 10:00:00,31.96664597944915
2025-12-18 11:00:00,32.46439280971796
2025-12-18 12:00:00,31.183852937164282
2025-12-18 13:00:00,30.57162444602262
2025-12-18 14:00:00,31.662773299129586
2025-12-18 15:00:00,32.51921782925248
2025-12-18 16:00:00,31.24836512712167
2025-12-18 17:00:00,32.22821819277996
2025-12-18 18:00:00,31.59421285862217
2025-12-18 19:00:00,31.555514090848725
2025-12-18 20:00:00,30.14468024178987
2025-12-18 21:00:00,30.367247605808558
2025-12-18 22:00:00,29.55577939604057
2025-12-18 23:00:00,29.676346125001032
2025-12-19 00:00:00,28.310057591379973
2025-12-19 01:00:00,27.868667402443624
2025-12-19 02:00:00,28.5432751040591
2025-12-19 03:00:00,27.09484396099432
2025-12-19 04:00:00,27.8231947705551
2025-12-19 05:00:00,28.129784639679258
2025-12-19 06:00:00,29.247946655041535
2025-12-19 07:00:00,31.886991092649193
2025-12-19 08:00:00,32.82561952419295
2025-12-19 09:00:00,31.66302737962771
2025-12-19 10:00:00,31.6500474673871
2025-12-19 11:00:00,32.54182092791129
2025-12-19 12:00:00,31.581512595958976
2025-12-19 13:00:00,32.1294333215313
2025-12-19 14:00:00,32.993422666120715
2025-12-19 15:00:00,32.26269119175513
2025-12-19 16:00:00,32.72876705787067
2025-12-19 17:00:00,31.299320137848056
2025-12-19 18:00:00,31.7069991787021
2025-12-19 19:00:00,31.456136528296838
2025-12-19 20:00:00,31.255186323842796
2025-12-19 21:00:00,31.71676058065944
2025-12-19 22:00:00,31.889232266502432
2025-12-19 23:00:00,30.282791481689486
2025-12-20 00:00:00,25.53715194184137
2025-12-20 01:00:00,25.119569977986508
2025-12-20 02:00:00,25.144654751027
2025-12-20 03:00:00,25.40231114644499
2025-12-20 04:00:00,25.169022582897682
2025-12-20 05:00:00,24.604382829376753
2025-12-20 06:00:00,27.954566668350747
2025-12-20 07:00:00,27.322096100837975
2025-12-20 08:00:00,28.90466300281999
2025-12-20 09:00:00,28.954857793720322
2025-12-20 10:00:00,28.409662994619477
2025-12-20 11:00:00,28.45958782214172
2025-12-20 12:00:00,28.267993055477266
2025-12-20 13:00:00,28.092556747977337
2025-12-20 14:00:00,28.665850845584682
2025-12-20 15:00:00,27.83103259673144
2025-12-20 16:00:00,29.202457811365562
2025-12-20 17:00:00,29.16183119592936
2025-12-20 18:00:00,29.681638720165253
2025-12-20 19:00:00,26.763549593768204
2025-12-20 20:00:00,27.574794419170402
2025-12-20 21:00:00,27.981867614167395
2025-12-20 22:00:00,26.607254386849647
2025-12-20 23:00:00,27.949815635012506
2025-12-21 00:00:00,24.3280626202582
2025-12-21 01:00:00,26.254769193749183
2025-12-21 02:00:00,24.6091186080343
2025-12-21 03:00:00,24.860963041005608
2025-12-21 04:00:00,25.554883205988272
2025-12-21 05:00:00,25.406724062448397
2025-12-21 06:00:00,28.05534865166393
2025-12-21 07:00:00,27.97891470876004
2025-12-21 08:00:00,28.300800877759773
2025-12-21 09:00:00,29.10837057524549
2025-12-21 10:00:00,27.807959611329593
2025-12-21 11:00:00,29.32182294906476
2025-12-21 12:00:00,27.861453979546656
2025-12-21 13:00:00,29.162725962409368
2025-12-21 14:00:00,29.892744718829842
2025-12-21 15:00:00,29.03678397581719
2025-12-21 16:00:00,29.005150862044125
2025-12-21 17:00:00,29.269369691263982
2025-12-21 18:00:00,28.54022142913472
2025-12-21 19:00:00,27.428182478001183
2025-12-21 20:00:00,28.32656903602107
2025-12-21 21:00:00,27.165307876981377
2025-12-21 22:00:00,27.991426015035298
2025-12-21 23:00:00,26.67119071496841
2025-12-22 00:00:00,27.50177765732393
2025-12-22 01:00:00,28.206425474313296
2025-12-22 02:00:00,27.61683820174179
2025-12-22 03:00:00,28.092582840887463
2025-12-22 04:00:00,27.907983901413644
2025-12-22 05:00:00,27.267333577432936
2025-12-22 06:00:00,29.956427163339686
2025-12-22 07:00:00,29.714697394989233
2025-12-22 08:00:00,33.123355144334504
2025-12-22 09:00:00,31.991018159998898
2025-12-22 10:00:00,32.22818813370183
2025-12-22 11:00:00,31.507064243595234
2025-12-22 12:00:00,31.00126215251133
2025-12-22 13:00:00,31.442701621454198
2025-12-22 14:00:00,32.245015765663005
2025-12-22 15:00:00,33.09121116772914
2025-12-22 16:00:00,32.25082100554847
2025-12-22 17:00:00,32.84476692138271
2025-12-22 18:00:00,31.576269993067445
2025-12-22 19:00:00,31.1063780167946
2025-12-22 20:00:00,29.83760533599419
2025-12-22 21:00:00,30.18946474936222
2025-12-22 22:00:00,31.115198578637813
2025-12-22 23:00:00,31.047567540703707
2025-12-23 00:00:00,27.365487576122995
2025-12-23 01:00:00,27.7403851562195
2025-12-23 02:00:00,28.21698016843795
2025-12-23 03:00:00,28.244105197738044
2025-12-23 04:00:00,28.086677146193804
2025-12-23 05:00:00,28.549739218382594
2025-12-23 06:00:00,30.442105236876223
2025-12-23 07:00:00,29.704519232593253
2025-12-23 08:00:00,31.625327989533215
2025-12-23 09:00:00,32.497774656092965
2025-12-23 10:00:00,31.584265337115834
2025-12-23 11:00:00,31.73216370247715
2025-12-23 12:00:00,31.55893544554039
2025-12-23 13:00:00,31.165027341263183
2025-12-23 14:00:00,32.69986811364021
2025-12-23 15:00:00,32.5504397980111
2025-12-23 16:00:00,32.03018727544202
2025-12-23 17:00:00,31.486978354082176
2025-12-23 18:00:00,32.79196027710118
2025-12-23 19:00:00,30.497523539103547
2025-12-23 20:00:00,30.855746765056264
2025-12-23 21:00:00,30.897910192602577
2025-12-23 22:00:00,31.19473763577724
2025-12-23 23:00:00,30.640445568297498
2025-12-24 00:00:00,27.863761323813716
2025-12-24 01:00:00,28.597891008550647
2025-12-24 02:00:00,28.200088184812355
2025-12-24 03:00:00,27.556054240495563
2025-12-24 04:00:00,27.724794764133737
2025-12-24 05:00:00,28.36455423953026
2025-12-24 06:00:00,30.874295969664203
2025-12-24 07:00:00,30.020252479301192
2025-12-24 08:00:00,32.89759294438097
2025-12-24 09:00:00,31.535891837280165
2025-12-24 10:00:00,31.5684064125532
2025-12-24 11:00:00,32.124162089860064
2025-12-24 12:00:00,31.996422432894793
2025-12-24 13:00:00,30.35913773344674
2025-12-24 14:00:00,31.8196852122312
2025-12-24 15:00:00,32.04347292436527
2025-12-24 16:00:00,31.243018934684795
2025-12-24 17:00:00,32.82548653452434
2025-12-24 18:00:00,32.187579363941346
2025-12-24 19:00:00,29.15023077061844
2025-12-24 20:00:00,29.792391488219014
2025-12-24 21:00:00,29.96736921988726
2025-12-24 22:00:00,29.82745411819556
2025-12-24 23:00:00,30.13540653956261
2025-12-25 00:00:00,27.662471409525775
2025-12-25 01:00:00,27.72161956053192
2025-12-25 02:00:00,27.860547403558705
2025-12-25 03:00:00,28.43441738077748
2025-12-25 04:00:00,28.420202755112893
2025-12-25 05:00:00,27.832179244193615
2025-12-25 06:00:00,31.220126303941722
2025-12-25 07:00:00,30.9335065462391
2025-12-25 08:00:00,31.954513152147754
2025-12-25 09:00:00,32.127791153675524
2025-12-25 10:00:00,32.758226667777706
2025-12-25 11:00:00,33.42358307412932
2025-12-25 12:00:00,31.353460210934568
2025-12-25 13:00:00,31.38479565035883
2025-12-25 14:00:00,31.448938382069556
2025-12-25 15:00:00,32.87337652770884
2025-12-25 16:00:00,32.38302340701777
2025-12-25 17:00:00,32.89747448054217
2025-12-25 18:00:00,31.839129063035738
2025-12-25 19:00:00,29.925375005921932
2025-12-25 20:00:00,30.268136264577045
2025-12-25 21:00:00,30.84090640173199
2025-12-25 22:00:00,31.419467653873284
2025-12-25 23:00:00,29.64280556326922
2025-12-26 00:00:00,28.412960707733635
2025-12-26 01:00:00,28.534491038528127
2025-12-26 02:00:00,27.489092789496553
2025-12-26 03:00:00,28.682619522771727
2025-12-26 04:00:00,28.298913248066928
2025-12-26 05:00:00,28.800478098862904
2025-12-26 06:00:00,30.510511031774165
2025-12-26 07:00:00,30.28801831255833
2025-12-26 08:00:00,31.707591406599537
2025-12-26 09:00:00,30.77930879916763
2025-12-26 10:00:00,32.41162738537512
2025-12-26 11:00:00,32.92865447111958
2025-12-26 12:00:00,31.8599993677569
2025-12-26 13:00:00,32.8746170433532
2025-12-26 14:00:00,32.14645693261019
2025-12-26 15:00:00,31.59966900555009
2025-12-26 16:00:00,32.75248847745953
2025-12-26 17:00:00,31.809195071298355
2025-12-26 18:00:00,31.975799498086676
2025-12-26 19:00:00,30.137961821923017
2025-12-26 20:00:00,30.63422672872241
2025-12-26 21:00:00,30.43321433141357
2025-12-26 22:00:00,31.17134491462596
2025-12-26 23:00:00,30.26502577159839
2025-12-27 00:00:00,25.458021114943524
2025-12-27 01:00:00,24.866079811953604
2025-12-27 02:00:00,26.0052948026802
2025-12-27 03:00:00,25.25024010858494
2025-12-27 04:00:00,24.992212419833074
2025-12-27 05:00:00,25.257376792652373
2025-12-27 06:00:00,27.917687282268215
2025-12-27 07:00:00,28.203795760562866
2025-12-27 08:00:00,28.7150208455907
2025-12-27 09:00:00,27.723627617615765
2025-12-27 10:00:00,29.182977774813985
2025-12-27 11:00:00,28.289021190431725
2025-12-27 12:00:00,28.356129741773575
2025-12-27 13:00:00,29.437736440832342
2025-12-27 14:00:00,28.937711979337173
2025-12-27 15:00:00,28.190795755029846
2025-12-27 16:00:00,28.074559903015896
2025-12-27 17:00:00,29.07754925945798
2025-12-27 18:00:00,29.562962792890108
2025-12-27 19:00:00,27.451452956810154
2025-12-27 20:00:00,27.219443129097826
2025-12-27 21:00:00,27.522687491732583
2025-12-27 22:00:00,28.138288053443766
2025-12-27 23:00:00,27.60188265295614
2025-12-28 00:00:00,25.031577765319323
2025-12-28 01:00:00,24.314412516496077
2025-12-28 02:00:00,25.498574036507833
2025-12-28 03:00:00,25.247219300257296
2025-12-28 04:00:00,25.21112131831007
2025-12-28 05:00:00,24.497089774506247
2025-12-28 06:00:00,26.111910013481737
2025-12-28 07:00:00,27.086754894953103
2025-12-28 08:00:00,29.741634580036116
2025-12-28 09:00:00,29.233461025527987
2025-12-28 10:00:00,29.24354719680056
2025-12-28 11:00:00,27.56574056973482
2025-12-28 12:00:00,28.205998302760452
2025-12-28 13:00:00,28.264673364379718
2025-12-28 14:00:00,28.453727556130374
2025-12-28 15:00:00,28.19777641427886
2025-12-28 16:00:00,27.911281031554754
2025-12-28 17:00:00,28.158086322155558
2025-12-28 18:00:00,29.060148100846522
2025-12-28 19:00:00,27.677415572065982
2025-12-28 20:00:00,26.705171705717994
2025-12-28 21:00:00,27.30761868796681
2025-12-28 22:00:00,26.641142250208766
2025-12-28 23:00:00,26.601354259453522
2025-12-29 00:00:00,27.903476077434018
2025-12-29 01:00:00,28.95004382228394
2025-12-29 02:00:00,27.550578406207894
2025-12-29 03:00:00,27.82261913110531
2025-12-29 04:00:00,27.68134866184158
2025-12-29 05:00:00,29.089932609823773
2025-12-29 06:00:00,30.482362631472895
2025-12-29 07:00:00,30.42107483662768
2025-12-29 08:00:00,31.39044833446639
2025-12-29 09:00:00,32.41710873454754
2025-12-29 10:00:00,30.947066285394236
2025-12-29 11:00:00,30.875367781829212
2025-12-29 12:00:00,32.48214670463508
2025-12-29 13:00:00,31.265211115088658
2025-12-29 14:00:00,31.464758111869653
2025-12-29 15:00:00,32.75399011587266
2025-12-29 16:00:00,32.714159263315906
2025-12-29 17:00:00,32.93956743824154
2025-12-29 18:00:00,32.250561440360485
2025-12-29 19:00:00,30.281435834961385
2025-12-29 20:00:00,31.18753118985753
2025-12-29 21:00:00,30.437950864271553
2025-12-29 22:00:00,31.77958992407211
2025-12-29 23:00:00,30.567370262994583
2025-12-30 00:00:00,27.805333612961576
2025-12-30 01:00:00,27.876479008408772
2025-12-30 02:00:00,28.34756332303972
2025-12-30 03:00:00,27.9206998769826
2025-12-30 04:00:00,28.16848673965287
2025-12-30 05:00:00,28.761368542440717
2025-12-30 06:00:00,30.593156689828316
2025-12-30 07:00:00,30.85221578500745
2025-12-30 08:00:00,32.10961359519684
2025-12-30 09:00:00,32.30188024414735
2025-12-30 10:00:00,32.747625361782745
2025-12-30 11:00:00,31.37978494990225
2025-12-30 12:00:00,32.546057099266925
2025-12-30 13:00:00,31.825005521980756
2025-12-30 14:00:00,30.806360669028
2025-12-30 15:00:00,30.64843723872172
2025-12-30 16:00:00,31.976341858378685
2025-12-30 17:00:00,32.072138334553756
2025-12-30 18:00:00,31.57042178543074
2025-12-30 19:00:00,30.945419689853367
2025-12-30 20:00:00,29.809815850786922
2025-12-30 21:00:00,31.378070663409023
2025-12-30 22:00:00,30.529746447697942
2025-12-30 23:00:00,30.19064886572745
2025-12-31 00:00:00,28.416173834054266
2025-12-31 01:00:00,28.463499641782725
2025-12-31 02:00:00,27.951571960111547
2025-12-31 03:00:00,28.453368317217787
2025-12-31 04:00:00,27.56205256647687
2025-12-31 05:00:00,28.23393478929422
2025-12-31 06:00:00,31.972318629233545
2025-12-31 07:00:00,30.19694914602712
2025-12-31 08:00:00,32.8600366236758
2025-12-31 09:00:00,31.466234999074278
2025-12-31 10:00:00,31.940448051899892
2025-12-31 11:00:00,31.241794552236687
2025-12-31 12:00:00,32.01624829297935
2025-12-31 13:00:00,30.62089813703974
2025-12-31 14:00:00,32.26758548502406
2025-12-31 15:00:00,31.263873495504196
2025-12-31 16:00:00,30.759376856383543
2025-12-31 17:00:00,31.552026669440572
2025-12-31 18:00:00,31.659465738546988
2025-12-31 19:00:00,29.728449591460407
2025-12-31 20:00:00,30.824175635456875
2025-12-31 21:00:00,30.49211314452984
2025-12-31 22:00:00,30.414334231862206
2025-12-31 23:00:00,30.761020853418003
