time,wind_speed_100m,temperature_2m
2025-01-01T00:00,16.083333333333332,7.8
2025-01-01T01:00,14.166666666666666,7.7
2025-01-01T02:00,13.555555555555554,7.7
2025-01-01T03:00,14.444444444444445,7.9
2025-01-01T04:00,14.083333333333334,7.8
2025-01-01T05:00,14.527777777777777,7.7
2025-01-01T06:00,13.88888888888889,7.6
2025-01-01T07:00,13.5,7.5
2025-01-01T08:00,13.083333333333334,7.4
2025-01-01T09:00,12.444444444444443,7.3
2025-01-01T10:00,12.0,7.2
2025-01-01T11:00,11.444444444444445,7.2
2025-01-01T12:00,10.86111111111111,7.1
2025-01-01T13:00,10.027777777777779,6.6
2025-01-01T14:00,10.416666666666666,6.3
2025-01-01T15:00,10.555555555555555,5.9
2025-01-01T16:00,12.13888888888889,5.8
2025-01-01T17:00,11.472222222222221,5.7
2025-01-01T18:00,11.11111111111111,5.6
2025-01-01T19:00,7.138888888888888,3.2
2025-01-01T20:00,6.222222222222221,2.5
2025-01-01T21:00,6.638888888888888,1.8
2025-01-01T22:00,6.0,1.5
2025-01-01T23:00,5.916666666666667,1.2
2025-01-02T00:00,6.027777777777778,1.1
2025-01-02T01:00,5.833333333333333,0.9
2025-01-02T02:00,5.416666666666667,0.7
2025-01-02T03:00,8.11111111111111,-0.1
2025-01-02T04:00,6.916666666666666,0.1
2025-01-02T05:00,7.305555555555555,0.1
2025-01-02T06:00,6.944444444444445,-0.2
2025-01-02T07:00,6.277777777777778,-0.6
2025-01-02T08:00,6.888888888888889,-0.4
2025-01-02T09:00,6.833333333333334,-0.3
2025-01-02T10:00,7.333333333333333,-0.3
2025-01-02T11:00,7.944444444444445,0.1
2025-01-02T12:00,8.25,0.7
2025-01-02T13:00,8.38888888888889,1.7
2025-01-02T14:00,8.944444444444445,2.4
2025-01-02T15:00,9.388888888888888,2.5
2025-01-02T16:00,8.916666666666666,2.2
2025-01-02T17:00,9.277777777777777,1.7
2025-01-02T18:00,9.722222222222221,1.7
2025-01-02T19:00,10.083333333333332,1.5
2025-01-02T20:00,10.055555555555555,1.1
2025-01-02T21:00,9.333333333333334,1.0
2025-01-02T22:00,9.138888888888888,0.9
2025-01-02T23:00,8.777777777777779,0.8
2025-01-03T00:00,7.972222222222221,0.6
2025-01-03T01:00,7.777777777777778,0.0
2025-01-03T02:00,8.722222222222221,-0.3
2025-01-03T03:00,9.361111111111112,-0.5
2025-01-03T04:00,11.333333333333332,-0.1
2025-01-03T05:00,12.86111111111111,0.1
2025-01-03T06:00,14.722222222222221,0.9
2025-01-03T07:00,11.916666666666666,1.4
2025-01-03T08:00,12.11111111111111,0.3
2025-01-03T09:00,13.333333333333332,-1.1
2025-01-03T10:00,10.722222222222223,-1.1
2025-01-03T11:00,10.833333333333334,-0.8
2025-01-03T12:00,10.083333333333332,-0.7
2025-01-03T13:00,10.805555555555555,-0.2
2025-01-03T14:00,12.222222222222221,0.2
2025-01-03T15:00,13.166666666666666,0.3
2025-01-03T16:00,13.138888888888888,0.6
2025-01-03T17:00,11.61111111111111,0.5
2025-01-03T18:00,9.63888888888889,0.3
2025-01-03T19:00,7.888888888888888,-0.6
2025-01-03T20:00,5.583333333333334,-2.2
2025-01-03T21:00,5.75,-2.2
2025-01-03T22:00,3.8333333333333335,-3.7
2025-01-03T23:00,2.305555555555556,-3.6
2025-01-04T00:00,0.5277777777777778,-3.3
2025-01-04T01:00,2.972222222222222,-3.7
2025-01-04T02:00,6.194444444444445,-2.5
2025-01-04T03:00,6.361111111111111,-3.6
2025-01-04T04:00,7.277777777777778,-3.8
2025-01-04T05:00,7.388888888888889,-3.8
2025-01-04T06:00,7.305555555555555,-3.5
2025-01-04T07:00,7.277777777777778,-2.8
2025-01-04T08:00,7.638888888888888,-2.2
2025-01-04T09:00,7.666666666666667,-1.6
2025-01-04T10:00,7.611111111111111,-1.0
2025-01-04T11:00,7.388888888888889,-0.8
2025-01-04T12:00,8.0,-0.4
2025-01-04T13:00,7.25,0.2
2025-01-04T14:00,8.027777777777777,0.1
2025-01-04T15:00,7.138888888888888,0.1
2025-01-04T16:00,7.111111111111112,0.1
2025-01-04T17:00,7.583333333333333,-0.2
2025-01-04T18:00,7.166666666666667,-0.6
2025-01-04T19:00,7.305555555555555,-0.9
2025-01-04T20:00,7.583333333333333,-0.8
2025-01-04T21:00,7.722222222222222,-0.6
2025-01-04T22:00,8.027777777777777,-0.7
2025-01-04T23:00,7.527777777777778,-0.8
2025-01-05T00:00,7.027777777777778,-0.7
2025-01-05T01:00,6.277777777777778,-0.3
2025-01-05T02:00,6.138888888888889,-0.1
2025-01-05T03:00,5.583333333333334,0.2
2025-01-05T04:00,5.777777777777778,0.3
2025-01-05T05:00,6.222222222222221,0.2
2025-01-05T06:00,7.0,-0.3
2025-01-05T07:00,8.333333333333334,-0.9
2025-01-05T08:00,8.305555555555555,-0.9
2025-01-05T09:00,7.972222222222221,-0.9
2025-01-05T10:00,7.555555555555555,-1.0
2025-01-05T11:00,6.861111111111111,-1.2
2025-01-05T12:00,7.138888888888888,-0.9
2025-01-05T13:00,6.972222222222222,-0.7
2025-01-05T14:00,6.888888888888889,-0.3
2025-01-05T15:00,6.472222222222222,0.2
2025-01-05T16:00,5.694444444444445,0.6
2025-01-05T17:00,6.0,0.6
2025-01-05T18:00,6.861111111111111,0.9
2025-01-05T19:00,8.25,0.9
2025-01-05T20:00,8.583333333333332,0.9
2025-01-05T21:00,9.055555555555555,1.0
2025-01-05T22:00,10.055555555555555,0.9
2025-01-05T23:00,10.944444444444445,0.9
2025-01-06T00:00,11.861111111111112,0.8
2025-01-06T01:00,12.722222222222221,0.8
2025-01-06T02:00,13.805555555555555,0.9
2025-01-06T03:00,14.055555555555555,0.8
2025-01-06T04:00,14.63888888888889,0.6
2025-01-06T05:00,17.083333333333332,0.6
2025-01-06T06:00,16.055555555555554,0.9
2025-01-06T07:00,16.63888888888889,0.9
2025-01-06T08:00,17.166666666666664,1.0
2025-01-06T09:00,16.38888888888889,0.9
2025-01-06T10:00,15.638888888888888,1.5
2025-01-06T11:00,14.0,1.9
2025-01-06T12:00,11.861111111111112,2.1
2025-01-06T13:00,9.055555555555555,2.4
2025-01-06T14:00,7.472222222222221,2.6
2025-01-06T15:00,10.527777777777777,4.2
2025-01-06T16:00,11.333333333333332,4.8
2025-01-06T17:00,11.805555555555555,5.1
2025-01-06T18:00,11.833333333333334,5.2
2025-01-06T19:00,12.083333333333332,5.5
2025-01-06T20:00,12.5,5.6
2025-01-06T21:00,12.583333333333332,5.7
2025-01-06T22:00,14.083333333333334,6.1
2025-01-06T23:00,16.36111111111111,5.8
2025-01-07T00:00,15.222222222222221,5.0
2025-01-07T01:00,14.138888888888888,4.7
2025-01-07T02:00,14.416666666666666,4.3
2025-01-07T03:00,16.194444444444443,3.9
2025-01-07T04:00,16.27777777777778,3.9
2025-01-07T05:00,17.27777777777778,3.8
2025-01-07T06:00,17.916666666666668,3.7
2025-01-07T07:00,19.13888888888889,3.5
2025-01-07T08:00,19.888888888888886,3.4
2025-01-07T09:00,20.22222222222222,3.2
2025-01-07T10:00,20.805555555555557,3.2
2025-01-07T11:00,21.02777777777778,3.3
2025-01-07T12:00,20.833333333333332,3.8
2025-01-07T13:00,20.027777777777775,4.3
2025-01-07T14:00,18.583333333333336,4.6
2025-01-07T15:00,16.944444444444443,4.7
2025-01-07T16:00,16.86111111111111,4.8
2025-01-07T17:00,16.22222222222222,4.4
2025-01-07T18:00,15.25,4.0
2025-01-07T19:00,16.194444444444443,3.7
2025-01-07T20:00,16.36111111111111,3.8
2025-01-07T21:00,14.944444444444443,2.9
2025-01-07T22:00,15.777777777777777,2.7
2025-01-07T23:00,16.5,2.0
2025-01-08T00:00,14.88888888888889,2.2
2025-01-08T01:00,14.86111111111111,2.5
2025-01-08T02:00,14.694444444444443,2.8
2025-01-08T03:00,13.694444444444443,2.8
2025-01-08T04:00,12.722222222222221,2.3
2025-01-08T05:00,13.25,2.5
2025-01-08T06:00,11.777777777777777,2.3
2025-01-08T07:00,10.25,1.9
2025-01-08T08:00,9.75,2.2
2025-01-08T09:00,8.583333333333332,2.2
2025-01-08T10:00,7.25,1.5
2025-01-08T11:00,6.611111111111111,1.5
2025-01-08T12:00,6.722222222222221,2.2
2025-01-08T13:00,7.861111111111111,2.8
2025-01-08T14:00,7.055555555555555,2.7
2025-01-08T15:00,7.694444444444444,3.5
2025-01-08T16:00,7.666666666666667,3.2
2025-01-08T17:00,7.722222222222222,2.2
2025-01-08T18:00,9.055555555555555,1.9
2025-01-08T19:00,9.63888888888889,2.2
2025-01-08T20:00,9.222222222222223,2.3
2025-01-08T21:00,8.527777777777777,2.2
2025-01-08T22:00,8.527777777777777,2.0
2025-01-08T23:00,8.805555555555555,1.8
2025-01-09T00:00,8.75,1.8
2025-01-09T01:00,8.555555555555555,1.8
2025-01-09T02:00,7.944444444444445,1.4
2025-01-09T03:00,7.749999999999999,1.4
2025-01-09T04:00,8.055555555555555,1.0
2025-01-09T05:00,8.083333333333334,0.9
2025-01-09T06:00,7.444444444444445,0.8
2025-01-09T07:00,6.527777777777778,0.6
2025-01-09T08:00,5.916666666666667,0.2
2025-01-09T09:00,5.388888888888888,0.0
2025-01-09T10:00,4.666666666666667,0.0
2025-01-09T11:00,4.611111111111112,0.2
2025-01-09T12:00,4.333333333333333,0.9
2025-01-09T13:00,3.555555555555556,1.3
2025-01-09T14:00,3.555555555555556,1.5
2025-01-09T15:00,3.0555555555555554,0.3
2025-01-09T16:00,2.694444444444444,-0.5
2025-01-09T17:00,2.0,-1.2
2025-01-09T18:00,1.777777777777778,-1.6
2025-01-09T19:00,1.6944444444444442,-2.2
2025-01-09T20:00,1.9166666666666667,-2.3
2025-01-09T21:00,2.1944444444444446,-2.2
2025-01-09T22:00,3.0277777777777777,-3.0
2025-01-09T23:00,3.9166666666666665,-3.1
2025-01-10T00:00,3.416666666666667,-3.1
2025-01-10T01:00,3.1666666666666665,-3.1
2025-01-10T02:00,3.6666666666666665,-3.2
2025-01-10T03:00,3.4722222222222223,-2.7
2025-01-10T04:00,3.5,-2.3
2025-01-10T05:00,2.9166666666666665,-2.0
2025-01-10T06:00,3.138888888888889,-2.1
2025-01-10T07:00,4.861111111111111,-1.6
2025-01-10T08:00,6.25,-1.8
2025-01-10T09:00,6.555555555555555,-1.4
2025-01-10T10:00,7.055555555555555,-1.1
2025-01-10T11:00,6.444444444444444,-0.9
2025-01-10T12:00,7.194444444444444,-0.1
2025-01-10T13:00,7.638888888888888,0.4
2025-01-10T14:00,7.527777777777778,0.6
2025-01-10T15:00,7.388888888888889,1.1
2025-01-10T16:00,7.861111111111111,0.9
2025-01-10T17:00,8.13888888888889,0.2
2025-01-10T18:00,8.305555555555555,0.1
2025-01-10T19:00,8.36111111111111,0.1
2025-01-10T20:00,8.0,0.2
2025-01-10T21:00,7.805555555555555,-0.1
2025-01-10T22:00,7.444444444444445,-0.3
2025-01-10T23:00,7.555555555555555,-0.2
2025-01-11T00:00,8.694444444444445,0.1
2025-01-11T01:00,8.75,-0.2
2025-01-11T02:00,8.13888888888889,-0.4
2025-01-11T03:00,8.333333333333334,0.4
2025-01-11T04:00,8.555555555555555,0.5
2025-01-11T05:00,8.722222222222221,0.6
2025-01-11T06:00,8.944444444444445,0.2
2025-01-11T07:00,9.166666666666666,0.1
2025-01-11T08:00,9.305555555555555,0.1
2025-01-11T09:00,8.694444444444445,0.1
2025-01-11T10:00,8.666666666666666,-0.1
2025-01-11T11:00,8.777777777777779,0.9
2025-01-11T12:00,8.61111111111111,1.6
2025-01-11T13:00,8.527777777777777,2.0
2025-01-11T14:00,8.083333333333334,2.2
2025-01-11T15:00,8.75,1.9
2025-01-11T16:00,8.166666666666666,1.5
2025-01-11T17:00,8.63888888888889,0.9
2025-01-11T18:00,9.11111111111111,0.8
2025-01-11T19:00,8.694444444444445,1.0
2025-01-11T20:00,8.305555555555555,1.0
2025-01-11T21:00,7.694444444444444,0.9
2025-01-11T22:00,7.416666666666666,0.4
2025-01-11T23:00,7.527777777777778,0.1
2025-01-12T00:00,7.111111111111112,-0.5
2025-01-12T01:00,6.888888888888889,-0.9
2025-01-12T02:00,6.777777777777777,-0.9
2025-01-12T03:00,6.444444444444444,-1.1
2025-01-12T04:00,6.166666666666666,-1.2
2025-01-12T05:00,6.0,-1.2
2025-01-12T06:00,5.805555555555555,-1.4
2025-01-12T07:00,5.75,-1.4
2025-01-12T08:00,5.472222222222222,-2.1
2025-01-12T09:00,4.916666666666666,-2.8
2025-01-12T10:00,4.444444444444445,-3.0
2025-01-12T11:00,4.25,-1.6
2025-01-12T12:00,3.6666666666666665,-0.4
2025-01-12T13:00,3.6666666666666665,0.5
2025-01-12T14:00,4.083333333333333,0.9
2025-01-12T15:00,2.944444444444444,1.2
2025-01-12T16:00,2.4722222222222223,0.1
2025-01-12T17:00,2.2222222222222223,-1.1
2025-01-12T18:00,3.222222222222222,-1.5
2025-01-12T19:00,3.416666666666667,-1.5
2025-01-12T20:00,3.1111111111111107,-2.8
2025-01-12T21:00,3.0277777777777777,-3.2
2025-01-12T22:00,3.416666666666667,-3.2
2025-01-12T23:00,3.0555555555555554,-3.8
2025-01-13T00:00,4.472222222222222,-3.1
2025-01-13T01:00,5.888888888888888,-2.6
2025-01-13T02:00,7.333333333333333,-2.3
2025-01-13T03:00,7.583333333333333,-2.8
2025-01-13T04:00,8.166666666666666,-3.0
2025-01-13T05:00,8.472222222222221,-2.8
2025-01-13T06:00,8.805555555555555,-2.7
2025-01-13T07:00,9.166666666666666,-2.2
2025-01-13T08:00,9.63888888888889,-0.9
2025-01-13T09:00,10.277777777777777,0.5
2025-01-13T10:00,10.472222222222223,1.1
2025-01-13T11:00,10.36111111111111,2.0
2025-01-13T12:00,10.638888888888888,3.3
2025-01-13T13:00,11.166666666666668,4.8
2025-01-13T14:00,11.888888888888888,5.3
2025-01-13T15:00,12.583333333333332,4.5
2025-01-13T16:00,12.805555555555555,4.7
2025-01-13T17:00,13.194444444444445,5.1
2025-01-13T18:00,13.444444444444443,5.2
2025-01-13T19:00,13.916666666666666,5.3
2025-01-13T20:00,13.88888888888889,5.4
2025-01-13T21:00,13.86111111111111,5.5
2025-01-13T22:00,13.527777777777779,5.3
2025-01-13T23:00,13.083333333333334,5.2
2025-01-14T00:00,12.555555555555555,5.1
2025-01-14T01:00,12.555555555555555,5.2
2025-01-14T02:00,12.416666666666668,5.3
2025-01-14T03:00,11.888888888888888,4.9
2025-01-14T04:00,11.888888888888888,4.9
2025-01-14T05:00,11.805555555555555,4.9
2025-01-14T06:00,11.638888888888888,5.1
2025-01-14T07:00,11.25,5.2
2025-01-14T08:00,11.25,5.4
2025-01-14T09:00,11.166666666666668,5.6
2025-01-14T10:00,10.86111111111111,5.8
2025-01-14T11:00,10.972222222222221,6.2
2025-01-14T12:00,11.166666666666668,6.7
2025-01-14T13:00,10.88888888888889,7.2
2025-01-14T14:00,11.222222222222221,7.8
2025-01-14T15:00,10.222222222222221,8.1
2025-01-14T16:00,10.583333333333334,8.0
2025-01-14T17:00,11.61111111111111,7.6
2025-01-14T18:00,12.166666666666666,7.2
2025-01-14T19:00,12.833333333333334,6.8
2025-01-14T20:00,12.38888888888889,6.1
2025-01-14T21:00,12.166666666666666,5.8
2025-01-14T22:00,11.222222222222221,5.7
2025-01-14T23:00,10.472222222222223,5.4
2025-01-15T00:00,9.027777777777777,5.2
2025-01-15T01:00,7.777777777777778,4.6
2025-01-15T02:00,6.527777777777778,4.1
2025-01-15T03:00,6.666666666666666,3.5
2025-01-15T04:00,6.472222222222222,3.2
2025-01-15T05:00,5.861111111111112,2.8
2025-01-15T06:00,4.944444444444445,2.8
2025-01-15T07:00,5.249999999999999,3.1
2025-01-15T08:00,4.0,2.8
2025-01-15T09:00,4.222222222222222,2.0
2025-01-15T10:00,5.5,2.0
2025-01-15T11:00,5.916666666666667,2.5
2025-01-15T12:00,6.055555555555555,3.5
2025-01-15T13:00,5.777777777777778,4.9
2025-01-15T14:00,6.111111111111111,6.1
2025-01-15T15:00,7.277777777777778,6.2
2025-01-15T16:00,7.5,6.3
2025-01-15T17:00,8.0,6.2
2025-01-15T18:00,8.444444444444445,6.2
2025-01-15T19:00,8.944444444444445,5.9
2025-01-15T20:00,9.277777777777777,5.8
2025-01-15T21:00,8.86111111111111,5.8
2025-01-15T22:00,9.222222222222223,6.1
2025-01-15T23:00,9.88888888888889,6.3
2025-01-16T00:00,9.944444444444443,6.7
2025-01-16T01:00,9.75,6.9
2025-01-16T02:00,9.388888888888888,7.1
2025-01-16T03:00,9.833333333333332,6.8
2025-01-16T04:00,10.472222222222223,6.3
2025-01-16T05:00,10.416666666666666,6.1
2025-01-16T06:00,9.88888888888889,6.1
2025-01-16T07:00,9.583333333333334,5.9
2025-01-16T08:00,9.88888888888889,5.5
2025-01-16T09:00,10.083333333333332,5.2
2025-01-16T10:00,10.222222222222221,5.1
2025-01-16T11:00,10.444444444444445,5.1
2025-01-16T12:00,10.638888888888888,5.6
2025-01-16T13:00,10.86111111111111,6.2
2025-01-16T14:00,11.027777777777779,6.7
2025-01-16T15:00,9.694444444444445,5.6
2025-01-16T16:00,9.833333333333332,5.7
2025-01-16T17:00,10.13888888888889,5.2
2025-01-16T18:00,10.194444444444445,5.0
2025-01-16T19:00,10.11111111111111,4.9
2025-01-16T20:00,9.916666666666668,4.6
2025-01-16T21:00,10.11111111111111,4.4
2025-01-16T22:00,10.277777777777777,4.3
2025-01-16T23:00,10.416666666666666,4.2
2025-01-17T00:00,10.638888888888888,4.3
2025-01-17T01:00,10.833333333333334,4.4
2025-01-17T02:00,10.805555555555555,4.4
2025-01-17T03:00,10.611111111111112,3.9
2025-01-17T04:00,11.11111111111111,4.0
2025-01-17T05:00,10.638888888888888,4.6
2025-01-17T06:00,10.444444444444445,5.1
2025-01-17T07:00,10.444444444444445,5.3
2025-01-17T08:00,10.527777777777777,5.2
2025-01-17T09:00,10.86111111111111,5.3
2025-01-17T10:00,11.027777777777779,5.5
2025-01-17T11:00,11.277777777777779,5.7
2025-01-17T12:00,11.583333333333334,5.9
2025-01-17T13:00,11.5,6.1
2025-01-17T14:00,11.027777777777779,6.2
2025-01-17T15:00,10.36111111111111,6.3
2025-01-17T16:00,10.75,6.2
2025-01-17T17:00,11.444444444444445,6.0
2025-01-17T18:00,10.944444444444445,6.1
2025-01-17T19:00,10.083333333333332,6.0
2025-01-17T20:00,9.666666666666666,6.1
2025-01-17T21:00,9.916666666666668,6.0
2025-01-17T22:00,10.194444444444445,6.2
2025-01-17T23:00,10.333333333333334,6.1
2025-01-18T00:00,10.527777777777777,6.2
2025-01-18T01:00,9.666666666666666,6.3
2025-01-18T02:00,9.555555555555555,6.1
2025-01-18T03:00,9.0,6.1
2025-01-18T04:00,8.88888888888889,6.0
2025-01-18T05:00,8.555555555555555,5.9
2025-01-18T06:00,8.083333333333334,5.8
2025-01-18T07:00,7.472222222222221,5.8
2025-01-18T08:00,7.805555555555555,5.8
2025-01-18T09:00,7.916666666666666,5.7
2025-01-18T10:00,7.888888888888888,5.7
2025-01-18T11:00,7.527777777777778,5.8
2025-01-18T12:00,6.777777777777777,6.2
2025-01-18T13:00,6.027777777777778,6.4
2025-01-18T14:00,6.611111111111111,6.5
2025-01-18T15:00,5.777777777777778,5.7
2025-01-18T16:00,5.805555555555555,5.5
2025-01-18T17:00,5.916666666666667,5.2
2025-01-18T18:00,5.861111111111112,4.9
2025-01-18T19:00,5.555555555555555,4.7
2025-01-18T20:00,5.75,4.6
2025-01-18T21:00,5.805555555555555,4.2
2025-01-18T22:00,6.166666666666666,3.9
2025-01-18T23:00,6.388888888888888,3.5
2025-01-19T00:00,6.472222222222222,3.5
2025-01-19T01:00,6.25,3.5
2025-01-19T02:00,6.027777777777778,3.5
2025-01-19T03:00,5.555555555555555,3.2
2025-01-19T04:00,5.305555555555556,3.0
2025-01-19T05:00,5.138888888888888,2.7
2025-01-19T06:00,4.833333333333333,2.3
2025-01-19T07:00,4.75,2.3
2025-01-19T08:00,4.416666666666667,2.4
2025-01-19T09:00,4.777777777777778,2.2
2025-01-19T10:00,4.861111111111111,1.8
2025-01-19T11:00,4.25,1.9
2025-01-19T12:00,3.5277777777777777,2.0
2025-01-19T13:00,2.611111111111111,2.5
2025-01-19T14:00,2.4722222222222223,2.9
2025-01-19T15:00,2.388888888888889,2.0
2025-01-19T16:00,2.1666666666666665,2.0
2025-01-19T17:00,2.833333333333333,1.1
2025-01-19T18:00,4.305555555555555,0.2
2025-01-19T19:00,4.666666666666667,-0.7
2025-01-19T20:00,4.861111111111111,-1.1
2025-01-19T21:00,4.722222222222222,-1.5
2025-01-19T22:00,4.944444444444445,-1.6
2025-01-19T23:00,5.527777777777778,-1.6
2025-01-20T00:00,5.75,-1.4
2025-01-20T01:00,5.916666666666667,-1.2
2025-01-20T02:00,6.444444444444444,-0.9
2025-01-20T03:00,7.222222222222222,0.1
2025-01-20T04:00,7.25,0.2
2025-01-20T05:00,6.833333333333334,0.2
2025-01-20T06:00,6.083333333333333,0.0
2025-01-20T07:00,5.916666666666667,-0.1
2025-01-20T08:00,6.611111111111111,0.0
2025-01-20T09:00,6.833333333333334,0.2
2025-01-20T10:00,6.333333333333333,0.3
2025-01-20T11:00,5.777777777777778,1.0
2025-01-20T12:00,5.583333333333334,2.0
2025-01-20T13:00,5.5,2.8
2025-01-20T14:00,4.611111111111112,3.2
2025-01-20T15:00,5.166666666666667,3.4
2025-01-20T16:00,4.777777777777778,3.0
2025-01-20T17:00,4.5,2.4
2025-01-20T18:00,4.472222222222222,2.0
2025-01-20T19:00,4.166666666666667,1.9
2025-01-20T20:00,4.083333333333333,1.6
2025-01-20T21:00,4.361111111111111,1.5
2025-01-20T22:00,4.472222222222222,1.2
2025-01-20T23:00,4.333333333333333,0.8
2025-01-21T00:00,3.888888888888889,0.3
2025-01-21T01:00,3.5,0.2
2025-01-21T02:00,3.7777777777777777,0.3
2025-01-21T03:00,4.277777777777778,0.8
2025-01-21T04:00,4.222222222222222,1.0
2025-01-21T05:00,4.611111111111112,1.5
2025-01-21T06:00,5.944444444444444,2.1
2025-01-21T07:00,6.583333333333333,2.5
2025-01-21T08:00,6.722222222222221,2.5
2025-01-21T09:00,7.027777777777778,2.5
2025-01-21T10:00,7.333333333333333,2.3
2025-01-21T11:00,6.583333333333333,2.7
2025-01-21T12:00,6.138888888888889,3.0
2025-01-21T13:00,5.916666666666667,3.3
2025-01-21T14:00,5.333333333333333,4.1
2025-01-21T15:00,5.138888888888888,4.4
2025-01-21T16:00,5.444444444444445,4.2
2025-01-21T17:00,4.694444444444444,3.9
2025-01-21T18:00,6.694444444444445,3.8
2025-01-21T19:00,8.444444444444445,4.1
2025-01-21T20:00,8.333333333333334,4.0
2025-01-21T21:00,8.777777777777779,4.1
2025-01-21T22:00,8.25,4.1
2025-01-21T23:00,8.63888888888889,4.2
2025-01-22T00:00,8.36111111111111,4.3
2025-01-22T01:00,8.305555555555555,4.2
2025-01-22T02:00,7.777777777777778,4.2
2025-01-22T03:00,7.638888888888888,3.8
2025-01-22T04:00,7.166666666666667,4.0
2025-01-22T05:00,6.583333333333333,3.9
2025-01-22T06:00,6.027777777777778,3.8
2025-01-22T07:00,5.805555555555555,4.0
2025-01-22T08:00,5.472222222222222,4.1
2025-01-22T09:00,5.75,4.1
2025-01-22T10:00,5.666666666666666,4.3
2025-01-22T11:00,5.833333333333333,4.4
2025-01-22T12:00,6.972222222222222,4.8
2025-01-22T13:00,5.166666666666667,4.9
2025-01-22T14:00,4.444444444444445,4.9
2025-01-22T15:00,4.888888888888889,4.6
2025-01-22T16:00,4.694444444444444,4.3
2025-01-22T17:00,5.194444444444444,3.6
2025-01-22T18:00,5.277777777777778,3.0
2025-01-22T19:00,6.416666666666667,2.7
2025-01-22T20:00,6.583333333333333,2.4
2025-01-22T21:00,7.416666666666666,2.7
2025-01-22T22:00,7.805555555555555,2.8
2025-01-22T23:00,8.13888888888889,2.5
2025-01-23T00:00,8.472222222222221,2.2
2025-01-23T01:00,8.222222222222223,2.2
2025-01-23T02:00,7.749999999999999,2.3
2025-01-23T03:00,7.166666666666667,2.3
2025-01-23T04:00,6.25,2.3
2025-01-23T05:00,5.5,1.9
2025-01-23T06:00,5.638888888888889,1.4
2025-01-23T07:00,5.388888888888888,1.1
2025-01-23T08:00,5.333333333333333,0.9
2025-01-23T09:00,4.5,0.9
2025-01-23T10:00,3.2499999999999996,0.7
2025-01-23T11:00,2.111111111111111,0.6
2025-01-23T12:00,2.2222222222222223,0.6
2025-01-23T13:00,4.916666666666666,0.8
2025-01-23T14:00,6.805555555555555,0.6
2025-01-23T15:00,7.861111111111111,0.8
2025-01-23T16:00,8.36111111111111,1.0
2025-01-23T17:00,7.916666666666666,1.6
2025-01-23T18:00,8.86111111111111,2.1
2025-01-23T19:00,8.916666666666666,2.3
2025-01-23T20:00,7.944444444444445,2.0
2025-01-23T21:00,8.194444444444445,2.0
2025-01-23T22:00,7.694444444444444,1.9
2025-01-23T23:00,7.222222222222222,0.9
2025-01-24T00:00,7.611111111111111,1.6
2025-01-24T01:00,8.222222222222223,2.3
2025-01-24T02:00,8.194444444444445,2.0
2025-01-24T03:00,9.305555555555555,2.0
2025-01-24T04:00,8.305555555555555,2.8
2025-01-24T05:00,9.833333333333332,3.3
2025-01-24T06:00,10.13888888888889,3.7
2025-01-24T07:00,9.583333333333334,3.5
2025-01-24T08:00,9.5,3.5
2025-01-24T09:00,9.444444444444445,3.6
2025-01-24T10:00,9.472222222222223,3.8
2025-01-24T11:00,9.777777777777779,4.7
2025-01-24T12:00,9.88888888888889,5.2
2025-01-24T13:00,10.694444444444445,5.3
2025-01-24T14:00,11.166666666666668,5.3
2025-01-24T15:00,12.805555555555555,5.1
2025-01-24T16:00,14.277777777777777,4.9
2025-01-24T17:00,14.805555555555554,5.6
2025-01-24T18:00,15.333333333333334,6.2
2025-01-24T19:00,14.444444444444445,6.4
2025-01-24T20:00,13.444444444444443,6.8
2025-01-24T21:00,13.61111111111111,6.6
2025-01-24T22:00,13.722222222222221,6.6
2025-01-24T23:00,14.11111111111111,6.8
2025-01-25T00:00,14.416666666666666,6.7
2025-01-25T01:00,14.583333333333332,6.4
2025-01-25T02:00,14.694444444444443,6.1
2025-01-25T03:00,15.416666666666666,5.7
2025-01-25T04:00,14.527777777777777,5.3
2025-01-25T05:00,13.833333333333332,5.0
2025-01-25T06:00,13.777777777777779,5.2
2025-01-25T07:00,13.277777777777777,5.2
2025-01-25T08:00,12.972222222222223,5.2
2025-01-25T09:00,11.805555555555555,5.1
2025-01-25T10:00,11.777777777777777,5.2
2025-01-25T11:00,11.777777777777777,5.8
2025-01-25T12:00,11.472222222222221,6.1
2025-01-25T13:00,11.055555555555555,6.0
2025-01-25T14:00,10.499999999999998,5.8
2025-01-25T15:00,10.083333333333332,5.3
2025-01-25T16:00,9.833333333333332,5.2
2025-01-25T17:00,9.833333333333332,4.8
2025-01-25T18:00,10.222222222222221,4.3
2025-01-25T19:00,10.611111111111112,4.2
2025-01-25T20:00,10.86111111111111,4.0
2025-01-25T21:00,11.194444444444443,4.2
2025-01-25T22:00,11.5,4.1
2025-01-25T23:00,11.13888888888889,3.9
2025-01-26T00:00,10.472222222222223,3.8
2025-01-26T01:00,9.694444444444445,3.9
2025-01-26T02:00,8.88888888888889,3.4
2025-01-26T03:00,8.86111111111111,3.2
2025-01-26T04:00,8.666666666666666,3.0
2025-01-26T05:00,8.0,2.7
2025-01-26T06:00,7.277777777777778,2.2
2025-01-26T07:00,6.583333333333333,1.9
2025-01-26T08:00,5.777777777777778,1.5
2025-01-26T09:00,5.638888888888889,1.3
2025-01-26T10:00,5.75,1.3
2025-01-26T11:00,6.194444444444445,1.8
2025-01-26T12:00,5.472222222222222,2.6
2025-01-26T13:00,5.333333333333333,3.3
2025-01-26T14:00,3.9166666666666665,4.1
2025-01-26T15:00,2.8055555555555554,3.7
2025-01-26T16:00,4.25,3.7
2025-01-26T17:00,5.055555555555555,3.0
2025-01-26T18:00,5.75,2.2
2025-01-26T19:00,5.277777777777778,1.7
2025-01-26T20:00,5.916666666666667,1.0
2025-01-26T21:00,6.416666666666667,0.9
2025-01-26T22:00,6.138888888888889,0.4
2025-01-26T23:00,6.805555555555555,0.2
2025-01-27T00:00,6.805555555555555,0.2
2025-01-27T01:00,6.722222222222221,0.0
2025-01-27T02:00,7.222222222222222,0.1
2025-01-27T03:00,7.972222222222221,0.8
2025-01-27T04:00,8.944444444444445,1.8
2025-01-27T05:00,9.083333333333334,2.0
2025-01-27T06:00,10.36111111111111,1.4
2025-01-27T07:00,11.583333333333334,1.8
2025-01-27T08:00,11.833333333333334,2.3
2025-01-27T09:00,11.777777777777777,2.5
2025-01-27T10:00,12.333333333333332,2.8
2025-01-27T11:00,11.861111111111112,2.8
2025-01-27T12:00,11.749999999999998,2.5
2025-01-27T13:00,11.444444444444445,2.8
2025-01-27T14:00,12.555555555555555,2.0
2025-01-27T15:00,9.805555555555555,4.1
2025-01-27T16:00,9.88888888888889,5.8
2025-01-27T17:00,9.361111111111112,6.4
2025-01-27T18:00,8.666666666666666,5.8
2025-01-27T19:00,8.666666666666666,5.2
2025-01-27T20:00,9.361111111111112,5.1
2025-01-27T21:00,9.833333333333332,4.8
2025-01-27T22:00,10.472222222222223,4.7
2025-01-27T23:00,10.555555555555555,4.7
2025-01-28T00:00,9.972222222222221,4.7
2025-01-28T01:00,9.666666666666666,4.4
2025-01-28T02:00,8.555555555555555,4.3
2025-01-28T03:00,8.86111111111111,4.3
2025-01-28T04:00,9.027777777777777,4.0
2025-01-28T05:00,8.694444444444445,3.8
2025-01-28T06:00,8.527777777777777,3.7
2025-01-28T07:00,8.277777777777779,3.3
2025-01-28T08:00,7.583333333333333,3.0
2025-01-28T09:00,7.444444444444445,2.8
2025-01-28T10:00,8.38888888888889,2.8
2025-01-28T11:00,7.833333333333333,3.8
2025-01-28T12:00,6.777777777777777,4.8
2025-01-28T13:00,5.472222222222222,5.9
2025-01-28T14:00,4.777777777777778,6.4
2025-01-28T15:00,4.25,6.2
2025-01-28T16:00,4.138888888888889,6.2
2025-01-28T17:00,5.861111111111112,5.6
2025-01-28T18:00,5.888888888888888,4.8
2025-01-28T19:00,6.499999999999999,4.1
2025-01-28T20:00,5.833333333333333,3.3
2025-01-28T21:00,5.694444444444445,2.8
2025-01-28T22:00,5.777777777777778,2.4
2025-01-28T23:00,6.111111111111111,2.5
2025-01-29T00:00,6.888888888888889,2.6
2025-01-29T01:00,6.666666666666666,2.5
2025-01-29T02:00,6.444444444444444,2.2
2025-01-29T03:00,6.138888888888889,2.7
2025-01-29T04:00,6.444444444444444,2.8
2025-01-29T05:00,6.166666666666666,3.0
2025-01-29T06:00,5.777777777777778,3.3
2025-01-29T07:00,6.0,3.5
2025-01-29T08:00,5.972222222222222,3.7
2025-01-29T09:00,6.111111111111111,3.9
2025-01-29T10:00,5.75,3.9
2025-01-29T11:00,5.111111111111111,4.2
2025-01-29T12:00,5.694444444444445,4.4
2025-01-29T13:00,5.583333333333334,4.6
2025-01-29T14:00,6.083333333333333,4.8
2025-01-29T15:00,4.888888888888889,4.4
2025-01-29T16:00,4.861111111111111,4.3
2025-01-29T17:00,4.111111111111112,4.2
2025-01-29T18:00,4.138888888888889,4.0
2025-01-29T19:00,3.3611111111111107,3.7
2025-01-29T20:00,2.694444444444444,3.6
2025-01-29T21:00,2.361111111111111,3.5
2025-01-29T22:00,1.7222222222222223,3.5
2025-01-29T23:00,1.25,3.4
2025-01-30T00:00,1.9166666666666667,3.2
2025-01-30T01:00,2.4166666666666665,3.2
2025-01-30T02:00,3.1666666666666665,3.2
2025-01-30T03:00,3.9722222222222223,3.7
2025-01-30T04:00,4.361111111111111,3.6
2025-01-30T05:00,3.5833333333333335,3.8
2025-01-30T06:00,4.305555555555555,3.8
2025-01-30T07:00,4.944444444444445,3.6
2025-01-30T08:00,4.583333333333333,2.7
2025-01-30T09:00,4.305555555555555,3.2
2025-01-30T10:00,4.222222222222222,3.7
2025-01-30T11:00,4.25,4.4
2025-01-30T12:00,4.694444444444444,4.9
2025-01-30T13:00,5.333333333333333,5.6
2025-01-30T14:00,5.138888888888888,5.6
2025-01-30T15:00,5.388888888888888,5.3
2025-01-30T16:00,6.166666666666666,5.3
2025-01-30T17:00,7.361111111111111,5.2
2025-01-30T18:00,9.305555555555555,5.2
2025-01-30T19:00,9.138888888888888,4.3
2025-01-30T20:00,9.055555555555555,3.5
2025-01-30T21:00,8.86111111111111,3.2
2025-01-30T22:00,7.861111111111111,2.8
2025-01-30T23:00,6.833333333333334,2.3
2025-01-31T00:00,7.333333333333333,1.8
2025-01-31T01:00,7.361111111111111,1.4
2025-01-31T02:00,6.722222222222221,1.0
2025-01-31T03:00,6.777777777777777,2.0
2025-01-31T04:00,6.111111111111111,1.4
2025-01-31T05:00,6.305555555555555,0.8
2025-01-31T06:00,5.611111111111111,0.5
2025-01-31T07:00,5.388888888888888,0.3
2025-01-31T08:00,5.5,0.4
2025-01-31T09:00,5.388888888888888,0.6
2025-01-31T10:00,5.416666666666667,0.6
2025-01-31T11:00,5.166666666666667,1.6
2025-01-31T12:00,4.944444444444445,2.7
2025-01-31T13:00,4.555555555555555,4.1
2025-01-31T14:00,2.861111111111111,5.1
2025-01-31T15:00,2.4444444444444446,5.4
2025-01-31T16:00,2.888888888888889,5.3
2025-01-31T17:00,3.75,4.3
2025-01-31T18:00,4.055555555555555,3.0
2025-01-31T19:00,3.416666666666667,1.5
2025-01-31T20:00,2.5,1.0
2025-01-31T21:00,2.5,0.7
2025-01-31T22:00,3.333333333333333,1.5
2025-01-31T23:00,2.7777777777777777,1.2
2025-02-01T00:00,2.861111111111111,1.6
2025-02-01T01:00,3.555555555555556,1.8
2025-02-01T02:00,3.416666666666667,1.9
2025-02-01T03:00,2.4166666666666665,1.9
2025-02-01T04:00,1.8888888888888888,2.1
2025-02-01T05:00,1.4444444444444444,1.6
2025-02-01T06:00,0.9722222222222222,1.5
2025-02-01T07:00,2.25,1.5
2025-02-01T08:00,2.25,1.3
2025-02-01T09:00,0.4444444444444445,1.0
2025-02-01T10:00,0.7777777777777777,1.3
2025-02-01T11:00,0.8611111111111112,1.6
2025-02-01T12:00,0.6666666666666666,2.2
2025-02-01T13:00,0.5277777777777778,2.7
2025-02-01T14:00,0.3055555555555556,3.0
2025-02-01T15:00,0.6111111111111112,3.0
2025-02-01T16:00,0.75,3.3
2025-02-01T17:00,0.9444444444444444,3.3
2025-02-01T18:00,0.6111111111111112,3.0
2025-02-01T19:00,0.7777777777777777,2.8
2025-02-01T20:00,1.4444444444444444,2.7
2025-02-01T21:00,3.2777777777777777,2.8
2025-02-01T22:00,4.305555555555555,2.5
2025-02-01T23:00,4.055555555555555,1.9
2025-02-02T00:00,4.166666666666667,1.5
2025-02-02T01:00,4.416666666666667,1.6
2025-02-02T02:00,4.527777777777778,2.0
2025-02-02T03:00,4.75,1.9
2025-02-02T04:00,4.694444444444444,1.6
2025-02-02T05:00,4.944444444444445,1.6
2025-02-02T06:00,5.166666666666667,1.5
2025-02-02T07:00,5.5,1.4
2025-02-02T08:00,5.194444444444444,1.4
2025-02-02T09:00,5.194444444444444,1.5
2025-02-02T10:00,5.5,2.0
2025-02-02T11:00,5.916666666666667,2.5
2025-02-02T12:00,6.388888888888888,3.0
2025-02-02T13:00,5.722222222222222,3.5
2025-02-02T14:00,4.222222222222222,4.2
2025-02-02T15:00,6.388888888888888,4.3
2025-02-02T16:00,6.527777777777778,4.4
2025-02-02T17:00,6.527777777777778,4.0
2025-02-02T18:00,5.972222222222222,3.5
2025-02-02T19:00,5.611111111111111,3.3
2025-02-02T20:00,5.972222222222222,3.0
2025-02-02T21:00,6.055555555555555,2.5
2025-02-02T22:00,6.583333333333333,1.9
2025-02-02T23:00,7.083333333333333,1.5
2025-02-03T00:00,7.416666666666666,1.0
2025-02-03T01:00,6.861111111111111,0.9
2025-02-03T02:00,6.805555555555555,0.6
2025-02-03T03:00,6.111111111111111,1.0
2025-02-03T04:00,5.611111111111111,0.6
2025-02-03T05:00,5.083333333333333,0.1
2025-02-03T06:00,4.527777777777778,0.1
2025-02-03T07:00,4.0,-0.1
2025-02-03T08:00,3.944444444444444,0.0
2025-02-03T09:00,3.416666666666667,0.1
2025-02-03T10:00,3.5,0.1
2025-02-03T11:00,3.6944444444444446,0.1
2025-02-03T12:00,4.305555555555555,0.4
2025-02-03T13:00,4.25,1.0
2025-02-03T14:00,3.6944444444444446,1.4
2025-02-03T15:00,3.7777777777777777,1.2
2025-02-03T16:00,3.75,1.4
2025-02-03T17:00,4.5,1.0
2025-02-03T18:00,5.361111111111112,0.6
2025-02-03T19:00,5.416666666666667,0.2
2025-02-03T20:00,5.916666666666667,0.4
2025-02-03T21:00,6.027777777777778,0.6
2025-02-03T22:00,6.499999999999999,0.8
2025-02-03T23:00,7.416666666666666,0.9
2025-02-04T00:00,7.166666666666667,1.0
2025-02-04T01:00,7.0,1.1
2025-02-04T02:00,6.611111111111111,1.1
2025-02-04T03:00,6.805555555555555,1.5
2025-02-04T04:00,6.777777777777777,1.9
2025-02-04T05:00,6.666666666666666,2.2
2025-02-04T06:00,6.944444444444445,2.4
2025-02-04T07:00,7.444444444444445,2.8
2025-02-04T08:00,8.527777777777777,3.3
2025-02-04T09:00,7.583333333333333,3.3
2025-02-04T10:00,8.027777777777777,3.5
2025-02-04T11:00,8.555555555555555,4.3
2025-02-04T12:00,8.527777777777777,4.8
2025-02-04T13:00,7.888888888888888,5.4
2025-02-04T14:00,8.666666666666666,5.7
2025-02-04T15:00,8.88888888888889,5.8
2025-02-04T16:00,8.194444444444445,5.7
2025-02-04T17:00,8.694444444444445,5.6
2025-02-04T18:00,8.805555555555555,5.2
2025-02-04T19:00,9.11111111111111,5.1
2025-02-04T20:00,9.166666666666666,5.0
2025-02-04T21:00,9.388888888888888,5.0
2025-02-04T22:00,9.916666666666668,5.2
2025-02-04T23:00,10.222222222222221,5.2
2025-02-05T00:00,10.527777777777777,5.0
2025-02-05T01:00,11.13888888888889,5.2
2025-02-05T02:00,11.583333333333334,5.3
2025-02-05T03:00,12.11111111111111,5.4
2025-02-05T04:00,12.277777777777779,5.3
2025-02-05T05:00,11.61111111111111,5.4
2025-02-05T06:00,11.055555555555555,5.8
2025-02-05T07:00,11.222222222222221,6.2
2025-02-05T08:00,11.694444444444445,6.1
2025-02-05T09:00,11.583333333333334,6.4
2025-02-05T10:00,10.555555555555555,6.3
2025-02-05T11:00,10.444444444444445,6.6
2025-02-05T12:00,9.63888888888889,7.3
2025-02-05T13:00,8.944444444444445,7.9
2025-02-05T14:00,9.666666666666666,8.1
2025-02-05T15:00,8.0,7.9
2025-02-05T16:00,7.944444444444445,7.4
2025-02-05T17:00,8.444444444444445,6.6
2025-02-05T18:00,8.38888888888889,5.4
2025-02-05T19:00,8.13888888888889,4.7
2025-02-05T20:00,7.861111111111111,4.3
2025-02-05T21:00,7.666666666666667,4.0
2025-02-05T22:00,7.666666666666667,3.8
2025-02-05T23:00,7.777777777777778,3.8
2025-02-06T00:00,8.11111111111111,3.8
2025-02-06T01:00,8.222222222222223,3.7
2025-02-06T02:00,7.972222222222221,3.6
2025-02-06T03:00,7.333333333333333,3.2
2025-02-06T04:00,7.166666666666667,2.9
2025-02-06T05:00,7.138888888888888,2.6
2025-02-06T06:00,6.972222222222222,2.3
2025-02-06T07:00,6.75,2.0
2025-02-06T08:00,6.166666666666666,1.6
2025-02-06T09:00,5.944444444444444,1.0
2025-02-06T10:00,6.25,1.2
2025-02-06T11:00,6.0,2.5
2025-02-06T12:00,6.638888888888888,3.8
2025-02-06T13:00,5.166666666666667,5.2
2025-02-06T14:00,4.111111111111112,6.1
2025-02-06T15:00,3.333333333333333,6.7
2025-02-06T16:00,3.8055555555555554,6.7
2025-02-06T17:00,4.333333333333333,5.7
2025-02-06T18:00,4.888888888888889,3.8
2025-02-06T19:00,5.305555555555556,2.3
2025-02-06T20:00,5.833333333333333,1.2
2025-02-06T21:00,6.055555555555555,0.7
2025-02-06T22:00,5.972222222222222,0.6
2025-02-06T23:00,5.972222222222222,0.7
2025-02-07T00:00,6.222222222222221,0.8
2025-02-07T01:00,6.25,0.9
2025-02-07T02:00,6.138888888888889,0.9
2025-02-07T03:00,5.888888888888888,1.6
2025-02-07T04:00,5.527777777777778,1.0
2025-02-07T05:00,5.249999999999999,0.1
2025-02-07T06:00,5.277777777777778,-0.1
2025-02-07T07:00,5.916666666666667,-0.2
2025-02-07T08:00,6.638888888888888,-0.2
2025-02-07T09:00,6.75,-0.3
2025-02-07T10:00,6.861111111111111,0.0
2025-02-07T11:00,6.583333333333333,1.2
2025-02-07T12:00,6.222222222222221,2.4
2025-02-07T13:00,5.666666666666666,2.9
2025-02-07T14:00,5.916666666666667,3.1
2025-02-07T15:00,7.777777777777778,1.9
2025-02-07T16:00,7.805555555555555,0.9
2025-02-07T17:00,8.416666666666666,0.9
2025-02-07T18:00,7.0,1.0
2025-02-07T19:00,7.111111111111112,1.1
2025-02-07T20:00,7.0,1.5
2025-02-07T21:00,8.25,1.9
2025-02-07T22:00,9.11111111111111,2.2
2025-02-07T23:00,8.916666666666666,2.1
2025-02-08T00:00,9.444444444444445,2.2
2025-02-08T01:00,10.583333333333334,2.5
2025-02-08T02:00,9.88888888888889,2.5
2025-02-08T03:00,9.916666666666668,2.1
2025-02-08T04:00,9.916666666666668,1.9
2025-02-08T05:00,9.444444444444445,1.5
2025-02-08T06:00,8.75,1.3
2025-02-08T07:00,8.722222222222221,1.1
2025-02-08T08:00,8.555555555555555,1.1
2025-02-08T09:00,8.0,1.1
2025-02-08T10:00,7.583333333333333,1.2
2025-02-08T11:00,7.666666666666667,1.2
2025-02-08T12:00,8.0,1.7
2025-02-08T13:00,8.472222222222221,2.1
2025-02-08T14:00,8.166666666666666,2.5
2025-02-08T15:00,7.694444444444444,2.1
2025-02-08T16:00,8.11111111111111,1.6
2025-02-08T17:00,7.027777777777778,1.5
2025-02-08T18:00,7.444444444444445,1.5
2025-02-08T19:00,7.194444444444444,1.5
2025-02-08T20:00,6.444444444444444,1.6
2025-02-08T21:00,6.083333333333333,1.7
2025-02-08T22:00,6.25,1.8
2025-02-08T23:00,5.944444444444444,1.8
2025-02-09T00:00,5.194444444444444,1.7
2025-02-09T01:00,4.694444444444444,1.7
2025-02-09T02:00,4.638888888888888,1.7
2025-02-09T03:00,4.805555555555555,1.7
2025-02-09T04:00,4.805555555555555,1.6
2025-02-09T05:00,5.194444444444444,1.6
2025-02-09T06:00,5.361111111111112,1.6
2025-02-09T07:00,5.361111111111112,1.5
2025-02-09T08:00,6.055555555555555,1.5
2025-02-09T09:00,6.388888888888888,1.4
2025-02-09T10:00,5.972222222222222,1.4
2025-02-09T11:00,5.555555555555555,1.9
2025-02-09T12:00,6.0,2.2
2025-02-09T13:00,6.527777777777778,2.4
2025-02-09T14:00,6.722222222222221,2.5
2025-02-09T15:00,6.361111111111111,2.3
2025-02-09T16:00,6.944444444444445,2.3
2025-02-09T17:00,7.222222222222222,2.2
2025-02-09T18:00,7.472222222222221,1.8
2025-02-09T19:00,7.749999999999999,1.6
2025-02-09T20:00,7.888888888888888,1.5
2025-02-09T21:00,8.11111111111111,1.5
2025-02-09T22:00,8.305555555555555,1.4
2025-02-09T23:00,8.11111111111111,1.2
2025-02-10T00:00,7.944444444444445,1.3
2025-02-10T01:00,8.0,1.4
2025-02-10T02:00,8.472222222222221,1.2
2025-02-10T03:00,7.944444444444445,1.3
2025-02-10T04:00,7.583333333333333,1.2
2025-02-10T05:00,7.833333333333333,1.0
2025-02-10T06:00,8.055555555555555,0.9
2025-02-10T07:00,8.222222222222223,0.6
2025-02-10T08:00,8.5,0.3
2025-02-10T09:00,8.666666666666666,0.0
2025-02-10T10:00,8.583333333333332,0.1
2025-02-10T11:00,9.444444444444445,0.6
2025-02-10T12:00,9.416666666666666,0.9
2025-02-10T13:00,9.361111111111112,0.9
2025-02-10T14:00,9.555555555555555,1.1
2025-02-10T15:00,9.361111111111112,1.7
2025-02-10T16:00,8.833333333333334,1.6
2025-02-10T17:00,8.472222222222221,1.6
2025-02-10T18:00,7.972222222222221,1.6
2025-02-10T19:00,8.63888888888889,1.8
2025-02-10T20:00,9.138888888888888,1.8
2025-02-10T21:00,9.277777777777777,1.5
2025-02-10T22:00,9.277777777777777,1.4
2025-02-10T23:00,9.138888888888888,1.0
2025-02-11T00:00,9.166666666666666,0.9
2025-02-11T01:00,9.0,0.9
2025-02-11T02:00,9.11111111111111,0.8
2025-02-11T03:00,9.0,0.4
2025-02-11T04:00,8.944444444444445,0.2
2025-02-11T05:00,9.055555555555555,0.2
2025-02-11T06:00,9.083333333333334,0.2
2025-02-11T07:00,9.083333333333334,0.2
2025-02-11T08:00,8.972222222222221,0.2
2025-02-11T09:00,8.833333333333334,0.2
2025-02-11T10:00,8.777777777777779,0.4
2025-02-11T11:00,9.722222222222221,0.9
2025-02-11T12:00,9.472222222222223,1.4
2025-02-11T13:00,9.388888888888888,1.7
2025-02-11T14:00,9.5,1.9
2025-02-11T15:00,9.805555555555555,1.8
2025-02-11T16:00,10.027777777777779,1.9
2025-02-11T17:00,9.63888888888889,2.0
2025-02-11T18:00,8.777777777777779,1.5
2025-02-11T19:00,8.694444444444445,1.4
2025-02-11T20:00,8.805555555555555,1.2
2025-02-11T21:00,9.027777777777777,0.9
2025-02-11T22:00,9.166666666666666,0.6
2025-02-11T23:00,9.055555555555555,0.4
2025-02-12T00:00,8.694444444444445,0.2
2025-02-12T01:00,8.194444444444445,0.2
2025-02-12T02:00,7.694444444444444,0.2
2025-02-12T03:00,8.0,-0.2
2025-02-12T04:00,7.611111111111111,-0.4
2025-02-12T05:00,7.222222222222222,-0.3
2025-02-12T06:00,6.972222222222222,-0.4
2025-02-12T07:00,7.25,-0.4
2025-02-12T08:00,6.944444444444445,-0.6
2025-02-12T09:00,6.861111111111111,-0.9
2025-02-12T10:00,7.222222222222222,-1.0
2025-02-12T11:00,7.416666666666666,-0.9
2025-02-12T12:00,6.972222222222222,-0.9
2025-02-12T13:00,6.916666666666666,-0.9
2025-02-12T14:00,6.805555555555555,-0.8
2025-02-12T15:00,6.499999999999999,-1.1
2025-02-12T16:00,6.638888888888888,-1.0
2025-02-12T17:00,6.75,-1.1
2025-02-12T18:00,6.666666666666666,-1.1
2025-02-12T19:00,6.333333333333333,-1.1
2025-02-12T20:00,6.166666666666666,-1.0
2025-02-12T21:00,5.305555555555556,-1.0
2025-02-12T22:00,4.416666666666667,-0.9
2025-02-12T23:00,4.194444444444445,-0.9
2025-02-13T00:00,4.472222222222222,-0.9
2025-02-13T01:00,5.055555555555555,-1.1
2025-02-13T02:00,4.888888888888889,-1.4
2025-02-13T03:00,5.861111111111112,-1.4
2025-02-13T04:00,5.583333333333334,-0.9
2025-02-13T05:00,5.916666666666667,-1.0
2025-02-13T06:00,5.861111111111112,-1.3
2025-02-13T07:00,6.111111111111111,-1.5
2025-02-13T08:00,6.472222222222222,-1.8
2025-02-13T09:00,6.805555555555555,-1.9
2025-02-13T10:00,6.75,-1.9
2025-02-13T11:00,6.361111111111111,-1.9
2025-02-13T12:00,6.166666666666666,-1.9
2025-02-13T13:00,6.305555555555555,-1.9
2025-02-13T14:00,6.027777777777778,-1.5
2025-02-13T15:00,6.805555555555555,-1.6
2025-02-13T16:00,7.888888888888888,-1.3
2025-02-13T17:00,8.277777777777779,-0.8
2025-02-13T18:00,6.75,-0.4
2025-02-13T19:00,6.583333333333333,-0.3
2025-02-13T20:00,6.777777777777777,-0.2
2025-02-13T21:00,7.083333333333333,-0.2
2025-02-13T22:00,6.75,-0.5
2025-02-13T23:00,5.666666666666666,-0.6
2025-02-14T00:00,5.222222222222222,-0.8
2025-02-14T01:00,5.361111111111112,-0.8
2025-02-14T02:00,5.027777777777778,-0.8
2025-02-14T03:00,4.138888888888889,-1.0
2025-02-14T04:00,4.333333333333333,-1.2
2025-02-14T05:00,4.611111111111112,-1.4
2025-02-14T06:00,4.333333333333333,-1.5
2025-02-14T07:00,3.555555555555556,-1.9
2025-02-14T08:00,2.944444444444444,-2.0
2025-02-14T09:00,2.972222222222222,-2.2
2025-02-14T10:00,2.75,-1.6
2025-02-14T11:00,2.2222222222222223,-1.0
2025-02-14T12:00,1.6944444444444442,-0.8
2025-02-14T13:00,1.3055555555555556,-0.6
2025-02-14T14:00,1.4444444444444444,-0.3
2025-02-14T15:00,1.027777777777778,-0.1
2025-02-14T16:00,1.1944444444444444,-0.1
2025-02-14T17:00,1.5555555555555554,-0.3
2025-02-14T18:00,1.3611111111111112,-0.9
2025-02-14T19:00,2.138888888888889,-0.9
2025-02-14T20:00,2.5555555555555554,-0.9
2025-02-14T21:00,3.2777777777777777,-0.9
2025-02-14T22:00,4.138888888888889,-0.9
2025-02-14T23:00,4.611111111111112,-1.0
2025-02-15T00:00,4.555555555555555,-1.0
2025-02-15T01:00,4.861111111111111,-1.1
2025-02-15T02:00,5.638888888888889,-1.6
2025-02-15T03:00,6.333333333333333,-1.8
2025-02-15T04:00,9.11111111111111,-1.5
2025-02-15T05:00,10.277777777777777,-1.6
2025-02-15T06:00,7.861111111111111,-1.1
2025-02-15T07:00,7.583333333333333,-0.9
2025-02-15T08:00,7.361111111111111,-0.8
2025-02-15T09:00,7.277777777777778,-0.3
2025-02-15T10:00,7.055555555555555,0.6
2025-02-15T11:00,7.083333333333333,1.1
2025-02-15T12:00,5.888888888888888,0.8
2025-02-15T13:00,5.583333333333334,0.6
2025-02-15T14:00,6.777777777777777,0.6
2025-02-15T15:00,6.194444444444445,0.7
2025-02-15T16:00,6.111111111111111,0.4
2025-02-15T17:00,8.38888888888889,-0.2
2025-02-15T18:00,9.361111111111112,-1.9
2025-02-15T19:00,9.083333333333334,-2.8
2025-02-15T20:00,8.944444444444445,-3.2
2025-02-15T21:00,8.805555555555555,-3.3
2025-02-15T22:00,8.5,-3.5
2025-02-15T23:00,7.833333333333333,-3.8
2025-02-16T00:00,7.138888888888888,-4.1
2025-02-16T01:00,6.527777777777778,-4.7
2025-02-16T02:00,6.277777777777778,-5.2
2025-02-16T03:00,5.833333333333333,-5.3
2025-02-16T04:00,6.0,-5.6
2025-02-16T05:00,5.666666666666666,-5.8
2025-02-16T06:00,5.249999999999999,-6.1
2025-02-16T07:00,4.638888888888888,-6.3
2025-02-16T08:00,4.361111111111111,-6.6
2025-02-16T09:00,4.055555555555555,-6.8
2025-02-16T10:00,3.9166666666666665,-6.0
2025-02-16T11:00,2.638888888888889,-4.6
2025-02-16T12:00,2.055555555555556,-3.5
2025-02-16T13:00,1.5833333333333333,-2.7
2025-02-16T14:00,1.1388888888888888,-2.0
2025-02-16T15:00,0.888888888888889,-1.9
2025-02-16T16:00,1.4166666666666665,-1.8
2025-02-16T17:00,2.1666666666666665,-2.0
2025-02-16T18:00,2.972222222222222,-2.8
2025-02-16T19:00,3.3055555555555554,-3.6
2025-02-16T20:00,3.083333333333333,-3.8
2025-02-16T21:00,4.222222222222222,-4.0
2025-02-16T22:00,5.916666666666667,-4.5
2025-02-16T23:00,6.666666666666666,-4.8
2025-02-17T00:00,7.083333333333333,-4.9
2025-02-17T01:00,7.277777777777778,-4.9
2025-02-17T02:00,7.5,-5.0
2025-02-17T03:00,7.722222222222222,-5.2
2025-02-17T04:00,7.861111111111111,-5.1
2025-02-17T05:00,8.305555555555555,-4.9
2025-02-17T06:00,8.36111111111111,-4.8
2025-02-17T07:00,8.25,-4.7
2025-02-17T08:00,7.916666666666666,-4.4
2025-02-17T09:00,7.722222222222222,-4.0
2025-02-17T10:00,7.5,-2.7
2025-02-17T11:00,8.166666666666666,-1.0
2025-02-17T12:00,6.194444444444445,0.9
2025-02-17T13:00,6.111111111111111,2.3
2025-02-17T14:00,6.055555555555555,3.1
2025-02-17T15:00,5.777777777777778,3.2
2025-02-17T16:00,5.805555555555555,3.0
2025-02-17T17:00,5.444444444444445,2.2
2025-02-17T18:00,5.694444444444445,0.5
2025-02-17T19:00,5.944444444444444,-0.8
2025-02-17T20:00,5.333333333333333,-1.5
2025-02-17T21:00,4.777777777777778,-2.0
2025-02-17T22:00,4.305555555555555,-2.5
2025-02-17T23:00,3.9166666666666665,-2.7
2025-02-18T00:00,3.611111111111111,-2.9
2025-02-18T01:00,3.3888888888888884,-3.0
2025-02-18T02:00,3.3055555555555554,-3.2
2025-02-18T03:00,2.138888888888889,-3.9
2025-02-18T04:00,2.75,-3.9
2025-02-18T05:00,3.1666666666666665,-4.0
2025-02-18T06:00,3.611111111111111,-4.0
2025-02-18T07:00,4.111111111111112,-4.1
2025-02-18T08:00,4.083333333333333,-4.2
2025-02-18T09:00,3.8333333333333335,-5.2
2025-02-18T10:00,3.638888888888889,-4.0
2025-02-18T11:00,3.7222222222222223,-1.7
2025-02-18T12:00,3.75,0.6
2025-02-18T13:00,2.5277777777777777,2.2
2025-02-18T14:00,2.972222222222222,3.2
2025-02-18T15:00,3.2499999999999996,3.5
2025-02-18T16:00,3.138888888888889,3.3
2025-02-18T17:00,3.3055555555555554,2.8
2025-02-18T18:00,3.6666666666666665,0.9
2025-02-18T19:00,3.2499999999999996,-1.2
2025-02-18T20:00,3.555555555555556,-1.2
2025-02-18T21:00,5.833333333333333,-1.5
2025-02-18T22:00,5.916666666666667,-1.6
2025-02-18T23:00,5.75,-2.0
2025-02-19T00:00,5.333333333333333,-2.3
2025-02-19T01:00,5.083333333333333,-2.7
2025-02-19T02:00,5.111111111111111,-3.0
2025-02-19T03:00,4.444444444444445,-3.4
2025-02-19T04:00,3.7777777777777777,-4.2
2025-02-19T05:00,3.2499999999999996,-4.9
2025-02-19T06:00,2.611111111111111,-5.2
2025-02-19T07:00,2.7777777777777777,-5.6
2025-02-19T08:00,3.6666666666666665,-6.4
2025-02-19T09:00,4.444444444444445,-6.2
2025-02-19T10:00,4.861111111111111,-3.2
2025-02-19T11:00,4.972222222222221,-0.8
2025-02-19T12:00,3.4722222222222223,1.0
2025-02-19T13:00,3.333333333333333,2.4
2025-02-19T14:00,3.9166666666666665,3.2
2025-02-19T15:00,4.361111111111111,3.0
2025-02-19T16:00,4.555555555555555,2.8
2025-02-19T17:00,5.611111111111111,1.9
2025-02-19T18:00,6.805555555555555,0.1
2025-02-19T19:00,7.361111111111111,-0.9
2025-02-19T20:00,7.611111111111111,-1.6
2025-02-19T21:00,8.083333333333334,-2.0
2025-02-19T22:00,8.305555555555555,-1.8
2025-02-19T23:00,8.583333333333332,-1.5
2025-02-20T00:00,8.75,-1.5
2025-02-20T01:00,9.027777777777777,-1.8
2025-02-20T02:00,9.333333333333334,-1.9
2025-02-20T03:00,9.75,-2.0
2025-02-20T04:00,9.75,-1.8
2025-02-20T05:00,9.222222222222223,-1.9
2025-02-20T06:00,9.0,-2.0
2025-02-20T07:00,8.722222222222221,-2.0
2025-02-20T08:00,9.333333333333334,-2.0
2025-02-20T09:00,10.055555555555555,-1.5
2025-02-20T10:00,10.388888888888888,-0.6
2025-02-20T11:00,8.583333333333332,0.6
2025-02-20T12:00,9.138888888888888,1.6
2025-02-20T13:00,8.555555555555555,2.3
2025-02-20T14:00,9.11111111111111,2.6
2025-02-20T15:00,10.0,2.4
2025-02-20T16:00,9.666666666666666,2.5
2025-02-20T17:00,10.666666666666666,2.0
2025-02-20T18:00,11.666666666666666,1.4
2025-02-20T19:00,11.5,1.1
2025-02-20T20:00,11.666666666666666,1.1
2025-02-20T21:00,12.083333333333332,1.5
2025-02-20T22:00,12.166666666666666,1.5
2025-02-20T23:00,11.666666666666666,2.2
2025-02-21T00:00,11.972222222222223,1.6
2025-02-21T01:00,12.694444444444445,2.2
2025-02-21T02:00,12.194444444444443,2.8
2025-02-21T03:00,9.5,2.8
2025-02-21T04:00,9.472222222222223,3.3
2025-02-21T05:00,8.527777777777777,3.5
2025-02-21T06:00,7.444444444444445,3.5
2025-02-21T07:00,7.638888888888888,3.5
2025-02-21T08:00,8.13888888888889,3.7
2025-02-21T09:00,8.222222222222223,3.9
2025-02-21T10:00,8.5,4.3
2025-02-21T11:00,8.38888888888889,4.8
2025-02-21T12:00,8.027777777777777,5.6
2025-02-21T13:00,7.805555555555555,6.5
2025-02-21T14:00,7.583333333333333,7.8
2025-02-21T15:00,8.25,7.1
2025-02-21T16:00,8.416666666666666,7.1
2025-02-21T17:00,8.722222222222221,6.8
2025-02-21T18:00,8.694444444444445,6.7
2025-02-21T19:00,9.472222222222223,6.6
2025-02-21T20:00,10.25,6.6
2025-02-21T21:00,10.88888888888889,6.5
2025-02-21T22:00,11.305555555555555,6.4
2025-02-21T23:00,11.666666666666666,6.6
2025-02-22T00:00,11.527777777777777,6.7
2025-02-22T01:00,11.38888888888889,6.9
2025-02-22T02:00,10.86111111111111,6.8
2025-02-22T03:00,10.222222222222221,7.4
2025-02-22T04:00,9.972222222222221,6.9
2025-02-22T05:00,9.88888888888889,7.1
2025-02-22T06:00,8.5,6.4
2025-02-22T07:00,8.027777777777777,6.0
2025-02-22T08:00,8.194444444444445,6.1
2025-02-22T09:00,8.86111111111111,5.4
2025-02-22T10:00,8.583333333333332,5.4
2025-02-22T11:00,8.083333333333334,5.9
2025-02-22T12:00,6.916666666666666,6.9
2025-02-22T13:00,6.888888888888889,7.7
2025-02-22T14:00,6.111111111111111,8.9
2025-02-22T15:00,7.138888888888888,8.2
2025-02-22T16:00,7.166666666666667,8.2
2025-02-22T17:00,8.083333333333334,7.4
2025-02-22T18:00,8.305555555555555,6.8
2025-02-22T19:00,8.86111111111111,6.9
2025-02-22T20:00,8.666666666666666,7.1
2025-02-22T21:00,8.444444444444445,7.2
2025-02-22T22:00,8.13888888888889,7.1
2025-02-22T23:00,7.611111111111111,6.8
2025-02-23T00:00,6.833333333333334,6.3
2025-02-23T01:00,6.499999999999999,5.9
2025-02-23T02:00,6.166666666666666,5.7
2025-02-23T03:00,6.777777777777777,5.4
2025-02-23T04:00,6.638888888888888,5.3
2025-02-23T05:00,6.583333333333333,5.2
2025-02-23T06:00,6.861111111111111,5.0
2025-02-23T07:00,6.722222222222221,4.8
2025-02-23T08:00,6.472222222222222,4.8
2025-02-23T09:00,6.777777777777777,4.6
2025-02-23T10:00,6.638888888888888,5.1
2025-02-23T11:00,6.305555555555555,5.7
2025-02-23T12:00,5.194444444444444,6.8
2025-02-23T13:00,4.666666666666667,8.4
2025-02-23T14:00,4.944444444444445,9.8
2025-02-23T15:00,5.861111111111112,9.9
2025-02-23T16:00,5.972222222222222,10.2
2025-02-23T17:00,6.25,9.9
2025-02-23T18:00,6.833333333333334,9.1
2025-02-23T19:00,8.11111111111111,7.5
2025-02-23T20:00,8.916666666666666,6.4
2025-02-23T21:00,9.416666666666666,5.4
2025-02-23T22:00,10.13888888888889,4.4
2025-02-23T23:00,10.444444444444445,4.2
2025-02-24T00:00,10.722222222222223,5.2
2025-02-24T01:00,10.916666666666666,5.9
2025-02-24T02:00,10.944444444444445,6.8
2025-02-24T03:00,11.194444444444443,7.4
2025-02-24T04:00,11.472222222222221,7.9
2025-02-24T05:00,11.0,8.1
2025-02-24T06:00,10.944444444444445,8.1
2025-02-24T07:00,11.555555555555555,7.6
2025-02-24T08:00,11.61111111111111,7.6
2025-02-24T09:00,11.555555555555555,7.7
2025-02-24T10:00,11.277777777777779,7.9
2025-02-24T11:00,11.194444444444443,7.5
2025-02-24T12:00,11.083333333333332,7.7
2025-02-24T13:00,10.88888888888889,7.9
2025-02-24T14:00,10.611111111111112,7.9
2025-02-24T15:00,10.083333333333332,8.0
2025-02-24T16:00,9.805555555555555,8.1
2025-02-24T17:00,9.5,8.1
2025-02-24T18:00,8.722222222222221,7.9
2025-02-24T19:00,8.027777777777777,7.8
2025-02-24T20:00,8.0,7.7
2025-02-24T21:00,8.472222222222221,7.6
2025-02-24T22:00,8.36111111111111,7.2
2025-02-24T23:00,7.666666666666667,6.8
2025-02-25T00:00,7.722222222222222,6.4
2025-02-25T01:00,7.638888888888888,6.2
2025-02-25T02:00,7.138888888888888,6.2
2025-02-25T03:00,6.916666666666666,6.4
2025-02-25T04:00,6.888888888888889,6.4
2025-02-25T05:00,6.361111111111111,6.3
2025-02-25T06:00,6.194444444444445,6.2
2025-02-25T07:00,6.194444444444445,6.0
2025-02-25T08:00,6.388888888888888,5.8
2025-02-25T09:00,5.861111111111112,5.8
2025-02-25T10:00,6.027777777777778,6.0
2025-02-25T11:00,6.305555555555555,6.4
2025-02-25T12:00,5.666666666666666,6.8
2025-02-25T13:00,5.694444444444445,7.7
2025-02-25T14:00,6.444444444444444,8.5
2025-02-25T15:00,7.0,8.8
2025-02-25T16:00,6.833333333333334,8.8
2025-02-25T17:00,6.361111111111111,8.1
2025-02-25T18:00,7.611111111111111,6.7
2025-02-25T19:00,6.833333333333334,6.0
2025-02-25T20:00,7.138888888888888,5.7
2025-02-25T21:00,7.25,5.2
2025-02-25T22:00,6.527777777777778,5.3
2025-02-25T23:00,6.222222222222221,5.0
2025-02-26T00:00,6.0,4.8
2025-02-26T01:00,5.611111111111111,4.7
2025-02-26T02:00,5.555555555555555,4.6
2025-02-26T03:00,5.777777777777778,4.0
2025-02-26T04:00,5.361111111111112,3.9
2025-02-26T05:00,5.722222222222222,3.7
2025-02-26T06:00,5.361111111111112,3.8
2025-02-26T07:00,5.083333333333333,3.5
2025-02-26T08:00,5.166666666666667,3.5
2025-02-26T09:00,4.916666666666666,3.5
2025-02-26T10:00,4.527777777777778,4.0
2025-02-26T11:00,4.361111111111111,4.8
2025-02-26T12:00,4.333333333333333,5.6
2025-02-26T13:00,4.416666666666667,5.9
2025-02-26T14:00,4.166666666666667,6.2
2025-02-26T15:00,3.861111111111111,6.4
2025-02-26T16:00,3.7777777777777777,6.7
2025-02-26T17:00,3.1666666666666665,6.8
2025-02-26T18:00,2.833333333333333,6.7
2025-02-26T19:00,3.0277777777777777,5.8
2025-02-26T20:00,2.638888888888889,5.1
2025-02-26T21:00,2.9166666666666665,4.8
2025-02-26T22:00,3.1666666666666665,3.7
2025-02-26T23:00,3.3055555555555554,2.8
2025-02-27T00:00,2.7222222222222223,2.2
2025-02-27T01:00,4.027777777777778,1.5
2025-02-27T02:00,4.388888888888889,1.5
2025-02-27T03:00,3.75,1.9
2025-02-27T04:00,3.0277777777777777,1.9
2025-02-27T05:00,2.388888888888889,1.8
2025-02-27T06:00,1.6944444444444442,1.8
2025-02-27T07:00,2.0,1.7
2025-02-27T08:00,2.0,1.5
2025-02-27T09:00,2.1944444444444446,1.6
2025-02-27T10:00,2.305555555555556,1.8
2025-02-27T11:00,2.0,2.1
2025-02-27T12:00,2.361111111111111,3.2
2025-02-27T13:00,2.861111111111111,4.3
2025-02-27T14:00,2.888888888888889,5.2
2025-02-27T15:00,1.5833333333333333,4.9
2025-02-27T16:00,1.6944444444444442,5.3
2025-02-27T17:00,2.2222222222222223,4.9
2025-02-27T18:00,2.0,4.4
2025-02-27T19:00,2.055555555555556,3.8
2025-02-27T20:00,1.3333333333333333,3.2
2025-02-27T21:00,0.6666666666666666,2.5
2025-02-27T22:00,0.6666666666666666,2.3
2025-02-27T23:00,1.75,2.3
2025-02-28T00:00,1.8611111111111112,2.2
2025-02-28T01:00,1.8611111111111112,2.2
2025-02-28T02:00,1.8055555555555556,2.0
2025-02-28T03:00,1.5,1.7
2025-02-28T04:00,1.3333333333333333,1.9
2025-02-28T05:00,1.8611111111111112,2.0
2025-02-28T06:00,2.305555555555556,1.9
2025-02-28T07:00,2.2222222222222223,1.5
2025-02-28T08:00,2.2777777777777777,1.4
2025-02-28T09:00,2.111111111111111,1.2
2025-02-28T10:00,1.5833333333333333,1.4
2025-02-28T11:00,1.972222222222222,1.9
2025-02-28T12:00,1.9444444444444444,2.6
2025-02-28T13:00,1.6666666666666665,3.7
2025-02-28T14:00,1.611111111111111,4.9
2025-02-28T15:00,2.0,4.3
2025-02-28T16:00,2.0,4.7
2025-02-28T17:00,1.972222222222222,4.7
2025-02-28T18:00,2.0833333333333335,4.2
2025-02-28T19:00,3.194444444444444,2.5
2025-02-28T20:00,3.6944444444444446,1.5
2025-02-28T21:00,2.888888888888889,1.0
2025-02-28T22:00,2.25,0.4
2025-02-28T23:00,2.2222222222222223,-0.2
2025-03-01T00:00,2.25,-0.4
2025-03-01T01:00,3.9166666666666665,-0.3
2025-03-01T02:00,5.277777777777778,-1.2
2025-03-01T03:00,4.138888888888889,-0.1
2025-03-01T04:00,5.027777777777778,-0.6
2025-03-01T05:00,6.25,-0.5
2025-03-01T06:00,6.527777777777778,0.0
2025-03-01T07:00,6.499999999999999,0.8
2025-03-01T08:00,7.111111111111112,1.5
2025-03-01T09:00,7.166666666666667,2.2
2025-03-01T10:00,7.027777777777778,3.4
2025-03-01T11:00,6.583333333333333,5.3
2025-03-01T12:00,7.722222222222222,6.6
2025-03-01T13:00,7.555555555555555,7.2
2025-03-01T14:00,7.861111111111111,7.7
2025-03-01T15:00,8.694444444444445,7.2
2025-03-01T16:00,8.555555555555555,7.1
2025-03-01T17:00,8.5,6.9
2025-03-01T18:00,8.61111111111111,6.0
2025-03-01T19:00,8.944444444444445,4.9
2025-03-01T20:00,9.166666666666666,4.4
2025-03-01T21:00,9.11111111111111,4.1
2025-03-01T22:00,9.277777777777777,4.1
2025-03-01T23:00,9.527777777777777,4.4
2025-03-02T00:00,9.249999999999998,5.0
2025-03-02T01:00,9.249999999999998,5.2
2025-03-02T02:00,9.527777777777777,5.2
2025-03-02T03:00,8.916666666666666,5.6
2025-03-02T04:00,8.527777777777777,5.6
2025-03-02T05:00,8.944444444444445,5.2
2025-03-02T06:00,9.277777777777777,4.4
2025-03-02T07:00,9.583333333333334,4.3
2025-03-02T08:00,9.86111111111111,4.3
2025-03-02T09:00,10.444444444444445,4.7
2025-03-02T10:00,10.611111111111112,5.8
2025-03-02T11:00,9.722222222222221,7.1
2025-03-02T12:00,9.722222222222221,7.9
2025-03-02T13:00,10.694444444444445,8.6
2025-03-02T14:00,10.88888888888889,8.9
2025-03-02T15:00,11.638888888888888,8.6
2025-03-02T16:00,11.61111111111111,8.1
2025-03-02T17:00,10.88888888888889,7.4
2025-03-02T18:00,10.416666666666666,6.4
2025-03-02T19:00,10.305555555555555,5.3
2025-03-02T20:00,10.499999999999998,4.7
2025-03-02T21:00,10.777777777777777,4.4
2025-03-02T22:00,11.5,4.3
2025-03-02T23:00,11.972222222222223,4.3
2025-03-03T00:00,11.638888888888888,4.2
2025-03-03T01:00,11.888888888888888,4.6
2025-03-03T02:00,11.916666666666666,4.8
2025-03-03T03:00,11.61111111111111,5.2
2025-03-03T04:00,11.444444444444445,5.6
2025-03-03T05:00,11.416666666666666,5.7
2025-03-03T06:00,11.25,5.8
2025-03-03T07:00,11.638888888888888,5.8
2025-03-03T08:00,12.166666666666666,5.6
2025-03-03T09:00,12.13888888888889,5.6
2025-03-03T10:00,11.833333333333334,6.2
2025-03-03T11:00,9.388888888888888,7.3
2025-03-03T12:00,10.666666666666666,8.2
2025-03-03T13:00,13.75,9.1
2025-03-03T14:00,12.694444444444445,9.1
2025-03-03T15:00,13.138888888888888,9.6
2025-03-03T16:00,11.833333333333334,9.1
2025-03-03T17:00,11.027777777777779,8.7
2025-03-03T18:00,11.38888888888889,7.7
2025-03-03T19:00,11.25,6.6
2025-03-03T20:00,11.222222222222221,5.9
2025-03-03T21:00,11.13888888888889,5.7
2025-03-03T22:00,11.472222222222221,5.6
2025-03-03T23:00,11.555555555555555,5.4
2025-03-04T00:00,11.666666666666666,5.2
2025-03-04T01:00,11.472222222222221,5.2
2025-03-04T02:00,11.11111111111111,5.1
2025-03-04T03:00,11.083333333333332,5.0
2025-03-04T04:00,11.527777777777777,4.8
2025-03-04T05:00,11.333333333333332,4.7
2025-03-04T06:00,11.305555555555555,4.6
2025-03-04T07:00,11.0,4.6
2025-03-04T08:00,10.944444444444445,4.9
2025-03-04T09:00,11.166666666666668,5.1
2025-03-04T10:00,11.916666666666666,6.2
2025-03-04T11:00,13.027777777777777,7.3
2025-03-04T12:00,12.11111111111111,8.1
2025-03-04T13:00,13.944444444444445,9.1
2025-03-04T14:00,12.583333333333332,9.4
2025-03-04T15:00,12.527777777777779,8.6
2025-03-04T16:00,12.055555555555555,8.2
2025-03-04T17:00,11.916666666666666,7.8
2025-03-04T18:00,11.972222222222223,7.8
2025-03-04T19:00,12.444444444444443,6.9
2025-03-04T20:00,13.138888888888888,6.6
2025-03-04T21:00,13.944444444444445,6.5
2025-03-04T22:00,14.388888888888888,6.4
2025-03-04T23:00,14.277777777777777,6.2
2025-03-05T00:00,14.444444444444445,6.1
2025-03-05T01:00,14.166666666666666,6.1
2025-03-05T02:00,14.277777777777777,6.2
2025-03-05T03:00,14.194444444444445,6.4
2025-03-05T04:00,14.86111111111111,6.7
2025-03-05T05:00,14.75,6.6
2025-03-05T06:00,14.555555555555555,6.7
2025-03-05T07:00,14.388888888888888,6.7
2025-03-05T08:00,14.11111111111111,7.1
2025-03-05T09:00,13.722222222222221,7.2
2025-03-05T10:00,13.805555555555555,7.7
2025-03-05T11:00,13.277777777777777,8.1
2025-03-05T12:00,12.222222222222221,8.5
2025-03-05T13:00,14.36111111111111,9.4
2025-03-05T14:00,15.25,9.2
2025-03-05T15:00,13.472222222222221,9.1
2025-03-05T16:00,13.5,9.6
2025-03-05T17:00,14.694444444444443,8.6
2025-03-05T18:00,14.388888888888888,8.1
2025-03-05T19:00,14.61111111111111,7.8
2025-03-05T20:00,14.444444444444445,7.7
2025-03-05T21:00,14.277777777777777,7.3
2025-03-05T22:00,14.249999999999998,7.2
2025-03-05T23:00,14.055555555555555,7.2
2025-03-06T00:00,13.25,7.0
2025-03-06T01:00,12.833333333333334,6.9
2025-03-06T02:00,12.166666666666666,6.9
2025-03-06T03:00,11.694444444444445,6.8
2025-03-06T04:00,11.638888888888888,6.7
2025-03-06T05:00,11.583333333333334,6.7
2025-03-06T06:00,12.0,6.8
2025-03-06T07:00,11.861111111111112,6.8
2025-03-06T08:00,11.5,6.2
2025-03-06T09:00,11.166666666666668,6.7
2025-03-06T10:00,10.25,7.2
2025-03-06T11:00,9.388888888888888,8.2
2025-03-06T12:00,9.027777777777777,9.3
2025-03-06T13:00,9.055555555555555,10.2
2025-03-06T14:00,9.083333333333334,10.8
2025-03-06T15:00,8.472222222222221,11.4
2025-03-06T16:00,8.36111111111111,11.3
2025-03-06T17:00,8.305555555555555,10.9
2025-03-06T18:00,8.36111111111111,9.9
2025-03-06T19:00,7.944444444444445,8.4
2025-03-06T20:00,7.861111111111111,7.4
2025-03-06T21:00,8.166666666666666,6.8
2025-03-06T22:00,7.944444444444445,6.0
2025-03-06T23:00,7.916666666666666,5.4
2025-03-07T00:00,8.416666666666666,5.1
2025-03-07T01:00,8.5,5.1
2025-03-07T02:00,8.277777777777779,5.1
2025-03-07T03:00,7.777777777777778,4.4
2025-03-07T04:00,7.555555555555555,4.3
2025-03-07T05:00,7.5,4.3
2025-03-07T06:00,7.749999999999999,4.7
2025-03-07T07:00,7.555555555555555,4.8
2025-03-07T08:00,7.583333333333333,4.7
2025-03-07T09:00,7.972222222222221,5.4
2025-03-07T10:00,8.055555555555555,7.2
2025-03-07T11:00,8.805555555555555,8.9
2025-03-07T12:00,5.638888888888889,10.9
2025-03-07T13:00,5.305555555555556,12.7
2025-03-07T14:00,6.166666666666666,13.9
2025-03-07T15:00,7.805555555555555,14.6
2025-03-07T16:00,3.5,11.1
2025-03-07T17:00,3.611111111111111,11.1
2025-03-07T18:00,5.249999999999999,11.6
2025-03-07T19:00,6.111111111111111,10.9
2025-03-07T20:00,6.388888888888888,9.7
2025-03-07T21:00,6.444444444444444,8.2
2025-03-07T22:00,6.75,7.6
2025-03-07T23:00,6.472222222222222,6.8
2025-03-08T00:00,5.416666666666667,6.1
2025-03-08T01:00,5.333333333333333,5.6
2025-03-08T02:00,5.444444444444445,5.2
2025-03-08T03:00,5.249999999999999,5.2
2025-03-08T04:00,5.138888888888888,4.9
2025-03-08T05:00,4.611111111111112,4.7
2025-03-08T06:00,3.8333333333333335,4.2
2025-03-08T07:00,3.222222222222222,3.7
2025-03-08T08:00,2.4444444444444446,3.5
2025-03-08T09:00,1.6388888888888888,4.6
2025-03-08T10:00,0.6944444444444444,5.8
2025-03-08T11:00,2.305555555555556,7.4
2025-03-08T12:00,2.7777777777777777,9.4
2025-03-08T13:00,2.5833333333333335,10.9
2025-03-08T14:00,2.638888888888889,12.1
2025-03-08T15:00,3.3611111111111107,12.9
2025-03-08T16:00,4.027777777777778,12.1
2025-03-08T17:00,4.5,10.7
2025-03-08T18:00,4.75,8.9
2025-03-08T19:00,5.444444444444445,7.2
2025-03-08T20:00,5.777777777777778,5.9
2025-03-08T21:00,5.666666666666666,5.7
2025-03-08T22:00,5.472222222222222,5.4
2025-03-08T23:00,5.388888888888888,5.3
2025-03-09T00:00,5.222222222222222,4.9
2025-03-09T01:00,5.083333333333333,4.2
2025-03-09T02:00,4.888888888888889,3.8
2025-03-09T03:00,4.888888888888889,2.9
2025-03-09T04:00,4.194444444444445,3.0
2025-03-09T05:00,3.555555555555556,3.2
2025-03-09T06:00,3.0555555555555554,3.2
2025-03-09T07:00,2.972222222222222,3.2
2025-03-09T08:00,2.6666666666666665,3.2
2025-03-09T09:00,2.611111111111111,3.4
2025-03-09T10:00,3.138888888888889,3.8
2025-03-09T11:00,3.4444444444444446,4.8
2025-03-09T12:00,3.5,6.4
2025-03-09T13:00,3.5,8.2
2025-03-09T14:00,3.0277777777777777,9.0
2025-03-09T15:00,3.0555555555555554,10.9
2025-03-09T16:00,3.1666666666666665,11.2
2025-03-09T17:00,3.083333333333333,10.8
2025-03-09T18:00,3.2499999999999996,9.5
2025-03-09T19:00,3.6944444444444446,7.5
2025-03-09T20:00,4.194444444444445,5.9
2025-03-09T21:00,4.416666666666667,5.3
2025-03-09T22:00,4.75,5.0
2025-03-09T23:00,4.75,4.8
2025-03-10T00:00,4.638888888888888,4.3
2025-03-10T01:00,5.055555555555555,4.1
2025-03-10T02:00,5.083333333333333,4.1
2025-03-10T03:00,5.472222222222222,3.7
2025-03-10T04:00,4.722222222222222,3.5
2025-03-10T05:00,3.555555555555556,2.5
2025-03-10T06:00,3.0,2.0
2025-03-10T07:00,3.2777777777777777,0.9
2025-03-10T08:00,4.0,0.3
2025-03-10T09:00,4.277777777777778,1.5
2025-03-10T10:00,2.888888888888889,3.0
2025-03-10T11:00,1.7222222222222223,5.0
2025-03-10T12:00,1.3888888888888888,6.9
2025-03-10T13:00,1.5,9.1
2025-03-10T14:00,2.5833333333333335,10.8
2025-03-10T15:00,4.222222222222222,10.9
2025-03-10T16:00,5.333333333333333,9.4
2025-03-10T17:00,5.305555555555556,7.8
2025-03-10T18:00,5.0,6.7
2025-03-10T19:00,4.444444444444445,6.1
2025-03-10T20:00,4.333333333333333,5.9
2025-03-10T21:00,4.138888888888889,5.8
2025-03-10T22:00,4.527777777777778,5.6
2025-03-10T23:00,4.666666666666667,4.8
2025-03-11T00:00,4.75,4.5
2025-03-11T01:00,5.638888888888889,4.3
2025-03-11T02:00,5.972222222222222,4.2
2025-03-11T03:00,4.888888888888889,4.0
2025-03-11T04:00,5.111111111111111,3.6
2025-03-11T05:00,4.972222222222221,3.3
2025-03-11T06:00,4.805555555555555,3.3
2025-03-11T07:00,4.472222222222222,3.5
2025-03-11T08:00,4.444444444444445,3.5
2025-03-11T09:00,5.166666666666667,3.7
2025-03-11T10:00,5.944444444444444,4.0
2025-03-11T11:00,6.583333333333333,4.2
2025-03-11T12:00,5.5,4.3
2025-03-11T13:00,5.055555555555555,4.2
2025-03-11T14:00,4.5,4.1
2025-03-11T15:00,3.194444444444444,2.8
2025-03-11T16:00,2.944444444444444,2.5
2025-03-11T17:00,2.7222222222222223,2.5
2025-03-11T18:00,2.833333333333333,2.6
2025-03-11T19:00,2.694444444444444,2.6
2025-03-11T20:00,2.9166666666666665,2.7
2025-03-11T21:00,3.1666666666666665,2.7
2025-03-11T22:00,3.1111111111111107,2.9
2025-03-11T23:00,3.638888888888889,3.3
2025-03-12T00:00,3.9722222222222223,3.6
2025-03-12T01:00,2.972222222222222,3.6
2025-03-12T02:00,3.6666666666666665,3.5
2025-03-12T03:00,4.694444444444444,3.2
2025-03-12T04:00,4.583333333333333,3.2
2025-03-12T05:00,4.305555555555555,3.3
2025-03-12T06:00,3.8333333333333335,3.4
2025-03-12T07:00,5.0,3.0
2025-03-12T08:00,5.805555555555555,2.5
2025-03-12T09:00,4.944444444444445,2.6
2025-03-12T10:00,3.555555555555556,3.0
2025-03-12T11:00,3.7777777777777777,3.3
2025-03-12T12:00,3.6666666666666665,4.3
2025-03-12T13:00,3.75,5.1
2025-03-12T14:00,4.555555555555555,4.3
2025-03-12T15:00,5.388888888888888,5.1
2025-03-12T16:00,5.583333333333334,4.7
2025-03-12T17:00,5.527777777777778,4.5
2025-03-12T18:00,5.138888888888888,4.2
2025-03-12T19:00,4.861111111111111,3.7
2025-03-12T20:00,5.111111111111111,3.3
2025-03-12T21:00,5.5,2.5
2025-03-12T22:00,4.611111111111112,2.5
2025-03-12T23:00,4.638888888888888,2.2
2025-03-13T00:00,5.055555555555555,2.0
2025-03-13T01:00,5.277777777777778,2.0
2025-03-13T02:00,5.972222222222222,1.9
2025-03-13T03:00,5.5,1.6
2025-03-13T04:00,6.222222222222221,1.4
2025-03-13T05:00,8.38888888888889,1.1
2025-03-13T06:00,9.222222222222223,1.1
2025-03-13T07:00,8.083333333333334,1.2
2025-03-13T08:00,7.055555555555555,1.3
2025-03-13T09:00,6.527777777777778,1.5
2025-03-13T10:00,5.111111111111111,2.2
2025-03-13T11:00,4.416666666666667,3.0
2025-03-13T12:00,4.055555555555555,3.7
2025-03-13T13:00,4.527777777777778,3.7
2025-03-13T14:00,7.055555555555555,2.8
2025-03-13T15:00,7.111111111111112,3.3
2025-03-13T16:00,7.027777777777778,3.0
2025-03-13T17:00,7.555555555555555,2.5
2025-03-13T18:00,7.777777777777778,2.0
2025-03-13T19:00,7.333333333333333,1.6
2025-03-13T20:00,6.888888888888889,1.2
2025-03-13T21:00,6.305555555555555,0.9
2025-03-13T22:00,6.027777777777778,0.6
2025-03-13T23:00,6.083333333333333,0.3
2025-03-14T00:00,5.833333333333333,-0.1
2025-03-14T01:00,5.833333333333333,-1.2
2025-03-14T02:00,6.305555555555555,-1.8
2025-03-14T03:00,6.722222222222221,-2.0
2025-03-14T04:00,6.333333333333333,-2.0
2025-03-14T05:00,5.722222222222222,-1.9
2025-03-14T06:00,4.888888888888889,-1.8
2025-03-14T07:00,3.9166666666666665,-1.9
2025-03-14T08:00,2.9166666666666665,-2.1
2025-03-14T09:00,2.138888888888889,-0.9
2025-03-14T10:00,1.6666666666666665,0.4
2025-03-14T11:00,1.8055555555555556,1.7
2025-03-14T12:00,2.861111111111111,2.9
2025-03-14T13:00,3.3611111111111107,3.8
2025-03-14T14:00,3.555555555555556,4.6
2025-03-14T15:00,3.6666666666666665,4.7
2025-03-14T16:00,3.8055555555555554,4.7
2025-03-14T17:00,4.027777777777778,4.4
2025-03-14T18:00,4.444444444444445,3.5
2025-03-14T19:00,5.027777777777778,1.9
2025-03-14T20:00,5.083333333333333,0.6
2025-03-14T21:00,4.083333333333333,-0.4
2025-03-14T22:00,2.8055555555555554,-0.6
2025-03-14T23:00,2.1944444444444446,-0.5
2025-03-15T00:00,2.2777777777777777,-0.6
2025-03-15T01:00,3.555555555555556,0.3
2025-03-15T02:00,4.583333333333333,0.3
2025-03-15T03:00,4.5,-0.2
2025-03-15T04:00,5.027777777777778,-0.6
2025-03-15T05:00,5.694444444444445,-1.1
2025-03-15T06:00,6.472222222222222,-1.4
2025-03-15T07:00,7.111111111111112,-1.2
2025-03-15T08:00,7.749999999999999,-0.9
2025-03-15T09:00,8.36111111111111,0.4
2025-03-15T10:00,9.0,2.2
2025-03-15T11:00,6.75,4.1
2025-03-15T12:00,7.833333333333333,5.8
2025-03-15T13:00,7.944444444444445,6.6
2025-03-15T14:00,8.61111111111111,6.5
2025-03-15T15:00,8.38888888888889,6.1
2025-03-15T16:00,8.583333333333332,5.4
2025-03-15T17:00,7.611111111111111,4.7
2025-03-15T18:00,7.722222222222222,4.7
2025-03-15T19:00,8.472222222222221,3.8
2025-03-15T20:00,8.416666666666666,3.2
2025-03-15T21:00,8.5,2.9
2025-03-15T22:00,8.722222222222221,2.9
2025-03-15T23:00,8.61111111111111,2.8
2025-03-16T00:00,9.083333333333334,2.8
2025-03-16T01:00,9.305555555555555,3.0
2025-03-16T02:00,9.777777777777779,3.2
2025-03-16T03:00,9.88888888888889,4.8
2025-03-16T04:00,10.166666666666666,5.0
2025-03-16T05:00,9.916666666666668,5.1
2025-03-16T06:00,9.944444444444443,5.2
2025-03-16T07:00,9.75,5.4
2025-03-16T08:00,9.472222222222223,5.2
2025-03-16T09:00,8.777777777777779,5.4
2025-03-16T10:00,7.333333333333333,6.3
2025-03-16T11:00,6.499999999999999,7.5
2025-03-16T12:00,7.416666666666666,8.4
2025-03-16T13:00,7.694444444444444,8.6
2025-03-16T14:00,8.944444444444445,8.8
2025-03-16T15:00,10.36111111111111,7.8
2025-03-16T16:00,10.13888888888889,6.7
2025-03-16T17:00,8.222222222222223,6.1
2025-03-16T18:00,7.388888888888889,5.6
2025-03-16T19:00,8.666666666666666,4.4
2025-03-16T20:00,8.61111111111111,3.1
2025-03-16T21:00,8.694444444444445,2.5
2025-03-16T22:00,8.416666666666666,2.0
2025-03-16T23:00,8.527777777777777,1.9
2025-03-17T00:00,8.166666666666666,1.6
2025-03-17T01:00,7.972222222222221,1.2
2025-03-17T02:00,7.583333333333333,0.9
2025-03-17T03:00,6.333333333333333,-0.1
2025-03-17T04:00,5.527777777777778,-0.4
2025-03-17T05:00,4.194444444444445,-0.9
2025-03-17T06:00,3.0277777777777777,-1.6
2025-03-17T07:00,1.8333333333333333,-1.8
2025-03-17T08:00,1.5555555555555554,-1.2
2025-03-17T09:00,2.25,0.2
2025-03-17T10:00,3.0,1.8
2025-03-17T11:00,2.9166666666666665,3.2
2025-03-17T12:00,3.5,4.2
2025-03-17T13:00,5.0,5.2
2025-03-17T14:00,6.111111111111111,5.9
2025-03-17T15:00,9.722222222222221,6.2
2025-03-17T16:00,10.638888888888888,5.8
2025-03-17T17:00,11.027777777777779,5.9
2025-03-17T18:00,9.63888888888889,5.3
2025-03-17T19:00,9.416666666666666,4.2
2025-03-17T20:00,9.722222222222221,3.2
2025-03-17T21:00,9.527777777777777,2.7
2025-03-17T22:00,8.972222222222221,2.7
2025-03-17T23:00,9.277777777777777,2.9
2025-03-18T00:00,9.11111111111111,2.6
2025-03-18T01:00,9.138888888888888,2.3
2025-03-18T02:00,8.944444444444445,2.2
2025-03-18T03:00,8.027777777777777,2.0
2025-03-18T04:00,7.416666666666666,1.8
2025-03-18T05:00,6.805555555555555,1.6
2025-03-18T06:00,6.805555555555555,1.5
2025-03-18T07:00,7.361111111111111,1.4
2025-03-18T08:00,7.194444444444444,1.5
2025-03-18T09:00,6.694444444444445,2.8
2025-03-18T10:00,6.916666666666666,4.5
2025-03-18T11:00,6.138888888888889,6.2
2025-03-18T12:00,6.75,7.4
2025-03-18T13:00,7.333333333333333,7.9
2025-03-18T14:00,7.888888888888888,8.1
2025-03-18T15:00,7.805555555555555,7.9
2025-03-18T16:00,8.305555555555555,7.4
2025-03-18T17:00,8.5,7.2
2025-03-18T18:00,8.694444444444445,6.6
2025-03-18T19:00,9.027777777777777,5.3
2025-03-18T20:00,9.61111111111111,4.2
2025-03-18T21:00,9.86111111111111,3.7
2025-03-18T22:00,9.805555555555555,3.3
2025-03-18T23:00,9.666666666666666,3.2
2025-03-19T00:00,9.722222222222221,3.0
2025-03-19T01:00,9.722222222222221,2.8
2025-03-19T02:00,9.75,2.8
2025-03-19T03:00,9.305555555555555,3.0
2025-03-19T04:00,9.5,2.9
2025-03-19T05:00,9.5,2.8
2025-03-19T06:00,9.444444444444445,2.7
2025-03-19T07:00,9.444444444444445,2.6
2025-03-19T08:00,9.305555555555555,2.7
2025-03-19T09:00,8.88888888888889,3.8
2025-03-19T10:00,7.805555555555555,5.3
2025-03-19T11:00,7.777777777777778,6.5
2025-03-19T12:00,7.194444444444444,7.6
2025-03-19T13:00,6.611111111111111,8.4
2025-03-19T14:00,6.194444444444445,8.9
2025-03-19T15:00,5.527777777777778,9.3
2025-03-19T16:00,5.194444444444444,9.2
2025-03-19T17:00,5.277777777777778,8.8
2025-03-19T18:00,5.5,8.0
2025-03-19T19:00,5.611111111111111,6.3
2025-03-19T20:00,5.694444444444445,4.5
2025-03-19T21:00,5.5,3.5
2025-03-19T22:00,5.722222222222222,2.8
2025-03-19T23:00,5.75,2.4
2025-03-20T00:00,5.416666666666667,2.0
2025-03-20T01:00,5.222222222222222,1.6
2025-03-20T02:00,5.027777777777778,1.2
2025-03-20T03:00,4.666666666666667,0.9
2025-03-20T04:00,5.416666666666667,0.8
2025-03-20T05:00,5.861111111111112,0.9
2025-03-20T06:00,6.083333333333333,1.4
2025-03-20T07:00,5.944444444444444,1.7
2025-03-20T08:00,5.888888888888888,1.5
2025-03-20T09:00,5.666666666666666,2.2
2025-03-20T10:00,6.027777777777778,3.9
2025-03-20T11:00,3.861111111111111,5.6
2025-03-20T12:00,3.8055555555555554,7.3
2025-03-20T13:00,3.8333333333333335,8.6
2025-03-20T14:00,3.8055555555555554,9.6
2025-03-20T15:00,2.888888888888889,9.6
2025-03-20T16:00,2.4444444444444446,9.5
2025-03-20T17:00,2.5555555555555554,9.1
2025-03-20T18:00,2.305555555555556,8.3
2025-03-20T19:00,4.166666666666667,5.8
2025-03-20T20:00,4.833333333333333,3.4
2025-03-20T21:00,4.027777777777778,2.2
2025-03-20T22:00,3.3611111111111107,1.0
2025-03-20T23:00,3.083333333333333,0.6
2025-03-21T00:00,3.1111111111111107,0.2
2025-03-21T01:00,3.611111111111111,-0.1
2025-03-21T02:00,3.6944444444444446,-0.9
2025-03-21T03:00,5.083333333333333,-1.5
2025-03-21T04:00,4.472222222222222,-1.4
2025-03-21T05:00,5.027777777777778,-1.2
2025-03-21T06:00,5.583333333333334,-0.9
2025-03-21T07:00,5.638888888888889,-0.8
2025-03-21T08:00,5.916666666666667,0.2
2025-03-21T09:00,6.25,2.2
2025-03-21T10:00,6.888888888888889,4.6
2025-03-21T11:00,5.5,5.8
2025-03-21T12:00,6.027777777777778,6.8
2025-03-21T13:00,6.277777777777778,7.5
2025-03-21T14:00,6.972222222222222,7.9
2025-03-21T15:00,7.0,8.1
2025-03-21T16:00,7.25,8.1
2025-03-21T17:00,7.444444444444445,7.9
2025-03-21T18:00,8.166666666666666,7.4
2025-03-21T19:00,8.833333333333334,6.3
2025-03-21T20:00,8.833333333333334,5.2
2025-03-21T21:00,9.166666666666666,4.8
2025-03-21T22:00,10.194444444444445,5.2
2025-03-21T23:00,11.277777777777779,5.2
2025-03-22T00:00,10.833333333333334,4.3
2025-03-22T01:00,11.027777777777779,3.8
2025-03-22T02:00,11.305555555555555,3.6
2025-03-22T03:00,11.416666666666666,3.7
2025-03-22T04:00,11.305555555555555,3.2
2025-03-22T05:00,10.833333333333334,2.5
2025-03-22T06:00,10.25,2.2
2025-03-22T07:00,10.027777777777779,2.1
2025-03-22T08:00,10.277777777777777,2.5
2025-03-22T09:00,9.805555555555555,3.7
2025-03-22T10:00,11.166666666666668,5.0
2025-03-22T11:00,11.027777777777779,5.8
2025-03-22T12:00,11.472222222222221,6.7
2025-03-22T13:00,11.36111111111111,7.5
2025-03-22T14:00,11.222222222222221,8.5
2025-03-22T15:00,11.25,8.6
2025-03-22T16:00,11.472222222222221,8.9
2025-03-22T17:00,10.36111111111111,9.0
2025-03-22T18:00,10.416666666666666,8.5
2025-03-22T19:00,10.916666666666666,7.8
2025-03-22T20:00,10.166666666666666,6.9
2025-03-22T21:00,11.166666666666668,6.4
2025-03-22T22:00,13.222222222222221,6.8
2025-03-22T23:00,12.86111111111111,6.3
2025-03-23T00:00,11.972222222222223,5.8
2025-03-23T01:00,11.527777777777777,5.4
2025-03-23T02:00,11.194444444444443,5.4
2025-03-23T03:00,11.833333333333334,5.7
2025-03-23T04:00,12.11111111111111,5.6
2025-03-23T05:00,12.083333333333332,5.3
2025-03-23T06:00,11.833333333333334,5.2
2025-03-23T07:00,11.833333333333334,5.6
2025-03-23T08:00,11.722222222222223,5.7
2025-03-23T09:00,11.444444444444445,6.2
2025-03-23T10:00,10.055555555555555,6.8
2025-03-23T11:00,10.777777777777777,7.5
2025-03-23T12:00,10.472222222222223,8.1
2025-03-23T13:00,10.722222222222223,8.7
2025-03-23T14:00,10.472222222222223,9.2
2025-03-23T15:00,10.222222222222221,10.0
2025-03-23T16:00,9.63888888888889,10.3
2025-03-23T17:00,8.13888888888889,10.1
2025-03-23T18:00,7.027777777777778,9.6
2025-03-23T19:00,7.694444444444444,8.6
2025-03-23T20:00,7.194444444444444,7.1
2025-03-23T21:00,7.0,6.1
2025-03-23T22:00,7.749999999999999,5.8
2025-03-23T23:00,8.444444444444445,5.5
2025-03-24T00:00,8.63888888888889,4.9
2025-03-24T01:00,8.11111111111111,4.3
2025-03-24T02:00,7.305555555555555,3.8
2025-03-24T03:00,6.805555555555555,3.2
2025-03-24T04:00,6.222222222222221,2.8
2025-03-24T05:00,6.166666666666666,2.5
2025-03-24T06:00,5.777777777777778,2.2
2025-03-24T07:00,6.083333333333333,1.8
2025-03-24T08:00,6.333333333333333,2.0
2025-03-24T09:00,6.499999999999999,3.7
2025-03-24T10:00,4.166666666666667,5.3
2025-03-24T11:00,3.7222222222222223,6.6
2025-03-24T12:00,2.8055555555555554,7.6
2025-03-24T13:00,2.111111111111111,8.6
2025-03-24T14:00,1.7222222222222223,9.4
2025-03-24T15:00,1.7222222222222223,9.9
2025-03-24T16:00,1.6944444444444442,10.4
2025-03-24T17:00,2.2777777777777777,10.9
2025-03-24T18:00,3.333333333333333,11.1
2025-03-24T19:00,4.5,9.8
2025-03-24T20:00,4.805555555555555,7.1
2025-03-24T21:00,4.666666666666667,5.3
2025-03-24T22:00,5.861111111111112,4.6
2025-03-24T23:00,6.611111111111111,4.4
2025-03-25T00:00,7.416666666666666,4.2
2025-03-25T01:00,7.333333333333333,3.9
2025-03-25T02:00,7.555555555555555,4.2
2025-03-25T03:00,7.583333333333333,4.9
2025-03-25T04:00,7.805555555555555,5.3
2025-03-25T05:00,7.749999999999999,5.3
2025-03-25T06:00,8.027777777777777,5.4
2025-03-25T07:00,8.75,5.4
2025-03-25T08:00,9.222222222222223,5.6
2025-03-25T09:00,9.388888888888888,6.1
2025-03-25T10:00,9.333333333333334,7.2
2025-03-25T11:00,9.055555555555555,7.2
2025-03-25T12:00,9.916666666666668,7.2
2025-03-25T13:00,10.027777777777779,8.2
2025-03-25T14:00,10.333333333333334,9.0
2025-03-25T15:00,9.249999999999998,9.1
2025-03-25T16:00,9.305555555555555,9.1
2025-03-25T17:00,8.416666666666666,9.2
2025-03-25T18:00,8.972222222222221,9.1
2025-03-25T19:00,9.083333333333334,8.6
2025-03-25T20:00,10.611111111111112,8.0
2025-03-25T21:00,10.805555555555555,7.3
2025-03-25T22:00,10.36111111111111,6.4
2025-03-25T23:00,9.61111111111111,6.7
2025-03-26T00:00,9.166666666666666,6.4
2025-03-26T01:00,9.0,5.9
2025-03-26T02:00,8.833333333333334,5.8
2025-03-26T03:00,9.361111111111112,5.9
2025-03-26T04:00,8.805555555555555,5.6
2025-03-26T05:00,8.972222222222221,5.3
2025-03-26T06:00,8.0,4.9
2025-03-26T07:00,8.13888888888889,4.6
2025-03-26T08:00,7.166666666666667,4.8
2025-03-26T09:00,6.194444444444445,5.8
2025-03-26T10:00,4.777777777777778,7.6
2025-03-26T11:00,5.055555555555555,8.8
2025-03-26T12:00,4.75,9.6
2025-03-26T13:00,4.611111111111112,10.1
2025-03-26T14:00,4.694444444444444,10.4
2025-03-26T15:00,4.138888888888889,10.6
2025-03-26T16:00,4.194444444444445,10.4
2025-03-26T17:00,5.083333333333333,9.9
2025-03-26T18:00,5.694444444444445,9.2
2025-03-26T19:00,6.111111111111111,8.1
2025-03-26T20:00,6.777777777777777,6.6
2025-03-26T21:00,7.25,5.8
2025-03-26T22:00,7.638888888888888,5.3
2025-03-26T23:00,7.305555555555555,5.2
2025-03-27T00:00,6.611111111111111,5.2
2025-03-27T01:00,7.111111111111112,4.8
2025-03-27T02:00,7.916666666666666,4.9
2025-03-27T03:00,8.833333333333334,5.3
2025-03-27T04:00,8.86111111111111,5.6
2025-03-27T05:00,9.055555555555555,6.1
2025-03-27T06:00,9.138888888888888,6.3
2025-03-27T07:00,9.166666666666666,6.4
2025-03-27T08:00,8.88888888888889,6.7
2025-03-27T09:00,8.444444444444445,7.0
2025-03-27T10:00,10.583333333333334,7.8
2025-03-27T11:00,10.972222222222221,8.6
2025-03-27T12:00,11.0,9.8
2025-03-27T13:00,10.666666666666666,10.6
2025-03-27T14:00,10.388888888888888,11.1
2025-03-27T15:00,10.472222222222223,10.8
2025-03-27T16:00,10.194444444444445,11.0
2025-03-27T17:00,8.277777777777779,11.0
2025-03-27T18:00,8.416666666666666,10.6
2025-03-27T19:00,8.36111111111111,10.0
2025-03-27T20:00,8.61111111111111,8.9
2025-03-27T21:00,8.777777777777779,7.9
2025-03-27T22:00,9.138888888888888,7.2
2025-03-27T23:00,9.083333333333334,6.8
2025-03-28T00:00,8.833333333333334,6.8
2025-03-28T01:00,8.88888888888889,6.6
2025-03-28T02:00,9.11111111111111,6.6
2025-03-28T03:00,9.416666666666666,6.3
2025-03-28T04:00,8.805555555555555,6.2
2025-03-28T05:00,8.86111111111111,6.1
2025-03-28T06:00,9.0,6.2
2025-03-28T07:00,9.583333333333334,7.2
2025-03-28T08:00,10.416666666666666,7.1
2025-03-28T09:00,10.527777777777777,8.2
2025-03-28T10:00,11.749999999999998,9.6
2025-03-28T11:00,11.416666666666666,10.6
2025-03-28T12:00,11.194444444444443,10.9
2025-03-28T13:00,10.972222222222221,11.6
2025-03-28T14:00,10.444444444444445,12.1
2025-03-28T15:00,9.416666666666666,12.2
2025-03-28T16:00,8.75,11.5
2025-03-28T17:00,8.11111111111111,10.9
2025-03-28T18:00,7.749999999999999,10.4
2025-03-28T19:00,7.416666666666666,10.0
2025-03-28T20:00,6.833333333333334,9.6
2025-03-28T21:00,6.861111111111111,9.1
2025-03-28T22:00,6.944444444444445,8.6
2025-03-28T23:00,7.0,8.1
2025-03-29T00:00,6.694444444444445,7.8
2025-03-29T01:00,6.027777777777778,7.4
2025-03-29T02:00,5.416666666666667,7.1
2025-03-29T03:00,5.833333333333333,6.5
2025-03-29T04:00,6.027777777777778,5.7
2025-03-29T05:00,6.027777777777778,5.2
2025-03-29T06:00,6.638888888888888,4.4
2025-03-29T07:00,6.972222222222222,4.1
2025-03-29T08:00,6.972222222222222,4.4
2025-03-29T09:00,7.555555555555555,5.6
2025-03-29T10:00,7.305555555555555,7.2
2025-03-29T11:00,6.805555555555555,8.3
2025-03-29T12:00,7.166666666666667,9.4
2025-03-29T13:00,7.722222222222222,9.9
2025-03-29T14:00,8.25,10.2
2025-03-29T15:00,7.583333333333333,9.6
2025-03-29T16:00,7.194444444444444,9.8
2025-03-29T17:00,7.361111111111111,9.5
2025-03-29T18:00,7.749999999999999,8.7
2025-03-29T19:00,7.333333333333333,7.8
2025-03-29T20:00,6.722222222222221,6.5
2025-03-29T21:00,7.25,5.7
2025-03-29T22:00,7.277777777777778,4.9
2025-03-29T23:00,7.444444444444445,4.7
2025-03-30T00:00,8.13888888888889,4.6
2025-03-30T01:00,8.722222222222221,4.8
2025-03-30T02:00,8.916666666666666,5.0
2025-03-30T03:00,9.75,5.0
2025-03-30T04:00,11.36111111111111,4.8
2025-03-30T05:00,11.805555555555555,4.8
2025-03-30T06:00,11.416666666666666,4.7
2025-03-30T07:00,10.055555555555555,4.6
2025-03-30T08:00,7.694444444444444,4.8
2025-03-30T09:00,4.361111111111111,5.1
2025-03-30T10:00,4.555555555555555,6.5
2025-03-30T11:00,6.833333333333334,7.8
2025-03-30T12:00,8.194444444444445,8.1
2025-03-30T13:00,9.055555555555555,8.6
2025-03-30T14:00,9.055555555555555,8.7
2025-03-30T15:00,8.0,8.5
2025-03-30T16:00,8.63888888888889,8.1
2025-03-30T17:00,8.166666666666666,7.6
2025-03-30T18:00,8.777777777777779,7.1
2025-03-30T19:00,8.944444444444445,6.8
2025-03-30T20:00,9.138888888888888,6.2
2025-03-30T21:00,9.277777777777777,5.5
2025-03-30T22:00,9.055555555555555,5.1
2025-03-30T23:00,8.722222222222221,4.9
2025-03-31T00:00,8.25,4.8
2025-03-31T01:00,7.805555555555555,4.5
2025-03-31T02:00,7.194444444444444,4.2
2025-03-31T03:00,7.444444444444445,4.4
2025-03-31T04:00,6.944444444444445,4.1
2025-03-31T05:00,6.777777777777777,3.8
2025-03-31T06:00,6.916666666666666,3.8
2025-03-31T07:00,7.111111111111112,3.7
2025-03-31T08:00,6.111111111111111,4.2
2025-03-31T09:00,6.027777777777778,5.7
2025-03-31T10:00,4.388888888888889,7.1
2025-03-31T11:00,4.972222222222221,8.4
2025-03-31T12:00,5.611111111111111,9.3
2025-03-31T13:00,5.638888888888889,9.9
2025-03-31T14:00,6.0,10.1
2025-03-31T15:00,5.222222222222222,9.6
2025-03-31T16:00,5.416666666666667,9.4
2025-03-31T17:00,5.611111111111111,9.0
2025-03-31T18:00,4.861111111111111,8.4
2025-03-31T19:00,4.666666666666667,7.3
2025-03-31T20:00,4.666666666666667,5.6
2025-03-31T21:00,3.861111111111111,4.8
2025-03-31T22:00,5.416666666666667,4.6
2025-03-31T23:00,5.805555555555555,4.3
2025-04-01T00:00,5.222222222222222,4.1
2025-04-01T01:00,5.5,3.9
2025-04-01T02:00,5.305555555555556,3.8
2025-04-01T03:00,4.0,3.6
2025-04-01T04:00,2.7222222222222223,3.2
2025-04-01T05:00,2.944444444444444,3.2
2025-04-01T06:00,3.4722222222222223,2.5
2025-04-01T07:00,3.2777777777777777,2.5
2025-04-01T08:00,3.2777777777777777,3.2
2025-04-01T09:00,3.4722222222222223,5.0
2025-04-01T10:00,2.638888888888889,7.0
2025-04-01T11:00,1.8888888888888888,9.1
2025-04-01T12:00,1.8055555555555556,10.9
2025-04-01T13:00,1.75,12.5
2025-04-01T14:00,1.5277777777777777,13.6
2025-04-01T15:00,0.6944444444444444,14.1
2025-04-01T16:00,0.4722222222222222,14.4
2025-04-01T17:00,1.0555555555555556,14.3
2025-04-01T18:00,2.1944444444444446,13.6
2025-04-01T19:00,4.083333333333333,11.8
2025-04-01T20:00,4.027777777777778,9.2
2025-04-01T21:00,3.4722222222222223,7.2
2025-04-01T22:00,3.5833333333333335,6.2
2025-04-01T23:00,3.5277777777777777,5.5
2025-04-02T00:00,3.083333333333333,4.9
2025-04-02T01:00,2.5555555555555554,4.4
2025-04-02T02:00,2.4722222222222223,4.2
2025-04-02T03:00,3.1111111111111107,3.3
2025-04-02T04:00,3.138888888888889,3.0
2025-04-02T05:00,2.6666666666666665,2.8
2025-04-02T06:00,1.6944444444444442,2.9
2025-04-02T07:00,1.0555555555555556,3.0
2025-04-02T08:00,0.9444444444444444,4.2
2025-04-02T09:00,1.027777777777778,6.2
2025-04-02T10:00,1.6666666666666665,8.6
2025-04-02T11:00,1.1944444444444444,10.8
2025-04-02T12:00,0.888888888888889,12.6
2025-04-02T13:00,0.9722222222222222,13.9
2025-04-02T14:00,1.3055555555555556,14.6
2025-04-02T15:00,2.2777777777777777,15.2
2025-04-02T16:00,2.5555555555555554,15.1
2025-04-02T17:00,2.7222222222222223,14.8
2025-04-02T18:00,3.1111111111111107,14.0
2025-04-02T19:00,3.3055555555555554,12.4
2025-04-02T20:00,2.7777777777777777,9.9
2025-04-02T21:00,1.8888888888888888,7.8
2025-04-02T22:00,1.3055555555555556,6.2
2025-04-02T23:00,1.0833333333333333,5.1
2025-04-03T00:00,0.5,3.8
2025-04-03T01:00,0.41666666666666663,2.8
2025-04-03T02:00,1.027777777777778,2.5
2025-04-03T03:00,2.4166666666666665,3.2
2025-04-03T04:00,2.5,3.4
2025-04-03T05:00,3.0,3.7
2025-04-03T06:00,3.7777777777777777,4.2
2025-04-03T07:00,4.111111111111112,4.4
2025-04-03T08:00,4.638888888888888,5.6
2025-04-03T09:00,4.5,7.6
2025-04-03T10:00,4.5,9.9
2025-04-03T11:00,3.1111111111111107,12.2
2025-04-03T12:00,3.3888888888888884,13.9
2025-04-03T13:00,3.888888888888889,14.8
2025-04-03T14:00,4.388888888888889,15.4
2025-04-03T15:00,4.305555555555555,16.2
2025-04-03T16:00,4.305555555555555,15.9
2025-04-03T17:00,4.222222222222222,15.3
2025-04-03T18:00,4.555555555555555,14.6
2025-04-03T19:00,5.222222222222222,13.2
2025-04-03T20:00,6.0,10.8
2025-04-03T21:00,6.916666666666666,9.2
2025-04-03T22:00,7.305555555555555,8.1
2025-04-03T23:00,7.749999999999999,7.6
2025-04-04T00:00,8.055555555555555,7.3
2025-04-04T01:00,8.25,7.2
2025-04-04T02:00,8.027777777777777,6.7
2025-04-04T03:00,7.416666666666666,5.9
2025-04-04T04:00,7.333333333333333,5.7
2025-04-04T05:00,6.333333333333333,5.6
2025-04-04T06:00,5.944444444444444,5.4
2025-04-04T07:00,8.083333333333334,5.5
2025-04-04T08:00,8.88888888888889,6.2
2025-04-04T09:00,8.25,7.3
2025-04-04T10:00,8.13888888888889,7.8
2025-04-04T11:00,7.527777777777778,8.5
2025-04-04T12:00,6.611111111111111,9.1
2025-04-04T13:00,6.222222222222221,9.8
2025-04-04T14:00,5.916666666666667,10.2
2025-04-04T15:00,4.638888888888888,10.7
2025-04-04T16:00,4.888888888888889,10.7
2025-04-04T17:00,4.722222222222222,10.2
2025-04-04T18:00,5.305555555555556,9.4
2025-04-04T19:00,5.611111111111111,7.9
2025-04-04T20:00,5.111111111111111,5.9
2025-04-04T21:00,5.194444444444444,4.7
2025-04-04T22:00,5.888888888888888,3.7
2025-04-04T23:00,6.388888888888888,3.4
2025-04-05T00:00,6.916666666666666,3.5
2025-04-05T01:00,7.583333333333333,4.0
2025-04-05T02:00,7.638888888888888,4.0
2025-04-05T03:00,7.944444444444445,4.0
2025-04-05T04:00,7.722222222222222,3.7
2025-04-05T05:00,7.611111111111111,3.5
2025-04-05T06:00,7.083333333333333,3.0
2025-04-05T07:00,7.472222222222221,2.7
2025-04-05T08:00,7.25,3.7
2025-04-05T09:00,5.722222222222222,5.1
2025-04-05T10:00,6.722222222222221,6.8
2025-04-05T11:00,6.972222222222222,7.4
2025-04-05T12:00,6.25,7.4
2025-04-05T13:00,5.722222222222222,7.9
2025-04-05T14:00,5.527777777777778,8.2
2025-04-05T15:00,5.722222222222222,7.9
2025-04-05T16:00,5.916666666666667,7.8
2025-04-05T17:00,5.361111111111112,7.8
2025-04-05T18:00,4.305555555555555,7.4
2025-04-05T19:00,4.222222222222222,6.8
2025-04-05T20:00,3.638888888888889,5.3
2025-04-05T21:00,3.4722222222222223,4.2
2025-04-05T22:00,3.7777777777777777,3.5
2025-04-05T23:00,3.8333333333333335,2.9
2025-04-06T00:00,3.138888888888889,2.5
2025-04-06T01:00,2.8055555555555554,2.4
2025-04-06T02:00,2.1666666666666665,2.0
2025-04-06T03:00,2.6666666666666665,0.9
2025-04-06T04:00,2.861111111111111,0.4
2025-04-06T05:00,2.6666666666666665,0.1
2025-04-06T06:00,2.0833333333333335,0.0
2025-04-06T07:00,2.111111111111111,0.2
2025-04-06T08:00,2.75,2.3
2025-04-06T09:00,2.944444444444444,4.0
2025-04-06T10:00,2.0,6.0
2025-04-06T11:00,2.0277777777777777,7.4
2025-04-06T12:00,2.1666666666666665,8.4
2025-04-06T13:00,2.861111111111111,9.1
2025-04-06T14:00,3.7777777777777777,9.4
2025-04-06T15:00,4.944444444444445,9.6
2025-04-06T16:00,5.5,9.5
2025-04-06T17:00,5.916666666666667,8.9
2025-04-06T18:00,6.444444444444444,8.2
2025-04-06T19:00,6.194444444444445,7.3
2025-04-06T20:00,6.222222222222221,6.1
2025-04-06T21:00,7.0,5.3
2025-04-06T22:00,7.222222222222222,4.8
2025-04-06T23:00,7.138888888888888,4.6
2025-04-07T00:00,6.722222222222221,4.4
2025-04-07T01:00,6.166666666666666,4.2
2025-04-07T02:00,5.527777777777778,4.1
2025-04-07T03:00,5.333333333333333,3.8
2025-04-07T04:00,5.055555555555555,3.7
2025-04-07T05:00,4.75,3.4
2025-04-07T06:00,4.444444444444445,3.0
2025-04-07T07:00,4.222222222222222,3.1
2025-04-07T08:00,3.944444444444444,4.0
2025-04-07T09:00,2.694444444444444,5.4
2025-04-07T10:00,1.5555555555555554,6.9
2025-04-07T11:00,1.8611111111111112,9.1
2025-04-07T12:00,2.3333333333333335,10.9
2025-04-07T13:00,2.9166666666666665,11.9
2025-04-07T14:00,3.0,12.2
2025-04-07T15:00,2.944444444444444,13.0
2025-04-07T16:00,4.472222222222222,13.0
2025-04-07T17:00,4.805555555555555,12.0
2025-04-07T18:00,4.472222222222222,11.1
2025-04-07T19:00,4.055555555555555,10.0
2025-04-07T20:00,5.055555555555555,8.2
2025-04-07T21:00,5.527777777777778,6.8
2025-04-07T22:00,5.138888888888888,6.0
2025-04-07T23:00,4.972222222222221,5.4
2025-04-08T00:00,5.055555555555555,4.9
2025-04-08T01:00,5.0,4.8
2025-04-08T02:00,4.472222222222222,4.5
2025-04-08T03:00,4.5,3.5
2025-04-08T04:00,3.8333333333333335,2.9
2025-04-08T05:00,3.4722222222222223,2.5
2025-04-08T06:00,2.9166666666666665,2.3
2025-04-08T07:00,3.0277777777777777,2.5
2025-04-08T08:00,3.2499999999999996,3.7
2025-04-08T09:00,3.083333333333333,6.0
2025-04-08T10:00,2.111111111111111,8.2
2025-04-08T11:00,1.8055555555555556,9.8
2025-04-08T12:00,1.8333333333333333,10.8
2025-04-08T13:00,1.3055555555555556,11.7
2025-04-08T14:00,0.6388888888888888,12.1
2025-04-08T15:00,0.08333333333333333,12.6
2025-04-08T16:00,0.75,12.6
2025-04-08T17:00,1.472222222222222,12.6
2025-04-08T18:00,3.944444444444444,12.1
2025-04-08T19:00,6.277777777777778,10.3
2025-04-08T20:00,5.361111111111112,7.8
2025-04-08T21:00,3.888888888888889,6.2
2025-04-08T22:00,3.4722222222222223,5.7
2025-04-08T23:00,3.7777777777777777,5.4
2025-04-09T00:00,4.555555555555555,5.0
2025-04-09T01:00,5.111111111111111,4.4
2025-04-09T02:00,5.055555555555555,4.2
2025-04-09T03:00,5.249999999999999,4.2
2025-04-09T04:00,5.638888888888889,4.2
2025-04-09T05:00,5.166666666666667,3.9
2025-04-09T06:00,4.472222222222222,3.8
2025-04-09T07:00,3.861111111111111,3.8
2025-04-09T08:00,3.416666666666667,4.8
2025-04-09T09:00,2.0,6.2
2025-04-09T10:00,1.3888888888888888,7.8
2025-04-09T11:00,1.4166666666666665,9.4
2025-04-09T12:00,1.1944444444444444,10.9
2025-04-09T13:00,0.9722222222222222,12.2
2025-04-09T14:00,0.9444444444444444,13.3
2025-04-09T15:00,2.1944444444444446,13.4
2025-04-09T16:00,3.4722222222222223,13.5
2025-04-09T17:00,4.527777777777778,13.1
2025-04-09T18:00,4.111111111111112,12.7
2025-04-09T19:00,3.888888888888889,11.9
2025-04-09T20:00,4.027777777777778,10.3
2025-04-09T21:00,4.222222222222222,8.8
2025-04-09T22:00,4.527777777777778,7.9
2025-04-09T23:00,4.944444444444445,7.4
2025-04-10T00:00,8.083333333333334,6.6
2025-04-10T01:00,7.888888888888888,5.9
2025-04-10T02:00,7.638888888888888,5.7
2025-04-10T03:00,5.944444444444444,4.9
2025-04-10T04:00,5.0,4.4
2025-04-10T05:00,3.8055555555555554,3.5
2025-04-10T06:00,2.8055555555555554,3.0
2025-04-10T07:00,2.638888888888889,2.8
2025-04-10T08:00,3.222222222222222,4.4
2025-04-10T09:00,3.333333333333333,6.2
2025-04-10T10:00,3.75,8.0
2025-04-10T11:00,5.583333333333334,9.8
2025-04-10T12:00,7.972222222222221,11.1
2025-04-10T13:00,9.5,11.6
2025-04-10T14:00,10.027777777777779,11.5
2025-04-10T15:00,10.88888888888889,11.4
2025-04-10T16:00,12.38888888888889,11.0
2025-04-10T17:00,13.555555555555554,9.6
2025-04-10T18:00,14.944444444444443,8.8
2025-04-10T19:00,14.805555555555554,8.1
2025-04-10T20:00,13.88888888888889,7.4
2025-04-10T21:00,13.555555555555554,7.2
2025-04-10T22:00,13.083333333333334,7.1
2025-04-10T23:00,13.416666666666666,7.1
2025-04-11T00:00,14.36111111111111,7.1
2025-04-11T01:00,15.166666666666666,6.9
2025-04-11T02:00,15.11111111111111,6.9
2025-04-11T03:00,14.027777777777777,6.8
2025-04-11T04:00,13.88888888888889,6.9
2025-04-11T05:00,12.972222222222223,7.1
2025-04-11T06:00,11.861111111111112,7.3
2025-04-11T07:00,11.055555555555555,7.7
2025-04-11T08:00,10.25,8.4
2025-04-11T09:00,11.027777777777779,9.3
2025-04-11T10:00,10.666666666666666,10.4
2025-04-11T11:00,10.75,11.2
2025-04-11T12:00,9.972222222222221,12.2
2025-04-11T13:00,9.527777777777777,12.8
2025-04-11T14:00,10.055555555555555,12.9
2025-04-11T15:00,9.166666666666666,12.6
2025-04-11T16:00,9.833333333333332,12.3
2025-04-11T17:00,10.194444444444445,11.6
2025-04-11T18:00,9.5,11.1
2025-04-11T19:00,9.472222222222223,10.1
2025-04-11T20:00,10.027777777777779,9.2
2025-04-11T21:00,9.75,8.6
2025-04-11T22:00,9.88888888888889,8.4
2025-04-11T23:00,10.11111111111111,8.1
2025-04-12T00:00,10.11111111111111,7.9
2025-04-12T01:00,9.944444444444443,7.9
2025-04-12T02:00,9.777777777777779,8.2
2025-04-12T03:00,9.666666666666666,8.1
2025-04-12T04:00,9.833333333333332,8.1
2025-04-12T05:00,10.11111111111111,8.6
2025-04-12T06:00,10.13888888888889,8.8
2025-04-12T07:00,8.833333333333334,8.9
2025-04-12T08:00,8.472222222222221,9.3
2025-04-12T09:00,8.944444444444445,9.9
2025-04-12T10:00,8.833333333333334,10.7
2025-04-12T11:00,7.416666666666666,11.9
2025-04-12T12:00,7.361111111111111,12.6
2025-04-12T13:00,7.555555555555555,13.0
2025-04-12T14:00,6.916666666666666,13.3
2025-04-12T15:00,6.111111111111111,13.6
2025-04-12T16:00,5.083333333333333,13.9
2025-04-12T17:00,4.0,13.6
2025-04-12T18:00,3.3888888888888884,13.2
2025-04-12T19:00,3.1111111111111107,12.6
2025-04-12T20:00,2.694444444444444,10.9
2025-04-12T21:00,1.1111111111111112,8.9
2025-04-12T22:00,0.6666666666666666,7.4
2025-04-12T23:00,2.2777777777777777,7.1
2025-04-13T00:00,5.055555555555555,7.1
2025-04-13T01:00,6.833333333333334,7.5
2025-04-13T02:00,7.055555555555555,7.4
2025-04-13T03:00,7.555555555555555,6.4
2025-04-13T04:00,7.805555555555555,6.4
2025-04-13T05:00,8.277777777777779,6.5
2025-04-13T06:00,8.333333333333334,6.4
2025-04-13T07:00,8.75,6.7
2025-04-13T08:00,9.5,7.9
2025-04-13T09:00,8.527777777777777,9.4
2025-04-13T10:00,8.166666666666666,11.1
2025-04-13T11:00,8.666666666666666,12.9
2025-04-13T12:00,8.555555555555555,14.1
2025-04-13T13:00,8.944444444444445,14.9
2025-04-13T14:00,9.222222222222223,15.6
2025-04-13T15:00,7.444444444444445,14.6
2025-04-13T16:00,6.361111111111111,13.1
2025-04-13T17:00,7.166666666666667,12.6
2025-04-13T18:00,8.055555555555555,11.7
2025-04-13T19:00,7.611111111111111,11.9
2025-04-13T20:00,8.416666666666666,11.5
2025-04-13T21:00,8.63888888888889,10.6
2025-04-13T22:00,8.972222222222221,9.6
2025-04-13T23:00,8.194444444444445,8.7
2025-04-14T00:00,8.305555555555555,7.8
2025-04-14T01:00,7.972222222222221,7.9
2025-04-14T02:00,8.0,8.2
2025-04-14T03:00,7.416666666666666,8.1
2025-04-14T04:00,7.361111111111111,7.8
2025-04-14T05:00,6.611111111111111,7.8
2025-04-14T06:00,6.138888888888889,7.6
2025-04-14T07:00,5.916666666666667,7.4
2025-04-14T08:00,5.666666666666666,8.1
2025-04-14T09:00,5.027777777777778,8.8
2025-04-14T10:00,4.638888888888888,9.8
2025-04-14T11:00,4.527777777777778,10.0
2025-04-14T12:00,3.7222222222222223,9.2
2025-04-14T13:00,2.111111111111111,9.0
2025-04-14T14:00,1.25,10.1
2025-04-14T15:00,1.1388888888888888,10.1
2025-04-14T16:00,1.3055555555555556,10.9
2025-04-14T17:00,1.3611111111111112,11.1
2025-04-14T18:00,1.3055555555555556,11.1
2025-04-14T19:00,1.3055555555555556,11.1
2025-04-14T20:00,4.027777777777778,9.4
2025-04-14T21:00,5.5,7.8
2025-04-14T22:00,5.027777777777778,6.8
2025-04-14T23:00,5.277777777777778,6.1
2025-04-15T00:00,5.472222222222222,5.9
2025-04-15T01:00,4.805555555555555,5.7
2025-04-15T02:00,5.222222222222222,5.6
2025-04-15T03:00,5.861111111111112,5.0
2025-04-15T04:00,6.444444444444444,4.9
2025-04-15T05:00,6.472222222222222,4.9
2025-04-15T06:00,7.083333333333333,5.1
2025-04-15T07:00,6.694444444444445,5.8
2025-04-15T08:00,6.722222222222221,7.2
2025-04-15T09:00,7.277777777777778,9.2
2025-04-15T10:00,6.555555555555555,10.0
2025-04-15T11:00,7.555555555555555,11.6
2025-04-15T12:00,7.722222222222222,12.6
2025-04-15T13:00,8.055555555555555,13.3
2025-04-15T14:00,8.277777777777779,13.9
2025-04-15T15:00,10.0,14.2
2025-04-15T16:00,9.555555555555555,13.9
2025-04-15T17:00,8.805555555555555,13.8
2025-04-15T18:00,9.249999999999998,13.3
2025-04-15T19:00,9.388888888888888,13.2
2025-04-15T20:00,9.388888888888888,12.6
2025-04-15T21:00,9.972222222222221,12.1
2025-04-15T22:00,10.638888888888888,12.4
2025-04-15T23:00,10.777777777777777,12.3
2025-04-16T00:00,11.222222222222221,11.8
2025-04-16T01:00,10.638888888888888,11.1
2025-04-16T02:00,10.194444444444445,10.6
2025-04-16T03:00,9.777777777777779,11.3
2025-04-16T04:00,9.527777777777777,10.9
2025-04-16T05:00,9.388888888888888,10.5
2025-04-16T06:00,9.305555555555555,10.9
2025-04-16T07:00,9.055555555555555,10.5
2025-04-16T08:00,7.5,10.6
2025-04-16T09:00,6.666666666666666,11.4
2025-04-16T10:00,4.666666666666667,12.9
2025-04-16T11:00,3.888888888888889,14.4
2025-04-16T12:00,3.6666666666666665,15.6
2025-04-16T13:00,3.944444444444444,15.6
2025-04-16T14:00,3.3888888888888884,16.3
2025-04-16T15:00,2.694444444444444,17.2
2025-04-16T16:00,3.4722222222222223,18.0
2025-04-16T17:00,3.3888888888888884,17.8
2025-04-16T18:00,3.5833333333333335,17.1
2025-04-16T19:00,3.0,16.5
2025-04-16T20:00,3.8333333333333335,14.8
2025-04-16T21:00,5.111111111111111,12.9
2025-04-16T22:00,5.277777777777778,11.3
2025-04-16T23:00,5.194444444444444,10.9
2025-04-17T00:00,5.527777777777778,10.2
2025-04-17T01:00,5.666666666666666,9.7
2025-04-17T02:00,5.111111111111111,9.4
2025-04-17T03:00,1.1111111111111112,9.4
2025-04-17T04:00,1.472222222222222,9.4
2025-04-17T05:00,3.0,9.2
2025-04-17T06:00,3.1111111111111107,9.1
2025-04-17T07:00,3.1111111111111107,9.1
2025-04-17T08:00,1.75,9.4
2025-04-17T09:00,2.3333333333333335,9.8
2025-04-17T10:00,3.0277777777777777,10.1
2025-04-17T11:00,2.611111111111111,11.4
2025-04-17T12:00,2.75,11.9
2025-04-17T13:00,4.194444444444445,12.2
2025-04-17T14:00,3.2499999999999996,12.6
2025-04-17T15:00,1.0555555555555556,12.4
2025-04-17T16:00,3.4444444444444446,12.4
2025-04-17T17:00,6.944444444444445,9.9
2025-04-17T18:00,7.972222222222221,8.9
2025-04-17T19:00,7.722222222222222,8.9
2025-04-17T20:00,8.055555555555555,8.6
2025-04-17T21:00,9.138888888888888,8.4
2025-04-17T22:00,7.111111111111112,8.4
2025-04-17T23:00,5.722222222222222,7.9
2025-04-18T00:00,6.694444444444445,7.9
2025-04-18T01:00,7.583333333333333,7.7
2025-04-18T02:00,7.111111111111112,7.4
2025-04-18T03:00,6.25,7.1
2025-04-18T04:00,5.75,6.9
2025-04-18T05:00,6.472222222222222,6.8
2025-04-18T06:00,6.972222222222222,6.8
2025-04-18T07:00,6.805555555555555,6.9
2025-04-18T08:00,6.222222222222221,7.8
2025-04-18T09:00,5.972222222222222,8.6
2025-04-18T10:00,6.777777777777777,9.4
2025-04-18T11:00,7.083333333333333,10.1
2025-04-18T12:00,7.055555555555555,10.2
2025-04-18T13:00,6.333333333333333,10.4
2025-04-18T14:00,6.472222222222222,10.0
2025-04-18T15:00,7.111111111111112,8.6
2025-04-18T16:00,5.805555555555555,8.9
2025-04-18T17:00,5.111111111111111,9.2
2025-04-18T18:00,5.249999999999999,9.8
2025-04-18T19:00,4.833333333333333,9.1
2025-04-18T20:00,5.361111111111112,8.4
2025-04-18T21:00,5.75,7.9
2025-04-18T22:00,6.111111111111111,7.3
2025-04-18T23:00,6.027777777777778,7.0
2025-04-19T00:00,5.083333333333333,6.7
2025-04-19T01:00,4.027777777777778,6.6
2025-04-19T02:00,2.5555555555555554,5.8
2025-04-19T03:00,3.2499999999999996,6.2
2025-04-19T04:00,3.7222222222222223,5.8
2025-04-19T05:00,4.944444444444445,5.9
2025-04-19T06:00,5.611111111111111,6.2
2025-04-19T07:00,5.916666666666667,6.9
2025-04-19T08:00,5.444444444444445,8.1
2025-04-19T09:00,5.361111111111112,9.4
2025-04-19T10:00,3.6666666666666665,10.3
2025-04-19T11:00,5.166666666666667,10.6
2025-04-19T12:00,5.222222222222222,10.8
2025-04-19T13:00,5.249999999999999,10.6
2025-04-19T14:00,6.444444444444444,10.3
2025-04-19T15:00,6.416666666666667,9.9
2025-04-19T16:00,8.11111111111111,10.4
2025-04-19T17:00,7.055555555555555,10.1
2025-04-19T18:00,6.25,9.6
2025-04-19T19:00,7.5,9.5
2025-04-19T20:00,8.194444444444445,9.6
2025-04-19T21:00,7.166666666666667,9.6
2025-04-19T22:00,6.472222222222222,9.3
2025-04-19T23:00,6.916666666666666,8.8
2025-04-20T00:00,7.416666666666666,8.7
2025-04-20T01:00,7.555555555555555,8.6
2025-04-20T02:00,7.722222222222222,8.6
2025-04-20T03:00,7.722222222222222,8.8
2025-04-20T04:00,7.444444444444445,8.6
2025-04-20T05:00,7.083333333333333,8.5
2025-04-20T06:00,6.916666666666666,8.4
2025-04-20T07:00,7.25,8.4
2025-04-20T08:00,6.861111111111111,8.6
2025-04-20T09:00,6.694444444444445,9.1
2025-04-20T10:00,5.888888888888888,9.1
2025-04-20T11:00,6.027777777777778,9.6
2025-04-20T12:00,5.722222222222222,10.0
2025-04-20T13:00,5.416666666666667,10.4
2025-04-20T14:00,5.75,10.6
2025-04-20T15:00,5.472222222222222,9.4
2025-04-20T16:00,5.222222222222222,9.8
2025-04-20T17:00,4.805555555555555,9.6
2025-04-20T18:00,5.249999999999999,9.7
2025-04-20T19:00,5.972222222222222,9.1
2025-04-20T20:00,4.916666666666666,8.8
2025-04-20T21:00,3.9166666666666665,8.3
2025-04-20T22:00,3.5833333333333335,8.2
2025-04-20T23:00,3.9722222222222223,8.1
2025-04-21T00:00,4.888888888888889,8.0
2025-04-21T01:00,5.472222222222222,7.8
2025-04-21T02:00,5.722222222222222,7.7
2025-04-21T03:00,4.916666666666666,7.4
2025-04-21T04:00,4.416666666666667,7.2
2025-04-21T05:00,4.722222222222222,6.9
2025-04-21T06:00,4.972222222222221,6.7
2025-04-21T07:00,5.166666666666667,6.7
2025-04-21T08:00,5.555555555555555,6.9
2025-04-21T09:00,5.5,7.2
2025-04-21T10:00,5.111111111111111,7.5
2025-04-21T11:00,4.888888888888889,7.8
2025-04-21T12:00,4.777777777777778,8.2
2025-04-21T13:00,4.333333333333333,9.0
2025-04-21T14:00,4.027777777777778,9.4
2025-04-21T15:00,4.083333333333333,8.3
2025-04-21T16:00,3.888888888888889,8.4
2025-04-21T17:00,3.5833333333333335,8.8
2025-04-21T18:00,3.6944444444444446,8.9
2025-04-21T19:00,3.3888888888888884,8.8
2025-04-21T20:00,3.1111111111111107,8.4
2025-04-21T21:00,3.138888888888889,8.1
2025-04-21T22:00,3.2777777777777777,7.8
2025-04-21T23:00,3.2499999999999996,7.4
2025-04-22T00:00,2.972222222222222,7.3
2025-04-22T01:00,2.944444444444444,7.5
2025-04-22T02:00,2.611111111111111,7.4
2025-04-22T03:00,2.2777777777777777,7.8
2025-04-22T04:00,2.1666666666666665,7.6
2025-04-22T05:00,2.1944444444444446,7.2
2025-04-22T06:00,1.4444444444444444,7.3
2025-04-22T07:00,0.3055555555555556,7.8
2025-04-22T08:00,0.4444444444444445,8.4
2025-04-22T09:00,0.4722222222222222,9.2
2025-04-22T10:00,0.1388888888888889,9.9
2025-04-22T11:00,0.3055555555555556,10.2
2025-04-22T12:00,0.9444444444444444,10.9
2025-04-22T13:00,1.5833333333333333,11.6
2025-04-22T14:00,2.5,11.8
2025-04-22T15:00,3.6666666666666665,11.1
2025-04-22T16:00,2.972222222222222,11.1
2025-04-22T17:00,2.833333333333333,11.1
2025-04-22T18:00,2.8055555555555554,11.1
2025-04-22T19:00,2.944444444444444,10.8
2025-04-22T20:00,3.861111111111111,9.9
2025-04-22T21:00,4.027777777777778,9.2
2025-04-22T22:00,4.361111111111111,8.7
2025-04-22T23:00,3.944444444444444,8.1
2025-04-23T00:00,3.6944444444444446,7.5
2025-04-23T01:00,3.6666666666666665,7.3
2025-04-23T02:00,3.8055555555555554,7.5
2025-04-23T03:00,4.611111111111112,8.5
2025-04-23T04:00,4.277777777777778,8.6
2025-04-23T05:00,4.055555555555555,8.6
2025-04-23T06:00,3.9166666666666665,8.4
2025-04-23T07:00,3.611111111111111,8.6
2025-04-23T08:00,3.3055555555555554,8.8
2025-04-23T09:00,3.3055555555555554,9.1
2025-04-23T10:00,3.2777777777777777,9.2
2025-04-23T11:00,3.0555555555555554,9.9
2025-04-23T12:00,2.4444444444444446,10.5
2025-04-23T13:00,1.9444444444444444,11.2
2025-04-23T14:00,1.6944444444444442,10.9
2025-04-23T15:00,1.3055555555555556,10.9
2025-04-23T16:00,2.1666666666666665,10.9
2025-04-23T17:00,2.111111111111111,10.8
2025-04-23T18:00,2.055555555555556,10.9
2025-04-23T19:00,1.8611111111111112,10.5
2025-04-23T20:00,1.5,9.9
2025-04-23T21:00,1.5,8.8
2025-04-23T22:00,1.5277777777777777,7.8
2025-04-23T23:00,1.611111111111111,6.7
2025-04-24T00:00,2.2777777777777777,6.3
2025-04-24T01:00,3.1111111111111107,5.8
2025-04-24T02:00,3.5,5.1
2025-04-24T03:00,3.9722222222222223,4.8
2025-04-24T04:00,4.222222222222222,5.1
2025-04-24T05:00,3.888888888888889,4.8
2025-04-24T06:00,3.0555555555555554,3.9
2025-04-24T07:00,2.4166666666666665,5.2
2025-04-24T08:00,2.5833333333333335,6.7
2025-04-24T09:00,2.5833333333333335,8.4
2025-04-24T10:00,2.833333333333333,10.4
2025-04-24T11:00,4.25,11.9
2025-04-24T12:00,3.888888888888889,13.1
2025-04-24T13:00,2.75,14.1
2025-04-24T14:00,1.6666666666666665,14.8
2025-04-24T15:00,2.3333333333333335,14.8
2025-04-24T16:00,3.333333333333333,14.4
2025-04-24T17:00,4.361111111111111,13.8
2025-04-24T18:00,5.222222222222222,12.5
2025-04-24T19:00,4.111111111111112,11.1
2025-04-24T20:00,4.416666666666667,10.2
2025-04-24T21:00,5.138888888888888,9.1
2025-04-24T22:00,5.75,8.2
2025-04-24T23:00,6.333333333333333,7.4
2025-04-25T00:00,6.333333333333333,7.1
2025-04-25T01:00,5.861111111111112,6.9
2025-04-25T02:00,5.388888888888888,6.4
2025-04-25T03:00,5.388888888888888,6.5
2025-04-25T04:00,3.0,5.5
2025-04-25T05:00,2.861111111111111,5.6
2025-04-25T06:00,2.1666666666666665,4.3
2025-04-25T07:00,5.333333333333333,5.7
2025-04-25T08:00,7.0,8.4
2025-04-25T09:00,7.222222222222222,8.8
2025-04-25T10:00,7.277777777777778,9.2
2025-04-25T11:00,7.361111111111111,9.6
2025-04-25T12:00,7.222222222222222,10.0
2025-04-25T13:00,6.416666666666667,10.3
2025-04-25T14:00,5.666666666666666,10.7
2025-04-25T15:00,5.416666666666667,10.6
2025-04-25T16:00,4.583333333333333,10.6
2025-04-25T17:00,4.111111111111112,10.6
2025-04-25T18:00,3.9722222222222223,10.1
2025-04-25T19:00,4.361111111111111,9.4
2025-04-25T20:00,4.5,8.5
2025-04-25T21:00,5.305555555555556,7.1
2025-04-25T22:00,5.249999999999999,5.9
2025-04-25T23:00,4.833333333333333,5.3
2025-04-26T00:00,5.138888888888888,5.3
2025-04-26T01:00,4.555555555555555,5.2
2025-04-26T02:00,3.6666666666666665,4.6
2025-04-26T03:00,4.361111111111111,4.5
2025-04-26T04:00,4.416666666666667,4.2
2025-04-26T05:00,4.583333333333333,4.0
2025-04-26T06:00,4.916666666666666,4.1
2025-04-26T07:00,5.194444444444444,4.8
2025-04-26T08:00,5.361111111111112,6.5
2025-04-26T09:00,3.944444444444444,8.6
2025-04-26T10:00,4.361111111111111,10.1
2025-04-26T11:00,4.5,10.9
2025-04-26T12:00,4.388888888888889,11.6
2025-04-26T13:00,3.9166666666666665,12.1
2025-04-26T14:00,3.9166666666666665,12.6
2025-04-26T15:00,4.166666666666667,12.8
2025-04-26T16:00,4.694444444444444,12.7
2025-04-26T17:00,4.25,12.6
2025-04-26T18:00,4.055555555555555,12.5
2025-04-26T19:00,4.083333333333333,11.9
2025-04-26T20:00,4.083333333333333,10.9
2025-04-26T21:00,4.861111111111111,9.2
2025-04-26T22:00,5.083333333333333,8.4
2025-04-26T23:00,5.777777777777778,8.9
2025-04-27T00:00,6.055555555555555,8.8
2025-04-27T01:00,6.166666666666666,8.1
2025-04-27T02:00,6.305555555555555,8.1
2025-04-27T03:00,6.444444444444444,8.1
2025-04-27T04:00,7.388888888888889,8.6
2025-04-27T05:00,7.416666666666666,8.0
2025-04-27T06:00,8.083333333333334,7.6
2025-04-27T07:00,7.694444444444444,7.8
2025-04-27T08:00,8.805555555555555,8.8
2025-04-27T09:00,5.861111111111112,10.3
2025-04-27T10:00,5.75,12.1
2025-04-27T11:00,6.361111111111111,13.4
2025-04-27T12:00,6.027777777777778,14.4
2025-04-27T13:00,5.305555555555556,15.2
2025-04-27T14:00,5.277777777777778,15.1
2025-04-27T15:00,5.111111111111111,15.6
2025-04-27T16:00,5.333333333333333,16.0
2025-04-27T17:00,5.833333333333333,15.9
2025-04-27T18:00,5.472222222222222,15.4
2025-04-27T19:00,5.194444444444444,14.6
2025-04-27T20:00,4.861111111111111,13.0
2025-04-27T21:00,5.972222222222222,11.4
2025-04-27T22:00,7.222222222222222,10.6
2025-04-27T23:00,7.361111111111111,9.9
2025-04-28T00:00,7.805555555555555,9.4
2025-04-28T01:00,7.555555555555555,8.7
2025-04-28T02:00,7.361111111111111,8.2
2025-04-28T03:00,7.805555555555555,7.8
2025-04-28T04:00,7.888888888888888,7.6
2025-04-28T05:00,8.444444444444445,7.6
2025-04-28T06:00,8.805555555555555,7.6
2025-04-28T07:00,8.805555555555555,8.1
2025-04-28T08:00,9.166666666666666,9.2
2025-04-28T09:00,8.722222222222221,10.8
2025-04-28T10:00,7.916666666666666,11.6
2025-04-28T11:00,8.027777777777777,13.2
2025-04-28T12:00,8.666666666666666,15.0
2025-04-28T13:00,9.388888888888888,15.6
2025-04-28T14:00,10.972222222222221,15.6
2025-04-28T15:00,11.055555555555555,15.6
2025-04-28T16:00,10.13888888888889,15.4
2025-04-28T17:00,10.027777777777779,15.4
2025-04-28T18:00,9.194444444444445,14.7
2025-04-28T19:00,8.722222222222221,13.9
2025-04-28T20:00,9.61111111111111,12.6
2025-04-28T21:00,9.194444444444445,11.1
2025-04-28T22:00,9.277777777777777,10.4
2025-04-28T23:00,9.5,10.1
2025-04-29T00:00,9.61111111111111,10.1
2025-04-29T01:00,9.805555555555555,9.9
2025-04-29T02:00,9.777777777777779,9.8
2025-04-29T03:00,10.0,9.9
2025-04-29T04:00,10.194444444444445,9.7
2025-04-29T05:00,9.972222222222221,9.5
2025-04-29T06:00,9.222222222222223,8.9
2025-04-29T07:00,8.722222222222221,9.2
2025-04-29T08:00,7.416666666666666,9.9
2025-04-29T09:00,7.305555555555555,10.6
2025-04-29T10:00,7.194444444444444,11.4
2025-04-29T11:00,6.861111111111111,12.1
2025-04-29T12:00,6.861111111111111,12.9
2025-04-29T13:00,7.472222222222221,13.5
2025-04-29T14:00,7.5,13.9
2025-04-29T15:00,7.833333333333333,14.4
2025-04-29T16:00,7.972222222222221,14.4
2025-04-29T17:00,7.638888888888888,14.2
2025-04-29T18:00,7.694444444444444,13.6
2025-04-29T19:00,7.611111111111111,12.6
2025-04-29T20:00,8.25,11.7
2025-04-29T21:00,8.75,10.7
2025-04-29T22:00,9.055555555555555,10.4
2025-04-29T23:00,8.86111111111111,9.8
2025-04-30T00:00,9.194444444444445,9.4
2025-04-30T01:00,8.972222222222221,9.1
2025-04-30T02:00,8.333333333333334,8.9
2025-04-30T03:00,8.833333333333334,9.2
2025-04-30T04:00,8.444444444444445,9.1
2025-04-30T05:00,8.11111111111111,8.9
2025-04-30T06:00,8.027777777777777,8.7
2025-04-30T07:00,7.333333333333333,9.0
2025-04-30T08:00,6.166666666666666,10.1
2025-04-30T09:00,6.305555555555555,11.6
2025-04-30T10:00,5.5,13.0
2025-04-30T11:00,5.388888888888888,14.4
2025-04-30T12:00,6.305555555555555,15.6
2025-04-30T13:00,7.444444444444445,16.3
2025-04-30T14:00,7.777777777777778,16.7
2025-04-30T15:00,7.277777777777778,17.0
2025-04-30T16:00,6.972222222222222,16.5
2025-04-30T17:00,6.305555555555555,16.4
2025-04-30T18:00,5.833333333333333,16.1
2025-04-30T19:00,4.888888888888889,15.4
2025-04-30T20:00,4.611111111111112,14.1
2025-04-30T21:00,4.75,12.8
2025-04-30T22:00,4.805555555555555,11.9
2025-04-30T23:00,5.0,11.1
2025-05-01T00:00,5.055555555555555,10.1
2025-05-01T01:00,4.944444444444445,9.3
2025-05-01T02:00,5.083333333333333,8.9
2025-05-01T03:00,5.777777777777778,8.5
2025-05-01T04:00,5.833333333333333,8.3
2025-05-01T05:00,5.611111111111111,8.1
2025-05-01T06:00,5.277777777777778,7.9
2025-05-01T07:00,4.972222222222221,8.6
2025-05-01T08:00,4.888888888888889,9.8
2025-05-01T09:00,4.472222222222222,11.4
2025-05-01T10:00,4.694444444444444,13.1
2025-05-01T11:00,5.166666666666667,14.9
2025-05-01T12:00,5.777777777777778,16.5
2025-05-01T13:00,6.388888888888888,17.8
2025-05-01T14:00,6.333333333333333,18.6
2025-05-01T15:00,5.527777777777778,19.2
2025-05-01T16:00,5.583333333333334,19.5
2025-05-01T17:00,5.694444444444445,19.6
2025-05-01T18:00,5.805555555555555,19.1
2025-05-01T19:00,5.722222222222222,18.2
2025-05-01T20:00,5.75,16.8
2025-05-01T21:00,6.333333333333333,15.5
2025-05-01T22:00,6.75,14.8
2025-05-01T23:00,7.166666666666667,13.9
2025-05-02T00:00,8.055555555555555,13.3
2025-05-02T01:00,8.027777777777777,11.9
2025-05-02T02:00,7.972222222222221,10.9
2025-05-02T03:00,8.61111111111111,11.0
2025-05-02T04:00,7.277777777777778,10.6
2025-05-02T05:00,7.472222222222221,10.1
2025-05-02T06:00,6.583333333333333,10.1
2025-05-02T07:00,7.361111111111111,10.2
2025-05-02T08:00,6.944444444444445,10.0
2025-05-02T09:00,7.416666666666666,10.8
2025-05-02T10:00,10.88888888888889,11.6
2025-05-02T11:00,10.527777777777777,12.2
2025-05-02T12:00,10.86111111111111,12.6
2025-05-02T13:00,11.5,12.8
2025-05-02T14:00,12.055555555555555,12.6
2025-05-02T15:00,12.0,12.6
2025-05-02T16:00,12.25,12.4
2025-05-02T17:00,12.527777777777779,11.8
2025-05-02T18:00,11.944444444444445,11.1
2025-05-02T19:00,12.777777777777777,10.8
2025-05-02T20:00,12.333333333333332,9.9
2025-05-02T21:00,11.722222222222223,9.4
2025-05-02T22:00,10.555555555555555,9.1
2025-05-02T23:00,10.444444444444445,8.7
2025-05-03T00:00,10.499999999999998,8.8
2025-05-03T01:00,10.333333333333334,8.6
2025-05-03T02:00,10.13888888888889,8.3
2025-05-03T03:00,10.166666666666666,8.4
2025-05-03T04:00,9.583333333333334,8.5
2025-05-03T05:00,9.305555555555555,8.5
2025-05-03T06:00,9.138888888888888,8.5
2025-05-03T07:00,8.527777777777777,8.7
2025-05-03T08:00,8.88888888888889,9.6
2025-05-03T09:00,8.63888888888889,10.5
2025-05-03T10:00,8.305555555555555,11.3
2025-05-03T11:00,8.027777777777777,10.2
2025-05-03T12:00,7.027777777777778,11.1
2025-05-03T13:00,7.611111111111111,11.9
2025-05-03T14:00,8.444444444444445,11.4
2025-05-03T15:00,6.527777777777778,10.4
2025-05-03T16:00,6.611111111111111,10.8
2025-05-03T17:00,6.027777777777778,10.2
2025-05-03T18:00,5.833333333333333,10.4
2025-05-03T19:00,6.138888888888889,10.2
2025-05-03T20:00,6.722222222222221,9.1
2025-05-03T21:00,6.027777777777778,8.1
2025-05-03T22:00,5.5,7.5
2025-05-03T23:00,5.333333333333333,7.1
2025-05-04T00:00,5.611111111111111,6.9
2025-05-04T01:00,5.805555555555555,6.9
2025-05-04T02:00,4.777777777777778,7.1
2025-05-04T03:00,7.166666666666667,7.4
2025-05-04T04:00,8.194444444444445,6.8
2025-05-04T05:00,9.222222222222223,6.6
2025-05-04T06:00,10.0,7.1
2025-05-04T07:00,9.694444444444445,7.3
2025-05-04T08:00,7.972222222222221,8.0
2025-05-04T09:00,9.0,8.3
2025-05-04T10:00,8.5,8.8
2025-05-04T11:00,8.11111111111111,9.0
2025-05-04T12:00,7.388888888888889,9.4
2025-05-04T13:00,8.083333333333334,9.8
2025-05-04T14:00,8.25,9.1
2025-05-04T15:00,7.611111111111111,9.4
2025-05-04T16:00,7.055555555555555,10.1
2025-05-04T17:00,8.11111111111111,9.4
2025-05-04T18:00,7.333333333333333,9.0
2025-05-04T19:00,6.194444444444445,8.8
2025-05-04T20:00,4.972222222222221,8.4
2025-05-04T21:00,4.666666666666667,7.7
2025-05-04T22:00,4.333333333333333,7.3
2025-05-04T23:00,4.361111111111111,6.6
2025-05-05T00:00,4.0,5.2
2025-05-05T01:00,2.138888888888889,5.3
2025-05-05T02:00,0.08333333333333333,4.8
2025-05-05T03:00,2.611111111111111,3.9
2025-05-05T04:00,4.194444444444445,3.9
2025-05-05T05:00,4.083333333333333,3.9
2025-05-05T06:00,4.055555555555555,4.8
2025-05-05T07:00,3.7777777777777777,6.7
2025-05-05T08:00,3.2499999999999996,7.9
2025-05-05T09:00,2.388888888888889,9.3
2025-05-05T10:00,3.138888888888889,10.3
2025-05-05T11:00,4.0,11.1
2025-05-05T12:00,4.472222222222222,11.8
2025-05-05T13:00,5.472222222222222,12.5
2025-05-05T14:00,7.083333333333333,12.8
2025-05-05T15:00,8.5,13.0
2025-05-05T16:00,8.88888888888889,12.9
2025-05-05T17:00,8.88888888888889,12.2
2025-05-05T18:00,9.472222222222223,10.9
2025-05-05T19:00,10.083333333333332,9.4
2025-05-05T20:00,9.666666666666666,8.9
2025-05-05T21:00,9.88888888888889,8.6
2025-05-05T22:00,9.944444444444443,8.3
2025-05-05T23:00,9.472222222222223,8.3
2025-05-06T00:00,8.527777777777777,8.3
2025-05-06T01:00,7.833333333333333,8.3
2025-05-06T02:00,7.166666666666667,8.2
2025-05-06T03:00,7.194444444444444,8.1
2025-05-06T04:00,7.388888888888889,7.8
2025-05-06T05:00,7.25,7.5
2025-05-06T06:00,7.0,7.3
2025-05-06T07:00,6.861111111111111,7.9
2025-05-06T08:00,6.722222222222221,9.2
2025-05-06T09:00,5.972222222222222,10.5
2025-05-06T10:00,6.083333333333333,11.1
2025-05-06T11:00,5.166666666666667,11.8
2025-05-06T12:00,4.388888888888889,12.4
2025-05-06T13:00,4.166666666666667,12.9
2025-05-06T14:00,4.277777777777778,13.2
2025-05-06T15:00,5.222222222222222,13.5
2025-05-06T16:00,5.444444444444445,13.0
2025-05-06T17:00,5.249999999999999,12.4
2025-05-06T18:00,4.222222222222222,12.1
2025-05-06T19:00,4.666666666666667,11.4
2025-05-06T20:00,5.472222222222222,10.0
2025-05-06T21:00,4.611111111111112,8.6
2025-05-06T22:00,3.0,7.3
2025-05-06T23:00,2.2222222222222223,6.8
2025-05-07T00:00,1.9166666666666667,6.7
2025-05-07T01:00,1.972222222222222,6.5
2025-05-07T02:00,2.694444444444444,5.8
2025-05-07T03:00,2.4444444444444446,4.3
2025-05-07T04:00,2.2222222222222223,3.7
2025-05-07T05:00,2.3333333333333335,3.0
2025-05-07T06:00,2.9166666666666665,3.3
2025-05-07T07:00,2.4166666666666665,4.9
2025-05-07T08:00,0.75,7.1
2025-05-07T09:00,0.3611111111111111,9.1
2025-05-07T10:00,0.3333333333333333,11.1
2025-05-07T11:00,0.16666666666666666,12.6
2025-05-07T12:00,0.5,13.6
2025-05-07T13:00,0.9722222222222222,14.3
2025-05-07T14:00,1.0833333333333333,14.9
2025-05-07T15:00,0.9166666666666666,15.9
2025-05-07T16:00,1.472222222222222,16.0
2025-05-07T17:00,3.8055555555555554,14.9
2025-05-07T18:00,4.138888888888889,13.9
2025-05-07T19:00,2.3333333333333335,13.7
2025-05-07T20:00,2.4166666666666665,12.6
2025-05-07T21:00,1.472222222222222,11.2
2025-05-07T22:00,2.694444444444444,10.2
2025-05-07T23:00,2.2222222222222223,8.9
2025-05-08T00:00,1.3888888888888888,8.2
2025-05-08T01:00,1.7222222222222223,7.4
2025-05-08T02:00,1.8333333333333333,7.2
2025-05-08T03:00,2.3333333333333335,6.0
2025-05-08T04:00,2.1944444444444446,5.2
2025-05-08T05:00,2.111111111111111,4.6
2025-05-08T06:00,2.3333333333333335,4.2
2025-05-08T07:00,2.305555555555556,4.8
2025-05-08T08:00,2.1944444444444446,6.5
2025-05-08T09:00,1.472222222222222,9.2
2025-05-08T10:00,1.0,11.8
2025-05-08T11:00,0.7222222222222222,13.4
2025-05-08T12:00,0.5277777777777778,14.4
2025-05-08T13:00,0.22222222222222224,15.4
2025-05-08T14:00,0.19444444444444442,15.6
2025-05-08T15:00,0.4444444444444445,16.6
2025-05-08T16:00,1.1666666666666667,16.6
2025-05-08T17:00,3.5833333333333335,15.9
2025-05-08T18:00,5.277777777777778,14.4
2025-05-08T19:00,4.166666666666667,13.4
2025-05-08T20:00,2.9166666666666665,12.2
2025-05-08T21:00,2.944444444444444,11.1
2025-05-08T22:00,2.972222222222222,10.0
2025-05-08T23:00,3.5,9.4
2025-05-09T00:00,4.305555555555555,9.2
2025-05-09T01:00,5.361111111111112,8.5
2025-05-09T02:00,5.944444444444444,7.9
2025-05-09T03:00,7.055555555555555,7.6
2025-05-09T04:00,7.416666666666666,7.9
2025-05-09T05:00,7.277777777777778,8.2
2025-05-09T06:00,7.916666666666666,8.4
2025-05-09T07:00,7.972222222222221,8.7
2025-05-09T08:00,7.777777777777778,9.3
2025-05-09T09:00,8.305555555555555,10.2
2025-05-09T10:00,8.416666666666666,11.2
2025-05-09T11:00,8.444444444444445,11.8
2025-05-09T12:00,8.527777777777777,12.7
2025-05-09T13:00,8.38888888888889,13.0
2025-05-09T14:00,8.11111111111111,13.3
2025-05-09T15:00,9.055555555555555,12.9
2025-05-09T16:00,8.444444444444445,13.0
2025-05-09T17:00,8.027777777777777,13.0
2025-05-09T18:00,7.694444444444444,13.0
2025-05-09T19:00,6.972222222222222,12.5
2025-05-09T20:00,6.888888888888889,11.6
2025-05-09T21:00,6.666666666666666,10.6
2025-05-09T22:00,6.444444444444444,10.0
2025-05-09T23:00,6.472222222222222,9.6
2025-05-10T00:00,6.416666666666667,9.4
2025-05-10T01:00,6.277777777777778,9.1
2025-05-10T02:00,5.944444444444444,8.8
2025-05-10T03:00,5.694444444444445,8.9
2025-05-10T04:00,5.416666666666667,8.8
2025-05-10T05:00,5.416666666666667,8.6
2025-05-10T06:00,5.583333333333334,8.8
2025-05-10T07:00,5.027777777777778,9.4
2025-05-10T08:00,4.083333333333333,10.6
2025-05-10T09:00,3.888888888888889,11.8
2025-05-10T10:00,3.9166666666666665,13.1
2025-05-10T11:00,3.6666666666666665,14.2
2025-05-10T12:00,3.3611111111111107,15.2
2025-05-10T13:00,3.0277777777777777,16.2
2025-05-10T14:00,3.0555555555555554,17.0
2025-05-10T15:00,3.3055555555555554,16.7
2025-05-10T16:00,2.6666666666666665,17.0
2025-05-10T17:00,2.4722222222222223,17.0
2025-05-10T18:00,3.2777777777777777,16.0
2025-05-10T19:00,4.861111111111111,14.1
2025-05-10T20:00,4.277777777777778,12.4
2025-05-10T21:00,2.6666666666666665,11.4
2025-05-10T22:00,2.25,10.2
2025-05-10T23:00,1.8611111111111112,9.4
2025-05-11T00:00,1.5833333333333333,9.0
2025-05-11T01:00,0.9166666666666666,8.6
2025-05-11T02:00,1.5277777777777777,8.1
2025-05-11T03:00,1.5555555555555554,7.7
2025-05-11T04:00,4.083333333333333,7.1
2025-05-11T05:00,5.944444444444444,7.4
2025-05-11T06:00,5.638888888888889,8.3
2025-05-11T07:00,5.555555555555555,9.4
2025-05-11T08:00,4.555555555555555,10.3
2025-05-11T09:00,4.361111111111111,11.7
2025-05-11T10:00,4.305555555555555,12.9
2025-05-11T11:00,4.333333333333333,13.9
2025-05-11T12:00,4.277777777777778,14.7
2025-05-11T13:00,4.027777777777778,15.6
2025-05-11T14:00,3.75,16.6
2025-05-11T15:00,5.083333333333333,16.2
2025-05-11T16:00,4.833333333333333,16.2
2025-05-11T17:00,4.694444444444444,16.1
2025-05-11T18:00,5.027777777777778,15.4
2025-05-11T19:00,5.361111111111112,14.2
2025-05-11T20:00,5.194444444444444,12.9
2025-05-11T21:00,5.694444444444445,11.9
2025-05-11T22:00,5.888888888888888,10.9
2025-05-11T23:00,5.638888888888889,10.2
2025-05-12T00:00,5.305555555555556,9.6
2025-05-12T01:00,5.472222222222222,9.2
2025-05-12T02:00,5.416666666666667,8.7
2025-05-12T03:00,5.027777777777778,7.9
2025-05-12T04:00,5.055555555555555,7.7
2025-05-12T05:00,5.111111111111111,7.4
2025-05-12T06:00,4.527777777777778,7.6
2025-05-12T07:00,4.0,8.4
2025-05-12T08:00,2.1944444444444446,9.6
2025-05-12T09:00,2.2222222222222223,11.2
2025-05-12T10:00,2.638888888888889,12.8
2025-05-12T11:00,2.5277777777777777,14.1
2025-05-12T12:00,1.972222222222222,15.2
2025-05-12T13:00,1.8888888888888888,16.2
2025-05-12T14:00,2.111111111111111,16.8
2025-05-12T15:00,1.5277777777777777,17.6
2025-05-12T16:00,1.75,18.3
2025-05-12T17:00,1.8611111111111112,18.6
2025-05-12T18:00,4.333333333333333,17.5
2025-05-12T19:00,5.75,15.6
2025-05-12T20:00,4.166666666666667,14.2
2025-05-12T21:00,3.194444444444444,12.7
2025-05-12T22:00,3.083333333333333,11.4
2025-05-12T23:00,4.416666666666667,11.1
2025-05-13T00:00,5.222222222222222,10.6
2025-05-13T01:00,5.833333333333333,10.2
2025-05-13T02:00,6.305555555555555,9.9
2025-05-13T03:00,6.944444444444445,9.2
2025-05-13T04:00,7.611111111111111,9.2
2025-05-13T05:00,8.11111111111111,9.2
2025-05-13T06:00,8.472222222222221,9.6
2025-05-13T07:00,8.805555555555555,10.8
2025-05-13T08:00,9.61111111111111,12.2
2025-05-13T09:00,7.666666666666667,13.8
2025-05-13T10:00,8.194444444444445,15.0
2025-05-13T11:00,8.444444444444445,15.8
2025-05-13T12:00,8.5,16.6
2025-05-13T13:00,8.444444444444445,16.9
2025-05-13T14:00,8.75,16.8
2025-05-13T15:00,8.75,17.0
2025-05-13T16:00,8.472222222222221,16.9
2025-05-13T17:00,7.916666666666666,16.6
2025-05-13T18:00,7.972222222222221,16.0
2025-05-13T19:00,6.972222222222222,15.2
2025-05-13T20:00,7.0,14.6
2025-05-13T21:00,7.027777777777778,13.5
2025-05-13T22:00,7.611111111111111,12.5
2025-05-13T23:00,7.861111111111111,12.0
2025-05-14T00:00,7.972222222222221,11.8
2025-05-14T01:00,7.805555555555555,11.7
2025-05-14T02:00,7.444444444444445,11.4
2025-05-14T03:00,6.111111111111111,10.6
2025-05-14T04:00,5.527777777777778,10.4
2025-05-14T05:00,4.555555555555555,10.2
2025-05-14T06:00,7.027777777777778,10.6
2025-05-14T07:00,9.11111111111111,12.1
2025-05-14T08:00,8.694444444444445,13.2
2025-05-14T09:00,9.444444444444445,13.3
2025-05-14T10:00,8.333333333333334,13.5
2025-05-14T11:00,7.0,13.9
2025-05-14T12:00,6.111111111111111,14.4
2025-05-14T13:00,5.5,14.8
2025-05-14T14:00,5.527777777777778,15.1
2025-05-14T15:00,6.361111111111111,13.9
2025-05-14T16:00,6.027777777777778,13.4
2025-05-14T17:00,6.055555555555555,13.1
2025-05-14T18:00,5.916666666666667,12.8
2025-05-14T19:00,6.0,12.1
2025-05-14T20:00,5.916666666666667,11.6
2025-05-14T21:00,6.361111111111111,10.4
2025-05-14T22:00,7.305555555555555,9.4
2025-05-14T23:00,7.861111111111111,9.1
2025-05-15T00:00,8.916666666666666,9.1
2025-05-15T01:00,9.166666666666666,9.3
2025-05-15T02:00,8.333333333333334,8.8
2025-05-15T03:00,9.833333333333332,7.8
2025-05-15T04:00,9.555555555555555,7.4
2025-05-15T05:00,8.86111111111111,7.1
2025-05-15T06:00,8.13888888888889,7.1
2025-05-15T07:00,7.777777777777778,7.8
2025-05-15T08:00,7.666666666666667,9.1
2025-05-15T09:00,7.666666666666667,10.1
2025-05-15T10:00,7.305555555555555,11.1
2025-05-15T11:00,7.027777777777778,12.1
2025-05-15T12:00,7.055555555555555,12.9
2025-05-15T13:00,7.027777777777778,13.6
2025-05-15T14:00,7.666666666666667,13.7
2025-05-15T15:00,7.555555555555555,14.2
2025-05-15T16:00,7.5,14.2
2025-05-15T17:00,8.277777777777779,14.1
2025-05-15T18:00,7.777777777777778,13.6
2025-05-15T19:00,6.777777777777777,13.4
2025-05-15T20:00,5.055555555555555,12.9
2025-05-15T21:00,4.972222222222221,11.8
2025-05-15T22:00,5.611111111111111,10.8
2025-05-15T23:00,6.527777777777778,10.3
2025-05-16T00:00,5.722222222222222,9.9
2025-05-16T01:00,5.222222222222222,9.6
2025-05-16T02:00,5.055555555555555,9.3
2025-05-16T03:00,5.333333333333333,8.8
2025-05-16T04:00,8.0,9.0
2025-05-16T05:00,7.944444444444445,9.1
2025-05-16T06:00,9.027777777777777,9.6
2025-05-16T07:00,8.61111111111111,10.6
2025-05-16T08:00,7.527777777777778,11.7
2025-05-16T09:00,8.36111111111111,12.4
2025-05-16T10:00,8.13888888888889,13.2
2025-05-16T11:00,7.527777777777778,14.0
2025-05-16T12:00,7.111111111111112,14.9
2025-05-16T13:00,7.222222222222222,15.5
2025-05-16T14:00,6.777777777777777,16.0
2025-05-16T15:00,7.25,16.3
2025-05-16T16:00,7.583333333333333,16.8
2025-05-16T17:00,7.888888888888888,16.7
2025-05-16T18:00,7.305555555555555,16.0
2025-05-16T19:00,6.194444444444445,15.7
2025-05-16T20:00,4.055555555555555,14.9
2025-05-16T21:00,4.0,13.4
2025-05-16T22:00,7.638888888888888,12.0
2025-05-16T23:00,7.111111111111112,11.2
2025-05-17T00:00,8.61111111111111,11.5
2025-05-17T01:00,8.75,11.1
2025-05-17T02:00,9.222222222222223,10.9
2025-05-17T03:00,8.13888888888889,10.4
2025-05-17T04:00,8.083333333333334,10.4
2025-05-17T05:00,8.13888888888889,10.7
2025-05-17T06:00,8.305555555555555,11.2
2025-05-17T07:00,7.833333333333333,12.2
2025-05-17T08:00,6.861111111111111,13.4
2025-05-17T09:00,7.777777777777778,14.2
2025-05-17T10:00,7.888888888888888,14.4
2025-05-17T11:00,8.083333333333334,14.9
2025-05-17T12:00,8.305555555555555,14.9
2025-05-17T13:00,8.972222222222221,14.3
2025-05-17T14:00,8.11111111111111,14.8
2025-05-17T15:00,7.861111111111111,15.7
2025-05-17T16:00,7.777777777777778,16.2
2025-05-17T17:00,7.888888888888888,16.4
2025-05-17T18:00,7.749999999999999,16.2
2025-05-17T19:00,6.638888888888888,15.8
2025-05-17T20:00,6.222222222222221,15.2
2025-05-17T21:00,5.861111111111112,14.0
2025-05-17T22:00,5.361111111111112,12.4
2025-05-17T23:00,4.166666666666667,11.6
2025-05-18T00:00,4.138888888888889,10.8
2025-05-18T01:00,3.9722222222222223,10.2
2025-05-18T02:00,3.7777777777777777,9.4
2025-05-18T03:00,4.305555555555555,8.5
2025-05-18T04:00,5.583333333333334,8.4
2025-05-18T05:00,6.777777777777777,8.6
2025-05-18T06:00,7.638888888888888,9.0
2025-05-18T07:00,7.583333333333333,10.4
2025-05-18T08:00,7.583333333333333,12.2
2025-05-18T09:00,6.611111111111111,13.9
2025-05-18T10:00,7.5,14.9
2025-05-18T11:00,8.11111111111111,15.4
2025-05-18T12:00,8.083333333333334,15.6
2025-05-18T13:00,8.11111111111111,15.8
2025-05-18T14:00,8.083333333333334,16.2
2025-05-18T15:00,7.888888888888888,16.9
2025-05-18T16:00,7.583333333333333,17.0
2025-05-18T17:00,7.527777777777778,16.8
2025-05-18T18:00,7.5,16.9
2025-05-18T19:00,6.944444444444445,16.9
2025-05-18T20:00,6.222222222222221,16.5
2025-05-18T21:00,6.361111111111111,15.1
2025-05-18T22:00,6.527777777777778,13.9
2025-05-18T23:00,6.388888888888888,13.1
2025-05-19T00:00,6.083333333333333,12.7
2025-05-19T01:00,6.25,11.9
2025-05-19T02:00,6.499999999999999,11.4
2025-05-19T03:00,6.611111111111111,10.4
2025-05-19T04:00,6.472222222222222,9.7
2025-05-19T05:00,6.499999999999999,9.2
2025-05-19T06:00,6.638888888888888,9.4
2025-05-19T07:00,6.972222222222222,10.6
2025-05-19T08:00,7.666666666666667,12.4
2025-05-19T09:00,5.444444444444445,14.4
2025-05-19T10:00,5.833333333333333,16.6
2025-05-19T11:00,5.666666666666666,18.2
2025-05-19T12:00,5.166666666666667,19.2
2025-05-19T13:00,4.583333333333333,20.0
2025-05-19T14:00,4.638888888888888,20.3
2025-05-19T15:00,4.972222222222221,20.6
2025-05-19T16:00,5.194444444444444,20.4
2025-05-19T17:00,4.722222222222222,20.0
2025-05-19T18:00,6.055555555555555,19.0
2025-05-19T19:00,5.944444444444444,17.3
2025-05-19T20:00,6.027777777777778,16.4
2025-05-19T21:00,6.499999999999999,15.2
2025-05-19T22:00,7.138888888888888,14.1
2025-05-19T23:00,7.583333333333333,13.4
2025-05-20T00:00,7.777777777777778,12.8
2025-05-20T01:00,7.722222222222222,12.4
2025-05-20T02:00,7.833333333333333,12.1
2025-05-20T03:00,8.166666666666666,11.1
2025-05-20T04:00,8.36111111111111,11.0
2025-05-20T05:00,8.444444444444445,10.8
2025-05-20T06:00,8.36111111111111,11.1
2025-05-20T07:00,8.38888888888889,12.0
2025-05-20T08:00,6.805555555555555,13.4
2025-05-20T09:00,6.416666666666667,14.8
2025-05-20T10:00,6.166666666666666,16.1
2025-05-20T11:00,6.111111111111111,17.5
2025-05-20T12:00,6.055555555555555,18.7
2025-05-20T13:00,6.111111111111111,19.7
2025-05-20T14:00,6.388888888888888,20.2
2025-05-20T15:00,7.277777777777778,19.4
2025-05-20T16:00,7.25,19.0
2025-05-20T17:00,7.333333333333333,17.9
2025-05-20T18:00,6.861111111111111,17.0
2025-05-20T19:00,6.916666666666666,15.9
2025-05-20T20:00,6.805555555555555,14.6
2025-05-20T21:00,6.777777777777777,13.6
2025-05-20T22:00,7.527777777777778,12.4
2025-05-20T23:00,7.388888888888889,11.4
2025-05-21T00:00,7.277777777777778,10.7
2025-05-21T01:00,7.194444444444444,10.4
2025-05-21T02:00,7.138888888888888,10.0
2025-05-21T03:00,6.527777777777778,10.1
2025-05-21T04:00,6.444444444444444,9.7
2025-05-21T05:00,5.722222222222222,10.1
2025-05-21T06:00,4.611111111111112,10.6
2025-05-21T07:00,4.583333333333333,11.4
2025-05-21T08:00,2.638888888888889,12.4
2025-05-21T09:00,4.388888888888889,12.6
2025-05-21T10:00,6.305555555555555,12.1
2025-05-21T11:00,5.805555555555555,13.1
2025-05-21T12:00,7.25,12.9
2025-05-21T13:00,7.833333333333333,13.8
2025-05-21T14:00,6.805555555555555,13.7
2025-05-21T15:00,6.305555555555555,14.2
2025-05-21T16:00,6.833333333333334,13.8
2025-05-21T17:00,5.305555555555556,13.8
2025-05-21T18:00,5.472222222222222,13.2
2025-05-21T19:00,5.666666666666666,12.8
2025-05-21T20:00,7.666666666666667,11.6
2025-05-21T21:00,7.555555555555555,10.9
2025-05-21T22:00,6.888888888888889,10.0
2025-05-21T23:00,5.916666666666667,9.3
2025-05-22T00:00,5.583333333333334,8.9
2025-05-22T01:00,6.027777777777778,8.5
2025-05-22T02:00,3.861111111111111,7.4
2025-05-22T03:00,1.777777777777778,6.5
2025-05-22T04:00,5.249999999999999,6.1
2025-05-22T05:00,10.444444444444445,5.4
2025-05-22T06:00,13.25,5.7
2025-05-22T07:00,12.999999999999998,5.6
2025-05-22T08:00,11.916666666666666,6.4
2025-05-22T09:00,10.583333333333334,7.4
2025-05-22T10:00,10.416666666666666,8.2
2025-05-22T11:00,11.166666666666668,8.8
2025-05-22T12:00,10.36111111111111,9.8
2025-05-22T13:00,8.722222222222221,10.4
2025-05-22T14:00,8.194444444444445,11.0
2025-05-22T15:00,8.194444444444445,10.4
2025-05-22T16:00,7.749999999999999,10.2
2025-05-22T17:00,8.25,9.9
2025-05-22T18:00,7.138888888888888,10.1
2025-05-22T19:00,6.75,8.4
2025-05-22T20:00,8.222222222222223,9.1
2025-05-22T21:00,8.36111111111111,8.1
2025-05-22T22:00,7.388888888888889,8.0
2025-05-22T23:00,6.027777777777778,7.0
2025-05-23T00:00,5.916666666666667,4.9
2025-05-23T01:00,5.777777777777778,5.7
2025-05-23T02:00,4.527777777777778,5.7
2025-05-23T03:00,5.611111111111111,5.6
2025-05-23T04:00,7.0,5.8
2025-05-23T05:00,6.194444444444445,5.2
2025-05-23T06:00,4.805555555555555,5.9
2025-05-23T07:00,4.611111111111112,7.2
2025-05-23T08:00,4.083333333333333,6.8
2025-05-23T09:00,3.416666666666667,6.9
2025-05-23T10:00,5.5,8.2
2025-05-23T11:00,7.027777777777778,8.8
2025-05-23T12:00,7.638888888888888,9.0
2025-05-23T13:00,6.944444444444445,9.9
2025-05-23T14:00,7.111111111111112,10.1
2025-05-23T15:00,6.388888888888888,10.4
2025-05-23T16:00,5.666666666666666,10.5
2025-05-23T17:00,5.166666666666667,10.0
2025-05-23T18:00,5.249999999999999,10.1
2025-05-23T19:00,3.638888888888889,9.8
2025-05-23T20:00,2.4166666666666665,9.6
2025-05-23T21:00,2.861111111111111,9.1
2025-05-23T22:00,0.6666666666666666,8.6
2025-05-23T23:00,3.7222222222222223,7.9
2025-05-24T00:00,4.805555555555555,7.3
2025-05-24T01:00,5.666666666666666,6.9
2025-05-24T02:00,6.166666666666666,6.7
2025-05-24T03:00,5.916666666666667,6.3
2025-05-24T04:00,6.305555555555555,6.1
2025-05-24T05:00,6.166666666666666,6.2
2025-05-24T06:00,6.111111111111111,6.7
2025-05-24T07:00,6.277777777777778,8.1
2025-05-24T08:00,5.694444444444445,9.4
2025-05-24T09:00,6.444444444444444,10.4
2025-05-24T10:00,6.75,10.9
2025-05-24T11:00,7.083333333333333,11.0
2025-05-24T12:00,7.749999999999999,10.9
2025-05-24T13:00,6.777777777777777,10.9
2025-05-24T14:00,6.972222222222222,12.4
2025-05-24T15:00,7.055555555555555,12.0
2025-05-24T16:00,6.805555555555555,13.2
2025-05-24T17:00,6.277777777777778,13.6
2025-05-24T18:00,4.388888888888889,14.1
2025-05-24T19:00,3.5833333333333335,14.6
2025-05-24T20:00,3.2777777777777777,13.9
2025-05-24T21:00,4.194444444444445,12.9
2025-05-24T22:00,6.499999999999999,11.7
2025-05-24T23:00,7.944444444444445,11.4
2025-05-25T00:00,8.166666666666666,11.1
2025-05-25T01:00,8.583333333333332,11.0
2025-05-25T02:00,9.027777777777777,11.1
2025-05-25T03:00,9.194444444444445,11.2
2025-05-25T04:00,8.722222222222221,11.3
2025-05-25T05:00,8.416666666666666,11.2
2025-05-25T06:00,7.916666666666666,11.1
2025-05-25T07:00,7.666666666666667,11.4
2025-05-25T08:00,7.611111111111111,12.1
2025-05-25T09:00,5.583333333333334,12.8
2025-05-25T10:00,5.416666666666667,13.4
2025-05-25T11:00,5.861111111111112,14.2
2025-05-25T12:00,6.111111111111111,14.4
2025-05-25T13:00,5.555555555555555,15.4
2025-05-25T14:00,8.11111111111111,14.8
2025-05-25T15:00,6.444444444444444,14.8
2025-05-25T16:00,7.888888888888888,14.4
2025-05-25T17:00,8.083333333333334,14.3
2025-05-25T18:00,7.444444444444445,13.9
2025-05-25T19:00,7.361111111111111,13.9
2025-05-25T20:00,8.305555555555555,13.6
2025-05-25T21:00,8.86111111111111,12.8
2025-05-25T22:00,9.361111111111112,11.8
2025-05-25T23:00,9.222222222222223,11.5
2025-05-26T00:00,8.972222222222221,11.4
2025-05-26T01:00,8.194444444444445,10.6
2025-05-26T02:00,8.222222222222223,10.2
2025-05-26T03:00,8.333333333333334,9.9
2025-05-26T04:00,8.13888888888889,9.6
2025-05-26T05:00,8.11111111111111,9.4
2025-05-26T06:00,8.11111111111111,9.4
2025-05-26T07:00,8.055555555555555,10.1
2025-05-26T08:00,7.0,11.2
2025-05-26T09:00,7.638888888888888,12.5
2025-05-26T10:00,10.25,12.4
2025-05-26T11:00,9.472222222222223,12.4
2025-05-26T12:00,9.194444444444445,13.2
2025-05-26T13:00,8.38888888888889,14.1
2025-05-26T14:00,8.722222222222221,14.7
2025-05-26T15:00,8.805555555555555,14.9
2025-05-26T16:00,9.11111111111111,14.4
2025-05-26T17:00,9.61111111111111,13.9
2025-05-26T18:00,9.472222222222223,13.4
2025-05-26T19:00,8.86111111111111,12.8
2025-05-26T20:00,8.083333333333334,12.1
2025-05-26T21:00,8.027777777777777,11.2
2025-05-26T22:00,7.416666666666666,10.4
2025-05-26T23:00,7.305555555555555,10.1
2025-05-27T00:00,7.027777777777778,10.0
2025-05-27T01:00,7.583333333333333,9.9
2025-05-27T02:00,7.194444444444444,9.6
2025-05-27T03:00,7.805555555555555,8.9
2025-05-27T04:00,8.055555555555555,9.0
2025-05-27T05:00,8.63888888888889,9.0
2025-05-27T06:00,9.194444444444445,9.4
2025-05-27T07:00,10.222222222222221,10.0
2025-05-27T08:00,10.88888888888889,10.6
2025-05-27T09:00,11.38888888888889,11.1
2025-05-27T10:00,11.222222222222221,11.3
2025-05-27T11:00,11.972222222222223,11.4
2025-05-27T12:00,12.777777777777777,12.4
2025-05-27T13:00,11.166666666666668,12.6
2025-05-27T14:00,9.833333333333332,13.5
2025-05-27T15:00,11.0,13.6
2025-05-27T16:00,10.416666666666666,14.0
2025-05-27T17:00,10.666666666666666,13.8
2025-05-27T18:00,9.694444444444445,13.2
2025-05-27T19:00,9.0,12.5
2025-05-27T20:00,8.166666666666666,12.1
2025-05-27T21:00,7.555555555555555,11.6
2025-05-27T22:00,6.861111111111111,10.8
2025-05-27T23:00,6.25,10.4
2025-05-28T00:00,5.694444444444445,10.3
2025-05-28T01:00,5.055555555555555,10.1
2025-05-28T02:00,5.416666666666667,9.7
2025-05-28T03:00,4.777777777777778,9.1
2025-05-28T04:00,4.833333333333333,8.9
2025-05-28T05:00,4.861111111111111,8.9
2025-05-28T06:00,4.305555555555555,8.9
2025-05-28T07:00,3.083333333333333,9.6
2025-05-28T08:00,2.8055555555555554,10.9
2025-05-28T09:00,2.75,12.0
2025-05-28T10:00,2.6666666666666665,12.9
2025-05-28T11:00,2.6666666666666665,13.7
2025-05-28T12:00,3.333333333333333,14.3
2025-05-28T13:00,4.138888888888889,14.6
2025-05-28T14:00,4.333333333333333,14.9
2025-05-28T15:00,4.861111111111111,14.6
2025-05-28T16:00,5.138888888888888,14.4
2025-05-28T17:00,6.611111111111111,14.3
2025-05-28T18:00,6.638888888888888,13.9
2025-05-28T19:00,6.611111111111111,13.4
2025-05-28T20:00,6.611111111111111,12.8
2025-05-28T21:00,7.0,11.8
2025-05-28T22:00,7.472222222222221,10.6
2025-05-28T23:00,8.25,9.9
2025-05-29T00:00,8.63888888888889,9.6
2025-05-29T01:00,9.055555555555555,9.4
2025-05-29T02:00,9.305555555555555,9.4
2025-05-29T03:00,9.0,9.2
2025-05-29T04:00,8.416666666666666,9.2
2025-05-29T05:00,8.222222222222223,9.3
2025-05-29T06:00,7.861111111111111,9.8
2025-05-29T07:00,7.138888888888888,10.5
2025-05-29T08:00,8.0,11.4
2025-05-29T09:00,8.166666666666666,12.2
2025-05-29T10:00,7.749999999999999,13.1
2025-05-29T11:00,7.333333333333333,13.9
2025-05-29T12:00,6.805555555555555,14.7
2025-05-29T13:00,6.777777777777777,15.2
2025-05-29T14:00,6.694444444444445,15.4
2025-05-29T15:00,5.666666666666666,15.4
2025-05-29T16:00,5.0,15.6
2025-05-29T17:00,5.75,15.4
2025-05-29T18:00,7.416666666666666,14.6
2025-05-29T19:00,6.416666666666667,13.0
2025-05-29T20:00,7.416666666666666,12.1
2025-05-29T21:00,8.13888888888889,11.2
2025-05-29T22:00,9.194444444444445,11.1
2025-05-29T23:00,9.63888888888889,11.2
2025-05-30T00:00,10.388888888888888,11.1
2025-05-30T01:00,10.0,11.9
2025-05-30T02:00,8.75,12.4
2025-05-30T03:00,9.694444444444445,13.4
2025-05-30T04:00,10.194444444444445,13.8
2025-05-30T05:00,9.333333333333334,13.5
2025-05-30T06:00,8.88888888888889,12.6
2025-05-30T07:00,8.86111111111111,12.4
2025-05-30T08:00,9.61111111111111,12.8
2025-05-30T09:00,11.0,13.6
2025-05-30T10:00,10.472222222222223,14.5
2025-05-30T11:00,11.11111111111111,15.5
2025-05-30T12:00,10.083333333333332,16.0
2025-05-30T13:00,8.833333333333334,15.2
2025-05-30T14:00,7.555555555555555,14.6
2025-05-30T15:00,7.166666666666667,13.9
2025-05-30T16:00,8.833333333333334,14.4
2025-05-30T17:00,10.11111111111111,15.5
2025-05-30T18:00,9.166666666666666,15.2
2025-05-30T19:00,7.611111111111111,14.8
2025-05-30T20:00,6.75,13.9
2025-05-30T21:00,7.722222222222222,12.8
2025-05-30T22:00,7.361111111111111,11.4
2025-05-30T23:00,8.055555555555555,10.8
2025-05-31T00:00,8.583333333333332,10.4
2025-05-31T01:00,8.5,9.9
2025-05-31T02:00,8.416666666666666,9.8
2025-05-31T03:00,8.0,9.9
2025-05-31T04:00,7.861111111111111,9.8
2025-05-31T05:00,7.805555555555555,9.6
2025-05-31T06:00,7.555555555555555,9.9
2025-05-31T07:00,6.444444444444444,10.8
2025-05-31T08:00,6.0,11.8
2025-05-31T09:00,6.166666666666666,12.8
2025-05-31T10:00,6.111111111111111,13.6
2025-05-31T11:00,5.861111111111112,14.4
2025-05-31T12:00,5.861111111111112,15.0
2025-05-31T13:00,5.694444444444445,15.6
2025-05-31T14:00,5.555555555555555,16.0
2025-05-31T15:00,5.055555555555555,16.1
2025-05-31T16:00,4.861111111111111,16.1
2025-05-31T17:00,4.138888888888889,16.1
2025-05-31T18:00,3.4722222222222223,15.7
2025-05-31T19:00,2.0,15.1
2025-05-31T20:00,1.0833333333333333,14.3
2025-05-31T21:00,0.8055555555555555,13.3
2025-05-31T22:00,1.611111111111111,11.9
2025-05-31T23:00,2.9166666666666665,11.8
2025-06-01T00:00,3.8055555555555554,11.4
2025-06-01T01:00,4.722222222222222,11.2
2025-06-01T02:00,5.555555555555555,11.1
2025-06-01T03:00,6.361111111111111,10.9
2025-06-01T04:00,6.694444444444445,11.6
2025-06-01T05:00,7.611111111111111,11.2
2025-06-01T06:00,8.61111111111111,12.2
2025-06-01T07:00,8.027777777777777,13.6
2025-06-01T08:00,7.583333333333333,14.9
2025-06-01T09:00,6.416666666666667,16.6
2025-06-01T10:00,6.222222222222221,17.7
2025-06-01T11:00,6.111111111111111,18.0
2025-06-01T12:00,5.416666666666667,18.9
2025-06-01T13:00,5.027777777777778,19.0
2025-06-01T14:00,6.333333333333333,18.4
2025-06-01T15:00,4.111111111111112,18.6
2025-06-01T16:00,6.25,18.4
2025-06-01T17:00,4.583333333333333,16.0
2025-06-01T18:00,3.8333333333333335,15.8
2025-06-01T19:00,3.8333333333333335,14.9
2025-06-01T20:00,3.638888888888889,14.5
2025-06-01T21:00,4.666666666666667,14.1
2025-06-01T22:00,5.805555555555555,13.1
2025-06-01T23:00,6.222222222222221,12.4
2025-06-02T00:00,6.361111111111111,11.7
2025-06-02T01:00,7.305555555555555,11.2
2025-06-02T02:00,7.833333333333333,10.9
2025-06-02T03:00,7.777777777777778,10.8
2025-06-02T04:00,8.277777777777779,10.6
2025-06-02T05:00,8.472222222222221,10.6
2025-06-02T06:00,8.305555555555555,10.9
2025-06-02T07:00,7.777777777777778,11.9
2025-06-02T08:00,7.222222222222222,12.8
2025-06-02T09:00,7.0,13.8
2025-06-02T10:00,7.694444444444444,13.2
2025-06-02T11:00,6.916666666666666,13.9
2025-06-02T12:00,6.861111111111111,14.1
2025-06-02T13:00,7.166666666666667,14.4
2025-06-02T14:00,7.833333333333333,15.1
2025-06-02T15:00,8.416666666666666,14.9
2025-06-02T16:00,8.472222222222221,14.8
2025-06-02T17:00,8.416666666666666,14.2
2025-06-02T18:00,8.36111111111111,13.6
2025-06-02T19:00,7.916666666666666,12.7
2025-06-02T20:00,7.277777777777778,12.0
2025-06-02T21:00,7.805555555555555,11.1
2025-06-02T22:00,7.472222222222221,10.3
2025-06-02T23:00,7.472222222222221,10.1
2025-06-03T00:00,7.25,10.0
2025-06-03T01:00,6.861111111111111,9.9
2025-06-03T02:00,6.611111111111111,9.6
2025-06-03T03:00,6.527777777777778,8.6
2025-06-03T04:00,6.277777777777778,8.4
2025-06-03T05:00,6.305555555555555,8.1
2025-06-03T06:00,6.083333333333333,8.4
2025-06-03T07:00,5.555555555555555,8.9
2025-06-03T08:00,4.972222222222221,10.1
2025-06-03T09:00,5.388888888888888,11.4
2025-06-03T10:00,5.611111111111111,12.8
2025-06-03T11:00,6.138888888888889,14.1
2025-06-03T12:00,8.166666666666666,15.4
2025-06-03T13:00,8.25,15.1
2025-06-03T14:00,9.333333333333334,16.5
2025-06-03T15:00,9.805555555555555,16.6
2025-06-03T16:00,9.88888888888889,17.9
2025-06-03T17:00,9.63888888888889,18.0
2025-06-03T18:00,8.444444444444445,17.5
2025-06-03T19:00,8.777777777777779,16.8
2025-06-03T20:00,9.277777777777777,16.6
2025-06-03T21:00,9.777777777777779,15.4
2025-06-03T22:00,9.055555555555555,14.9
2025-06-03T23:00,8.555555555555555,14.2
2025-06-04T00:00,8.86111111111111,14.2
2025-06-04T01:00,9.11111111111111,14.3
2025-06-04T02:00,8.916666666666666,13.8
2025-06-04T03:00,10.25,13.1
2025-06-04T04:00,9.083333333333334,13.0
2025-06-04T05:00,9.361111111111112,13.1
2025-06-04T06:00,9.61111111111111,13.2
2025-06-04T07:00,8.444444444444445,13.5
2025-06-04T08:00,8.38888888888889,14.1
2025-06-04T09:00,8.333333333333334,14.1
2025-06-04T10:00,8.0,15.3
2025-06-04T11:00,7.0,16.5
2025-06-04T12:00,7.444444444444445,17.0
2025-06-04T13:00,7.638888888888888,17.5
2025-06-04T14:00,7.972222222222221,16.3
2025-06-04T15:00,8.194444444444445,16.8
2025-06-04T16:00,7.749999999999999,15.9
2025-06-04T17:00,6.777777777777777,15.8
2025-06-04T18:00,7.777777777777778,14.8
2025-06-04T19:00,7.722222222222222,14.1
2025-06-04T20:00,7.527777777777778,13.6
2025-06-04T21:00,7.194444444444444,12.9
2025-06-04T22:00,6.944444444444445,11.9
2025-06-04T23:00,6.833333333333334,11.1
2025-06-05T00:00,7.222222222222222,10.6
2025-06-05T01:00,7.305555555555555,10.2
2025-06-05T02:00,7.166666666666667,9.9
2025-06-05T03:00,7.083333333333333,9.2
2025-06-05T04:00,6.972222222222222,8.9
2025-06-05T05:00,7.333333333333333,8.6
2025-06-05T06:00,7.972222222222221,8.8
2025-06-05T07:00,8.25,9.8
2025-06-05T08:00,6.722222222222221,11.1
2025-06-05T09:00,6.027777777777778,12.9
2025-06-05T10:00,7.361111111111111,14.4
2025-06-05T11:00,7.5,15.2
2025-06-05T12:00,7.222222222222222,16.1
2025-06-05T13:00,7.083333333333333,16.3
2025-06-05T14:00,3.638888888888889,13.8
2025-06-05T15:00,4.666666666666667,15.4
2025-06-05T16:00,7.138888888888888,14.9
2025-06-05T17:00,7.694444444444444,14.4
2025-06-05T18:00,6.027777777777778,14.3
2025-06-05T19:00,7.416666666666666,13.4
2025-06-05T20:00,6.194444444444445,12.9
2025-06-05T21:00,6.305555555555555,12.9
2025-06-05T22:00,6.333333333333333,12.7
2025-06-05T23:00,7.138888888888888,12.4
2025-06-06T00:00,6.333333333333333,12.1
2025-06-06T01:00,5.055555555555555,11.9
2025-06-06T02:00,4.972222222222221,11.8
2025-06-06T03:00,5.166666666666667,11.6
2025-06-06T04:00,5.222222222222222,10.8
2025-06-06T05:00,5.666666666666666,10.9
2025-06-06T06:00,6.638888888888888,11.4
2025-06-06T07:00,6.027777777777778,12.0
2025-06-06T08:00,6.166666666666666,12.7
2025-06-06T09:00,6.666666666666666,12.7
2025-06-06T10:00,7.638888888888888,13.1
2025-06-06T11:00,8.25,12.8
2025-06-06T12:00,8.583333333333332,13.1
2025-06-06T13:00,6.027777777777778,14.4
2025-06-06T14:00,10.499999999999998,14.6
2025-06-06T15:00,11.166666666666668,14.1
2025-06-06T16:00,10.638888888888888,14.1
2025-06-06T17:00,11.416666666666666,12.6
2025-06-06T18:00,10.333333333333334,13.2
2025-06-06T19:00,9.805555555555555,12.7
2025-06-06T20:00,10.0,12.1
2025-06-06T21:00,10.277777777777777,11.6
2025-06-06T22:00,9.5,10.9
2025-06-06T23:00,9.166666666666666,10.7
2025-06-07T00:00,9.416666666666666,10.3
2025-06-07T01:00,9.0,10.2
2025-06-07T02:00,8.777777777777779,10.1
2025-06-07T03:00,8.944444444444445,10.1
2025-06-07T04:00,8.444444444444445,10.0
2025-06-07T05:00,7.861111111111111,9.7
2025-06-07T06:00,7.25,10.1
2025-06-07T07:00,7.277777777777778,10.8
2025-06-07T08:00,6.916666666666666,11.6
2025-06-07T09:00,7.027777777777778,12.4
2025-06-07T10:00,7.111111111111112,13.1
2025-06-07T11:00,6.75,14.1
2025-06-07T12:00,6.638888888888888,14.5
2025-06-07T13:00,6.555555555555555,14.9
2025-06-07T14:00,6.194444444444445,15.1
2025-06-07T15:00,5.583333333333334,15.1
2025-06-07T16:00,4.638888888888888,15.4
2025-06-07T17:00,4.333333333333333,14.9
2025-06-07T18:00,3.611111111111111,14.7
2025-06-07T19:00,3.3888888888888884,14.6
2025-06-07T20:00,3.1111111111111107,14.0
2025-06-07T21:00,1.5277777777777777,13.2
2025-06-07T22:00,0.25,12.5
2025-06-07T23:00,0.8611111111111112,11.7
2025-06-08T00:00,2.2222222222222223,10.9
2025-06-08T01:00,3.5277777777777777,10.4
2025-06-08T02:00,3.9166666666666665,10.6
2025-06-08T03:00,2.972222222222222,11.0
2025-06-08T04:00,3.555555555555556,10.6
2025-06-08T05:00,3.2777777777777777,10.6
2025-06-08T06:00,3.194444444444444,10.5
2025-06-08T07:00,2.7777777777777777,11.1
2025-06-08T08:00,1.7222222222222223,11.9
2025-06-08T09:00,1.5,12.9
2025-06-08T10:00,1.25,13.6
2025-06-08T11:00,1.6666666666666665,14.1
2025-06-08T12:00,2.4166666666666665,14.8
2025-06-08T13:00,3.6944444444444446,14.6
2025-06-08T14:00,5.361111111111112,14.1
2025-06-08T15:00,5.5,14.9
2025-06-08T16:00,6.333333333333333,14.7
2025-06-08T17:00,7.972222222222221,14.6
2025-06-08T18:00,9.055555555555555,14.1
2025-06-08T19:00,9.777777777777779,13.2
2025-06-08T20:00,10.444444444444445,12.4
2025-06-08T21:00,11.055555555555555,11.4
2025-06-08T22:00,10.916666666666666,10.7
2025-06-08T23:00,10.722222222222223,10.3
2025-06-09T00:00,11.055555555555555,10.1
2025-06-09T01:00,10.916666666666666,9.9
2025-06-09T02:00,11.055555555555555,9.7
2025-06-09T03:00,11.444444444444445,9.7
2025-06-09T04:00,11.861111111111112,9.7
2025-06-09T05:00,12.0,9.8
2025-06-09T06:00,11.833333333333334,10.1
2025-06-09T07:00,11.805555555555555,10.6
2025-06-09T08:00,11.722222222222223,11.3
2025-06-09T09:00,12.083333333333332,11.9
2025-06-09T10:00,12.972222222222223,12.6
2025-06-09T11:00,12.805555555555555,12.9
2025-06-09T12:00,11.666666666666666,13.4
2025-06-09T13:00,11.805555555555555,13.8
2025-06-09T14:00,11.194444444444443,13.9
2025-06-09T15:00,10.666666666666666,14.4
2025-06-09T16:00,9.5,14.6
2025-06-09T17:00,9.194444444444445,14.5
2025-06-09T18:00,8.555555555555555,14.2
2025-06-09T19:00,8.13888888888889,13.9
2025-06-09T20:00,8.027777777777777,12.8
2025-06-09T21:00,7.944444444444445,12.4
2025-06-09T22:00,7.5,11.8
2025-06-09T23:00,7.333333333333333,11.2
2025-06-10T00:00,7.611111111111111,11.1
2025-06-10T01:00,7.027777777777778,11.1
2025-06-10T02:00,6.499999999999999,10.9
2025-06-10T03:00,5.944444444444444,10.9
2025-06-10T04:00,5.472222222222222,10.6
2025-06-10T05:00,4.944444444444445,10.4
2025-06-10T06:00,5.861111111111112,10.3
2025-06-10T07:00,6.333333333333333,10.6
2025-06-10T08:00,7.138888888888888,10.7
2025-06-10T09:00,6.694444444444445,11.1
2025-06-10T10:00,6.083333333333333,11.6
2025-06-10T11:00,5.972222222222222,11.7
2025-06-10T12:00,5.249999999999999,11.8
2025-06-10T13:00,4.055555555555555,13.5
2025-06-10T14:00,3.0555555555555554,14.1
2025-06-10T15:00,3.4722222222222223,13.9
2025-06-10T16:00,2.2222222222222223,12.9
2025-06-10T17:00,1.5,12.8
2025-06-10T18:00,3.5,12.9
2025-06-10T19:00,6.444444444444444,12.4
2025-06-10T20:00,5.694444444444445,12.4
2025-06-10T21:00,5.805555555555555,11.9
2025-06-10T22:00,5.833333333333333,11.2
2025-06-10T23:00,6.722222222222221,10.6
2025-06-11T00:00,7.111111111111112,10.6
2025-06-11T01:00,6.638888888888888,10.1
2025-06-11T02:00,7.0,9.9
2025-06-11T03:00,7.611111111111111,9.9
2025-06-11T04:00,9.083333333333334,10.2
2025-06-11T05:00,9.361111111111112,10.1
2025-06-11T06:00,8.88888888888889,10.4
2025-06-11T07:00,8.277777777777779,11.1
2025-06-11T08:00,8.805555555555555,11.6
2025-06-11T09:00,8.527777777777777,12.2
2025-06-11T10:00,8.36111111111111,12.9
2025-06-11T11:00,8.0,13.6
2025-06-11T12:00,8.055555555555555,14.1
2025-06-11T13:00,8.083333333333334,14.6
2025-06-11T14:00,8.0,14.9
2025-06-11T15:00,7.527777777777778,15.6
2025-06-11T16:00,7.5,15.6
2025-06-11T17:00,7.25,15.4
2025-06-11T18:00,7.305555555555555,14.9
2025-06-11T19:00,7.194444444444444,14.1
2025-06-11T20:00,6.194444444444445,13.2
2025-06-11T21:00,6.361111111111111,12.4
2025-06-11T22:00,6.805555555555555,11.4
2025-06-11T23:00,6.694444444444445,10.6
2025-06-12T00:00,6.861111111111111,10.3
2025-06-12T01:00,6.916666666666666,10.1
2025-06-12T02:00,6.277777777777778,9.9
2025-06-12T03:00,5.5,9.5
2025-06-12T04:00,5.0,9.5
2025-06-12T05:00,4.694444444444444,9.5
2025-06-12T06:00,4.027777777777778,10.0
2025-06-12T07:00,3.5277777777777777,11.1
2025-06-12T08:00,1.8055555555555556,12.4
2025-06-12T09:00,1.5833333333333333,13.9
2025-06-12T10:00,2.5555555555555554,15.4
2025-06-12T11:00,3.194444444444444,16.6
2025-06-12T12:00,3.083333333333333,17.6
2025-06-12T13:00,3.222222222222222,18.4
2025-06-12T14:00,3.75,19.0
2025-06-12T15:00,4.472222222222222,19.5
2025-06-12T16:00,4.638888888888888,19.5
2025-06-12T17:00,4.694444444444444,19.2
2025-06-12T18:00,4.805555555555555,18.6
2025-06-12T19:00,4.666666666666667,17.8
2025-06-12T20:00,5.111111111111111,16.6
2025-06-12T21:00,5.361111111111112,15.2
2025-06-12T22:00,5.916666666666667,13.6
2025-06-12T23:00,6.444444444444444,12.8
2025-06-13T00:00,6.638888888888888,12.3
2025-06-13T01:00,6.75,12.1
2025-06-13T02:00,6.611111111111111,12.1
2025-06-13T03:00,6.194444444444445,11.1
2025-06-13T04:00,6.444444444444444,11.1
2025-06-13T05:00,6.888888888888889,11.2
2025-06-13T06:00,6.638888888888888,11.8
2025-06-13T07:00,6.194444444444445,12.9
2025-06-13T08:00,6.972222222222222,14.5
2025-06-13T09:00,5.194444444444444,16.0
2025-06-13T10:00,6.083333333333333,17.1
2025-06-13T11:00,6.555555555555555,18.1
2025-06-13T12:00,7.083333333333333,18.7
2025-06-13T13:00,7.444444444444445,19.1
2025-06-13T14:00,7.25,19.4
2025-06-13T15:00,7.638888888888888,19.8
2025-06-13T16:00,7.916666666666666,19.5
2025-06-13T17:00,7.777777777777778,19.2
2025-06-13T18:00,7.444444444444445,18.7
2025-06-13T19:00,7.277777777777778,18.0
2025-06-13T20:00,7.25,17.0
2025-06-13T21:00,7.111111111111112,15.8
2025-06-13T22:00,7.555555555555555,14.6
2025-06-13T23:00,7.638888888888888,13.8
2025-06-14T00:00,7.361111111111111,13.1
2025-06-14T01:00,7.277777777777778,12.5
2025-06-14T02:00,7.361111111111111,12.1
2025-06-14T03:00,7.5,11.3
2025-06-14T04:00,7.777777777777778,11.1
2025-06-14T05:00,8.083333333333334,11.3
2025-06-14T06:00,7.583333333333333,12.1
2025-06-14T07:00,8.444444444444445,13.4
2025-06-14T08:00,6.777777777777777,14.8
2025-06-14T09:00,6.75,15.9
2025-06-14T10:00,7.166666666666667,17.1
2025-06-14T11:00,7.611111111111111,18.0
2025-06-14T12:00,7.638888888888888,18.9
2025-06-14T13:00,7.916666666666666,19.9
2025-06-14T14:00,8.722222222222221,20.6
2025-06-14T15:00,9.583333333333334,20.4
2025-06-14T16:00,9.805555555555555,20.3
2025-06-14T17:00,9.416666666666666,20.5
2025-06-14T18:00,8.277777777777779,20.6
2025-06-14T19:00,8.25,20.3
2025-06-14T20:00,8.305555555555555,19.7
2025-06-14T21:00,8.027777777777777,18.7
2025-06-14T22:00,8.11111111111111,17.6
2025-06-14T23:00,8.36111111111111,16.7
2025-06-15T00:00,7.833333333333333,16.2
2025-06-15T01:00,7.222222222222222,15.8
2025-06-15T02:00,6.694444444444445,15.4
2025-06-15T03:00,6.444444444444444,15.0
2025-06-15T04:00,5.916666666666667,14.7
2025-06-15T05:00,5.333333333333333,14.4
2025-06-15T06:00,4.805555555555555,14.6
2025-06-15T07:00,6.222222222222221,15.1
2025-06-15T08:00,3.4444444444444446,16.3
2025-06-15T09:00,2.611111111111111,17.6
2025-06-15T10:00,4.305555555555555,17.7
2025-06-15T11:00,3.194444444444444,17.6
2025-06-15T12:00,3.333333333333333,18.4
2025-06-15T13:00,2.111111111111111,19.6
2025-06-15T14:00,3.8333333333333335,21.5
2025-06-15T15:00,4.027777777777778,21.1
2025-06-15T16:00,5.5,20.9
2025-06-15T17:00,5.055555555555555,19.6
2025-06-15T18:00,5.083333333333333,18.4
2025-06-15T19:00,4.861111111111111,17.0
2025-06-15T20:00,4.611111111111112,16.2
2025-06-15T21:00,4.722222222222222,15.9
2025-06-15T22:00,5.944444444444444,15.4
2025-06-15T23:00,6.583333333333333,14.4
2025-06-16T00:00,6.805555555555555,13.8
2025-06-16T01:00,6.833333333333334,13.6
2025-06-16T02:00,6.694444444444445,13.6
2025-06-16T03:00,7.861111111111111,13.6
2025-06-16T04:00,9.0,13.4
2025-06-16T05:00,9.11111111111111,13.0
2025-06-16T06:00,9.555555555555555,13.1
2025-06-16T07:00,10.75,13.6
2025-06-16T08:00,10.833333333333334,14.4
2025-06-16T09:00,11.0,15.3
2025-06-16T10:00,10.36111111111111,16.3
2025-06-16T11:00,10.833333333333334,17.0
2025-06-16T12:00,11.444444444444445,17.7
2025-06-16T13:00,11.0,17.2
2025-06-16T14:00,11.11111111111111,18.1
2025-06-16T15:00,11.027777777777779,17.8
2025-06-16T16:00,11.0,17.0
2025-06-16T17:00,11.416666666666666,16.2
2025-06-16T18:00,13.11111111111111,15.8
2025-06-16T19:00,12.916666666666666,15.4
2025-06-16T20:00,11.444444444444445,14.8
2025-06-16T21:00,11.0,14.3
2025-06-16T22:00,9.833333333333332,13.8
2025-06-16T23:00,9.055555555555555,13.3
2025-06-17T00:00,8.472222222222221,13.1
2025-06-17T01:00,8.333333333333334,12.9
2025-06-17T02:00,8.055555555555555,12.9
2025-06-17T03:00,6.888888888888889,13.0
2025-06-17T04:00,6.416666666666667,12.9
2025-06-17T05:00,7.361111111111111,13.0
2025-06-17T06:00,7.472222222222221,13.6
2025-06-17T07:00,7.583333333333333,14.4
2025-06-17T08:00,7.361111111111111,15.1
2025-06-17T09:00,7.305555555555555,15.9
2025-06-17T10:00,7.527777777777778,17.0
2025-06-17T11:00,8.416666666666666,18.0
2025-06-17T12:00,9.472222222222223,19.1
2025-06-17T13:00,9.916666666666668,20.0
2025-06-17T14:00,9.722222222222221,20.5
2025-06-17T15:00,10.25,20.5
2025-06-17T16:00,10.055555555555555,20.4
2025-06-17T17:00,9.472222222222223,20.0
2025-06-17T18:00,9.083333333333334,19.4
2025-06-17T19:00,8.61111111111111,18.5
2025-06-17T20:00,8.055555555555555,17.5
2025-06-17T21:00,8.555555555555555,16.6
2025-06-17T22:00,8.277777777777779,15.7
2025-06-17T23:00,8.555555555555555,15.4
2025-06-18T00:00,9.416666666666666,15.0
2025-06-18T01:00,9.833333333333332,14.1
2025-06-18T02:00,9.694444444444445,12.9
2025-06-18T03:00,9.444444444444445,12.9
2025-06-18T04:00,9.555555555555555,12.4
2025-06-18T05:00,9.694444444444445,12.4
2025-06-18T06:00,9.333333333333334,12.7
2025-06-18T07:00,8.444444444444445,13.2
2025-06-18T08:00,8.083333333333334,13.9
2025-06-18T09:00,7.555555555555555,15.2
2025-06-18T10:00,6.638888888888888,16.0
2025-06-18T11:00,6.25,17.2
2025-06-18T12:00,6.611111111111111,18.1
2025-06-18T13:00,9.277777777777777,19.0
2025-06-18T14:00,9.555555555555555,19.2
2025-06-18T15:00,9.527777777777777,19.0
2025-06-18T16:00,9.86111111111111,18.6
2025-06-18T17:00,10.25,17.0
2025-06-18T18:00,10.472222222222223,15.8
2025-06-18T19:00,11.027777777777779,15.1
2025-06-18T20:00,10.916666666666666,14.4
2025-06-18T21:00,11.5,13.6
2025-06-18T22:00,10.805555555555555,13.1
2025-06-18T23:00,10.777777777777777,12.6
2025-06-19T00:00,11.083333333333332,12.4
2025-06-19T01:00,11.083333333333332,12.4
2025-06-19T02:00,11.222222222222221,12.4
2025-06-19T03:00,10.916666666666666,12.4
2025-06-19T04:00,11.0,12.2
2025-06-19T05:00,11.777777777777777,12.3
2025-06-19T06:00,11.944444444444445,12.4
2025-06-19T07:00,11.694444444444445,12.9
2025-06-19T08:00,11.777777777777777,13.4
2025-06-19T09:00,11.416666666666666,14.1
2025-06-19T10:00,10.694444444444445,14.8
2025-06-19T11:00,10.194444444444445,15.4
2025-06-19T12:00,9.75,15.9
2025-06-19T13:00,9.61111111111111,16.2
2025-06-19T14:00,9.361111111111112,16.6
2025-06-19T15:00,8.666666666666666,17.0
2025-06-19T16:00,9.222222222222223,16.8
2025-06-19T17:00,8.972222222222221,16.5
2025-06-19T18:00,9.194444444444445,16.2
2025-06-19T19:00,9.027777777777777,15.6
2025-06-19T20:00,8.444444444444445,14.8
2025-06-19T21:00,8.916666666666666,14.1
2025-06-19T22:00,8.777777777777779,13.2
2025-06-19T23:00,9.11111111111111,12.6
2025-06-20T00:00,9.472222222222223,12.4
2025-06-20T01:00,8.61111111111111,12.2
2025-06-20T02:00,8.083333333333334,12.0
2025-06-20T03:00,7.916666666666666,11.5
2025-06-20T04:00,7.694444444444444,11.4
2025-06-20T05:00,6.972222222222222,11.4
2025-06-20T06:00,6.694444444444445,11.9
2025-06-20T07:00,6.138888888888889,13.1
2025-06-20T08:00,4.75,14.5
2025-06-20T09:00,4.944444444444445,15.7
2025-06-20T10:00,4.805555555555555,16.7
2025-06-20T11:00,4.638888888888888,17.6
2025-06-20T12:00,4.666666666666667,18.5
2025-06-20T13:00,5.083333333333333,19.0
2025-06-20T14:00,5.916666666666667,18.9
2025-06-20T15:00,6.472222222222222,18.5
2025-06-20T16:00,6.277777777777778,18.6
2025-06-20T17:00,6.416666666666667,18.5
2025-06-20T18:00,6.499999999999999,18.0
2025-06-20T19:00,6.944444444444445,17.2
2025-06-20T20:00,6.555555555555555,16.4
2025-06-20T21:00,6.666666666666666,15.4
2025-06-20T22:00,6.694444444444445,14.6
2025-06-20T23:00,6.916666666666666,13.9
2025-06-21T00:00,7.527777777777778,13.6
2025-06-21T01:00,8.277777777777779,13.2
2025-06-21T02:00,8.472222222222221,13.1
2025-06-21T03:00,8.75,12.9
2025-06-21T04:00,8.722222222222221,12.9
2025-06-21T05:00,9.055555555555555,13.2
2025-06-21T06:00,9.083333333333334,13.9
2025-06-21T07:00,7.25,14.8
2025-06-21T08:00,9.416666666666666,16.1
2025-06-21T09:00,8.472222222222221,17.2
2025-06-21T10:00,8.555555555555555,19.0
2025-06-21T11:00,8.194444444444445,20.3
2025-06-21T12:00,7.833333333333333,20.9
2025-06-21T13:00,7.972222222222221,21.6
2025-06-21T14:00,8.555555555555555,22.2
2025-06-21T15:00,8.166666666666666,22.5
2025-06-21T16:00,8.277777777777779,22.5
2025-06-21T17:00,8.5,22.0
2025-06-21T18:00,8.38888888888889,22.0
2025-06-21T19:00,7.805555555555555,21.3
2025-06-21T20:00,8.055555555555555,20.5
2025-06-21T21:00,8.333333333333334,19.3
2025-06-21T22:00,8.027777777777777,18.0
2025-06-21T23:00,7.333333333333333,17.1
2025-06-22T00:00,6.555555555555555,16.4
2025-06-22T01:00,4.583333333333333,15.9
2025-06-22T02:00,2.694444444444444,15.5
2025-06-22T03:00,2.9166666666666665,14.4
2025-06-22T04:00,2.75,13.9
2025-06-22T05:00,3.75,13.5
2025-06-22T06:00,4.527777777777778,13.8
2025-06-22T07:00,4.388888888888889,14.8
2025-06-22T08:00,3.611111111111111,16.5
2025-06-22T09:00,2.75,19.0
2025-06-22T10:00,4.055555555555555,21.3
2025-06-22T11:00,5.333333333333333,23.0
2025-06-22T12:00,6.111111111111111,24.0
2025-06-22T13:00,6.916666666666666,23.7
2025-06-22T14:00,7.25,25.1
2025-06-22T15:00,7.611111111111111,23.0
2025-06-22T16:00,10.0,21.5
2025-06-22T17:00,8.444444444444445,22.7
2025-06-22T18:00,8.222222222222223,22.0
2025-06-22T19:00,8.75,21.5
2025-06-22T20:00,9.361111111111112,21.6
2025-06-22T21:00,8.61111111111111,19.6
2025-06-22T22:00,7.5,19.0
2025-06-22T23:00,6.75,17.9
2025-06-23T00:00,6.194444444444445,17.0
2025-06-23T01:00,6.416666666666667,15.9
2025-06-23T02:00,6.222222222222221,15.6
2025-06-23T03:00,6.444444444444444,14.9
2025-06-23T04:00,6.222222222222221,14.9
2025-06-23T05:00,6.666666666666666,14.4
2025-06-23T06:00,8.527777777777777,14.7
2025-06-23T07:00,8.194444444444445,15.2
2025-06-23T08:00,7.583333333333333,16.0
2025-06-23T09:00,9.833333333333332,15.3
2025-06-23T10:00,6.972222222222222,15.7
2025-06-23T11:00,7.083333333333333,15.8
2025-06-23T12:00,7.083333333333333,15.2
2025-06-23T13:00,7.194444444444444,14.2
2025-06-23T14:00,6.805555555555555,14.8
2025-06-23T15:00,8.333333333333334,14.8
2025-06-23T16:00,10.027777777777779,15.9
2025-06-23T17:00,11.25,14.9
2025-06-23T18:00,12.333333333333332,14.4
2025-06-23T19:00,11.916666666666666,14.1
2025-06-23T20:00,11.5,13.9
2025-06-23T21:00,11.694444444444445,13.2
2025-06-23T22:00,11.166666666666668,12.9
2025-06-23T23:00,11.722222222222223,12.6
2025-06-24T00:00,12.86111111111111,12.8
2025-06-24T01:00,13.583333333333332,13.1
2025-06-24T02:00,13.5,13.4
2025-06-24T03:00,12.61111111111111,12.9
2025-06-24T04:00,12.5,12.7
2025-06-24T05:00,12.25,12.9
2025-06-24T06:00,11.694444444444445,13.1
2025-06-24T07:00,12.055555555555555,13.6
2025-06-24T08:00,11.805555555555555,13.9
2025-06-24T09:00,12.583333333333332,14.7
2025-06-24T10:00,12.666666666666666,15.1
2025-06-24T11:00,12.13888888888889,15.6
2025-06-24T12:00,12.555555555555555,15.9
2025-06-24T13:00,13.055555555555555,16.3
2025-06-24T14:00,12.194444444444443,16.5
2025-06-24T15:00,12.166666666666666,15.9
2025-06-24T16:00,12.11111111111111,15.9
2025-06-24T17:00,11.555555555555555,16.0
2025-06-24T18:00,9.916666666666668,15.6
2025-06-24T19:00,8.75,15.0
2025-06-24T20:00,8.472222222222221,15.1
2025-06-24T21:00,7.611111111111111,14.7
2025-06-24T22:00,7.861111111111111,14.2
2025-06-24T23:00,7.166666666666667,13.8
2025-06-25T00:00,7.194444444444444,13.1
2025-06-25T01:00,6.888888888888889,12.9
2025-06-25T02:00,7.111111111111112,12.7
2025-06-25T03:00,7.444444444444445,12.5
2025-06-25T04:00,7.749999999999999,12.4
2025-06-25T05:00,8.472222222222221,12.4
2025-06-25T06:00,9.194444444444445,12.8
2025-06-25T07:00,8.944444444444445,13.2
2025-06-25T08:00,10.388888888888888,13.9
2025-06-25T09:00,12.444444444444443,14.9
2025-06-25T10:00,12.222222222222221,15.6
2025-06-25T11:00,11.444444444444445,16.0
2025-06-25T12:00,10.305555555555555,16.4
2025-06-25T13:00,9.63888888888889,17.1
2025-06-25T14:00,9.472222222222223,17.9
2025-06-25T15:00,8.13888888888889,18.2
2025-06-25T16:00,8.083333333333334,18.1
2025-06-25T17:00,7.277777777777778,17.8
2025-06-25T18:00,7.0,17.4
2025-06-25T19:00,6.888888888888889,16.5
2025-06-25T20:00,7.472222222222221,15.5
2025-06-25T21:00,7.527777777777778,14.5
2025-06-25T22:00,7.444444444444445,13.4
2025-06-25T23:00,7.055555555555555,12.6
2025-06-26T00:00,6.861111111111111,12.2
2025-06-26T01:00,6.861111111111111,12.1
2025-06-26T02:00,6.444444444444444,11.9
2025-06-26T03:00,6.0,11.6
2025-06-26T04:00,5.444444444444445,11.3
2025-06-26T05:00,6.055555555555555,11.1
2025-06-26T06:00,5.249999999999999,11.4
2025-06-26T07:00,4.916666666666666,12.2
2025-06-26T08:00,4.555555555555555,13.5
2025-06-26T09:00,4.277777777777778,14.9
2025-06-26T10:00,5.083333333333333,15.9
2025-06-26T11:00,4.388888888888889,16.9
2025-06-26T12:00,3.861111111111111,17.8
2025-06-26T13:00,3.3888888888888884,18.0
2025-06-26T14:00,3.2777777777777777,18.6
2025-06-26T15:00,2.888888888888889,18.6
2025-06-26T16:00,2.388888888888889,19.1
2025-06-26T17:00,2.138888888888889,18.8
2025-06-26T18:00,2.5,17.8
2025-06-26T19:00,3.75,16.2
2025-06-26T20:00,4.0,15.7
2025-06-26T21:00,4.083333333333333,15.3
2025-06-26T22:00,4.5,15.1
2025-06-26T23:00,4.555555555555555,14.9
2025-06-27T00:00,4.722222222222222,14.8
2025-06-27T01:00,5.833333333333333,14.7
2025-06-27T02:00,6.111111111111111,14.6
2025-06-27T03:00,7.722222222222222,14.9
2025-06-27T04:00,8.63888888888889,15.5
2025-06-27T05:00,8.63888888888889,15.1
2025-06-27T06:00,9.166666666666666,14.5
2025-06-27T07:00,8.916666666666666,14.5
2025-06-27T08:00,9.11111111111111,14.9
2025-06-27T09:00,10.25,15.3
2025-06-27T10:00,10.88888888888889,16.0
2025-06-27T11:00,11.583333333333334,16.6
2025-06-27T12:00,11.944444444444445,17.1
2025-06-27T13:00,11.555555555555555,17.8
2025-06-27T14:00,11.083333333333332,18.2
2025-06-27T15:00,11.416666666666666,18.5
2025-06-27T16:00,13.083333333333334,18.7
2025-06-27T17:00,12.055555555555555,18.5
2025-06-27T18:00,13.25,18.4
2025-06-27T19:00,10.86111111111111,17.5
2025-06-27T20:00,10.472222222222223,17.0
2025-06-27T21:00,9.694444444444445,15.9
2025-06-27T22:00,8.583333333333332,15.4
2025-06-27T23:00,8.666666666666666,15.1
2025-06-28T00:00,8.38888888888889,14.9
2025-06-28T01:00,7.666666666666667,14.9
2025-06-28T02:00,7.083333333333333,14.8
2025-06-28T03:00,7.25,14.8
2025-06-28T04:00,7.361111111111111,14.8
2025-06-28T05:00,7.805555555555555,15.0
2025-06-28T06:00,9.388888888888888,15.1
2025-06-28T07:00,10.25,15.8
2025-06-28T08:00,10.194444444444445,16.6
2025-06-28T09:00,10.527777777777777,17.8
2025-06-28T10:00,8.61111111111111,18.8
2025-06-28T11:00,11.11111111111111,20.0
2025-06-28T12:00,9.61111111111111,19.4
2025-06-28T13:00,10.305555555555555,19.6
2025-06-28T14:00,8.944444444444445,19.3
2025-06-28T15:00,10.916666666666666,19.6
2025-06-28T16:00,11.222222222222221,20.6
2025-06-28T17:00,10.86111111111111,19.8
2025-06-28T18:00,8.61111111111111,19.0
2025-06-28T19:00,8.722222222222221,18.1
2025-06-28T20:00,8.916666666666666,17.6
2025-06-28T21:00,9.194444444444445,17.5
2025-06-28T22:00,9.527777777777777,17.2
2025-06-28T23:00,10.444444444444445,16.6
2025-06-29T00:00,10.416666666666666,15.7
2025-06-29T01:00,9.777777777777779,15.0
2025-06-29T02:00,9.138888888888888,14.6
2025-06-29T03:00,9.666666666666666,14.6
2025-06-29T04:00,10.166666666666666,14.5
2025-06-29T05:00,9.944444444444443,14.4
2025-06-29T06:00,9.361111111111112,14.6
2025-06-29T07:00,8.75,15.1
2025-06-29T08:00,9.5,15.8
2025-06-29T09:00,10.88888888888889,16.2
2025-06-29T10:00,12.777777777777777,16.5
2025-06-29T11:00,13.75,16.8
2025-06-29T12:00,14.333333333333334,16.9
2025-06-29T13:00,14.472222222222221,16.9
2025-06-29T14:00,14.583333333333332,16.5
2025-06-29T15:00,15.694444444444445,17.2
2025-06-29T16:00,16.944444444444443,16.8
2025-06-29T17:00,17.25,16.4
2025-06-29T18:00,16.61111111111111,15.6
2025-06-29T19:00,16.75,15.4
2025-06-29T20:00,14.805555555555554,14.8
2025-06-29T21:00,13.75,14.4
2025-06-29T22:00,12.11111111111111,13.8
2025-06-29T23:00,11.888888888888888,13.4
2025-06-30T00:00,12.055555555555555,13.3
2025-06-30T01:00,11.61111111111111,13.1
2025-06-30T02:00,11.444444444444445,13.1
2025-06-30T03:00,10.472222222222223,12.8
2025-06-30T04:00,9.88888888888889,12.7
2025-06-30T05:00,9.63888888888889,12.6
2025-06-30T06:00,9.222222222222223,13.1
2025-06-30T07:00,8.36111111111111,13.7
2025-06-30T08:00,8.722222222222221,14.4
2025-06-30T09:00,7.972222222222221,15.1
2025-06-30T10:00,6.583333333333333,15.8
2025-06-30T11:00,6.111111111111111,16.5
2025-06-30T12:00,5.75,17.2
2025-06-30T13:00,5.527777777777778,17.9
2025-06-30T14:00,5.694444444444445,18.4
2025-06-30T15:00,5.555555555555555,19.2
2025-06-30T16:00,5.388888888888888,19.3
2025-06-30T17:00,4.944444444444445,19.4
2025-06-30T18:00,4.472222222222222,19.5
2025-06-30T19:00,3.5,19.2
2025-06-30T20:00,2.694444444444444,18.9
2025-06-30T21:00,2.0833333333333335,18.0
2025-06-30T22:00,1.1111111111111112,16.4
2025-06-30T23:00,0.6388888888888888,15.1
2025-07-01T00:00,1.8611111111111112,14.1
2025-07-01T01:00,2.5833333333333335,13.9
2025-07-01T02:00,3.3055555555555554,13.6
2025-07-01T03:00,5.111111111111111,12.6
2025-07-01T04:00,5.777777777777778,12.4
2025-07-01T05:00,6.472222222222222,12.4
2025-07-01T06:00,6.472222222222222,13.1
2025-07-01T07:00,7.111111111111112,14.7
2025-07-01T08:00,6.944444444444445,17.1
2025-07-01T09:00,4.694444444444444,19.4
2025-07-01T10:00,4.638888888888888,21.3
2025-07-01T11:00,5.027777777777778,22.9
2025-07-01T12:00,5.138888888888888,24.3
2025-07-01T13:00,4.75,25.5
2025-07-01T14:00,4.638888888888888,26.5
2025-07-01T15:00,4.333333333333333,28.0
2025-07-01T16:00,4.638888888888888,28.5
2025-07-01T17:00,4.777777777777778,28.6
2025-07-01T18:00,5.027777777777778,28.9
2025-07-01T19:00,4.166666666666667,28.1
2025-07-01T20:00,2.3333333333333335,25.6
2025-07-01T21:00,1.1666666666666667,23.5
2025-07-01T22:00,1.4444444444444444,22.0
2025-07-01T23:00,0.6666666666666666,20.8
2025-07-02T00:00,1.1111111111111112,19.9
2025-07-02T01:00,4.166666666666667,19.7
2025-07-02T02:00,5.75,19.9
2025-07-02T03:00,4.194444444444445,18.1
2025-07-02T04:00,3.3888888888888884,18.0
2025-07-02T05:00,3.6944444444444446,17.6
2025-07-02T06:00,2.944444444444444,17.5
2025-07-02T07:00,2.6666666666666665,18.2
2025-07-02T08:00,1.25,18.8
2025-07-02T09:00,0.8611111111111112,20.0
2025-07-02T10:00,1.3333333333333333,21.5
2025-07-02T11:00,0.22222222222222224,23.1
2025-07-02T12:00,2.1944444444444446,23.6
2025-07-02T13:00,2.7222222222222223,24.0
2025-07-02T14:00,4.444444444444445,22.5
2025-07-02T15:00,4.194444444444445,23.6
2025-07-02T16:00,3.2777777777777777,23.0
2025-07-02T17:00,2.4166666666666665,23.0
2025-07-02T18:00,3.0555555555555554,23.0
2025-07-02T19:00,4.305555555555555,21.0
2025-07-02T20:00,3.861111111111111,19.0
2025-07-02T21:00,5.111111111111111,17.0
2025-07-02T22:00,5.861111111111112,15.4
2025-07-02T23:00,4.666666666666667,14.5
2025-07-03T00:00,5.166666666666667,14.1
2025-07-03T01:00,4.277777777777778,13.9
2025-07-03T02:00,5.666666666666666,13.7
2025-07-03T03:00,9.555555555555555,13.3
2025-07-03T04:00,10.88888888888889,13.0
2025-07-03T05:00,12.055555555555555,12.9
2025-07-03T06:00,12.305555555555554,13.2
2025-07-03T07:00,12.916666666666666,13.6
2025-07-03T08:00,12.472222222222221,14.4
2025-07-03T09:00,12.888888888888888,15.1
2025-07-03T10:00,13.416666666666666,15.6
2025-07-03T11:00,14.027777777777777,15.9
2025-07-03T12:00,14.027777777777777,16.3
2025-07-03T13:00,13.722222222222221,16.8
2025-07-03T14:00,13.61111111111111,17.1
2025-07-03T15:00,14.305555555555555,17.1
2025-07-03T16:00,14.36111111111111,16.6
2025-07-03T17:00,13.38888888888889,16.2
2025-07-03T18:00,12.972222222222223,15.8
2025-07-03T19:00,12.166666666666666,15.2
2025-07-03T20:00,11.444444444444445,14.6
2025-07-03T21:00,10.722222222222223,13.9
2025-07-03T22:00,10.055555555555555,13.3
2025-07-03T23:00,10.13888888888889,12.9
2025-07-04T00:00,10.11111111111111,12.6
2025-07-04T01:00,9.916666666666668,12.6
2025-07-04T02:00,9.5,12.6
2025-07-04T03:00,9.055555555555555,12.1
2025-07-04T04:00,8.305555555555555,12.1
2025-07-04T05:00,7.555555555555555,12.3
2025-07-04T06:00,6.75,12.9
2025-07-04T07:00,5.944444444444444,13.8
2025-07-04T08:00,7.611111111111111,14.8
2025-07-04T09:00,8.13888888888889,15.6
2025-07-04T10:00,7.972222222222221,16.5
2025-07-04T11:00,7.666666666666667,17.1
2025-07-04T12:00,8.472222222222221,17.9
2025-07-04T13:00,7.722222222222222,16.9
2025-07-04T14:00,9.194444444444445,16.0
2025-07-04T15:00,7.111111111111112,16.3
2025-07-04T16:00,9.249999999999998,14.9
2025-07-04T17:00,8.583333333333332,14.2
2025-07-04T18:00,7.305555555555555,13.8
2025-07-04T19:00,8.63888888888889,14.2
2025-07-04T20:00,7.083333333333333,14.1
2025-07-04T21:00,8.722222222222221,13.4
2025-07-04T22:00,8.083333333333334,13.4
2025-07-04T23:00,8.416666666666666,13.6
2025-07-05T00:00,7.694444444444444,13.7
2025-07-05T01:00,7.777777777777778,13.6
2025-07-05T02:00,9.361111111111112,13.9
2025-07-05T03:00,9.333333333333334,13.8
2025-07-05T04:00,9.333333333333334,14.1
2025-07-05T05:00,9.305555555555555,14.0
2025-07-05T06:00,10.277777777777777,13.9
2025-07-05T07:00,10.055555555555555,13.9
2025-07-05T08:00,10.277777777777777,14.4
2025-07-05T09:00,10.0,14.6
2025-07-05T10:00,9.5,15.1
2025-07-05T11:00,10.0,15.5
2025-07-05T12:00,10.833333333333334,15.7
2025-07-05T13:00,10.11111111111111,15.8
2025-07-05T14:00,8.305555555555555,17.5
2025-07-05T15:00,9.916666666666668,17.1
2025-07-05T16:00,9.86111111111111,16.8
2025-07-05T17:00,9.555555555555555,16.2
2025-07-05T18:00,9.333333333333334,15.9
2025-07-05T19:00,9.083333333333334,15.6
2025-07-05T20:00,9.833333333333332,15.6
2025-07-05T21:00,9.722222222222221,15.3
2025-07-05T22:00,9.833333333333332,15.1
2025-07-05T23:00,8.13888888888889,14.9
2025-07-06T00:00,7.444444444444445,14.8
2025-07-06T01:00,7.527777777777778,14.4
2025-07-06T02:00,7.138888888888888,14.5
2025-07-06T03:00,6.75,15.0
2025-07-06T04:00,6.055555555555555,14.9
2025-07-06T05:00,6.472222222222222,15.0
2025-07-06T06:00,6.166666666666666,15.0
2025-07-06T07:00,6.361111111111111,15.4
2025-07-06T08:00,6.027777777777778,15.9
2025-07-06T09:00,5.388888888888888,15.8
2025-07-06T10:00,5.75,17.5
2025-07-06T11:00,6.083333333333333,17.8
2025-07-06T12:00,5.5,18.8
2025-07-06T13:00,7.277777777777778,17.3
2025-07-06T14:00,6.583333333333333,18.8
2025-07-06T15:00,8.88888888888889,18.8
2025-07-06T16:00,9.083333333333334,18.5
2025-07-06T17:00,8.416666666666666,18.1
2025-07-06T18:00,7.055555555555555,18.0
2025-07-06T19:00,6.444444444444444,17.5
2025-07-06T20:00,5.805555555555555,16.9
2025-07-06T21:00,5.638888888888889,16.2
2025-07-06T22:00,6.083333333333333,15.4
2025-07-06T23:00,5.638888888888889,14.8
2025-07-07T00:00,5.0,14.4
2025-07-07T01:00,5.166666666666667,14.2
2025-07-07T02:00,4.777777777777778,14.1
2025-07-07T03:00,4.333333333333333,14.0
2025-07-07T04:00,4.0,13.8
2025-07-07T05:00,3.6666666666666665,13.6
2025-07-07T06:00,3.194444444444444,13.8
2025-07-07T07:00,3.6666666666666665,14.1
2025-07-07T08:00,3.7222222222222223,14.9
2025-07-07T09:00,3.8333333333333335,15.5
2025-07-07T10:00,3.5833333333333335,16.5
2025-07-07T11:00,3.1111111111111107,17.1
2025-07-07T12:00,3.3888888888888884,17.8
2025-07-07T13:00,3.1111111111111107,18.1
2025-07-07T14:00,3.611111111111111,18.3
2025-07-07T15:00,3.194444444444444,17.6
2025-07-07T16:00,3.1111111111111107,17.5
2025-07-07T17:00,2.944444444444444,17.5
2025-07-07T18:00,3.333333333333333,17.5
2025-07-07T19:00,3.2777777777777777,16.6
2025-07-07T20:00,2.75,16.4
2025-07-07T21:00,2.055555555555556,15.9
2025-07-07T22:00,3.194444444444444,14.8
2025-07-07T23:00,3.2777777777777777,13.9
2025-07-08T00:00,2.4444444444444446,13.3
2025-07-08T01:00,2.3333333333333335,12.9
2025-07-08T02:00,1.3888888888888888,12.6
2025-07-08T03:00,1.8333333333333333,12.9
2025-07-08T04:00,2.694444444444444,12.6
2025-07-08T05:00,3.1111111111111107,12.6
2025-07-08T06:00,3.5833333333333335,12.9
2025-07-08T07:00,4.527777777777778,13.6
2025-07-08T08:00,6.083333333333333,14.6
2025-07-08T09:00,5.277777777777778,14.9
2025-07-08T10:00,5.861111111111112,15.4
2025-07-08T11:00,6.25,16.1
2025-07-08T12:00,6.583333333333333,16.6
2025-07-08T13:00,6.277777777777778,17.1
2025-07-08T14:00,5.777777777777778,17.4
2025-07-08T15:00,6.527777777777778,17.0
2025-07-08T16:00,6.25,17.2
2025-07-08T17:00,6.277777777777778,17.6
2025-07-08T18:00,5.888888888888888,17.8
2025-07-08T19:00,5.944444444444444,17.6
2025-07-08T20:00,6.027777777777778,16.7
2025-07-08T21:00,6.138888888888889,15.7
2025-07-08T22:00,6.611111111111111,14.8
2025-07-08T23:00,6.805555555555555,14.1
2025-07-09T00:00,6.75,13.9
2025-07-09T01:00,6.166666666666666,13.7
2025-07-09T02:00,5.277777777777778,13.5
2025-07-09T03:00,4.222222222222222,12.9
2025-07-09T04:00,3.638888888888889,12.2
2025-07-09T05:00,3.7222222222222223,12.4
2025-07-09T06:00,3.75,13.1
2025-07-09T07:00,3.416666666666667,13.9
2025-07-09T08:00,3.0277777777777777,15.1
2025-07-09T09:00,2.4444444444444446,16.7
2025-07-09T10:00,2.4444444444444446,17.6
2025-07-09T11:00,2.833333333333333,18.6
2025-07-09T12:00,2.361111111111111,19.5
2025-07-09T13:00,3.2499999999999996,20.1
2025-07-09T14:00,4.138888888888889,20.0
2025-07-09T15:00,5.722222222222222,19.8
2025-07-09T16:00,5.666666666666666,19.5
2025-07-09T17:00,6.083333333333333,19.2
2025-07-09T18:00,6.277777777777778,18.6
2025-07-09T19:00,6.305555555555555,17.7
2025-07-09T20:00,6.666666666666666,17.0
2025-07-09T21:00,6.638888888888888,15.9
2025-07-09T22:00,6.777777777777777,14.9
2025-07-09T23:00,6.805555555555555,14.2
2025-07-10T00:00,6.972222222222222,13.8
2025-07-10T01:00,6.972222222222222,13.6
2025-07-10T02:00,6.277777777777778,13.4
2025-07-10T03:00,6.166666666666666,13.9
2025-07-10T04:00,5.555555555555555,14.4
2025-07-10T05:00,5.638888888888889,14.1
2025-07-10T06:00,5.694444444444445,14.2
2025-07-10T07:00,5.083333333333333,14.9
2025-07-10T08:00,5.249999999999999,15.6
2025-07-10T09:00,4.5,16.5
2025-07-10T10:00,4.277777777777778,17.5
2025-07-10T11:00,3.7777777777777777,18.5
2025-07-10T12:00,3.0,18.9
2025-07-10T13:00,2.388888888888889,19.6
2025-07-10T14:00,2.2777777777777777,20.1
2025-07-10T15:00,2.5,19.9
2025-07-10T16:00,2.4722222222222223,20.2
2025-07-10T17:00,2.5833333333333335,20.4
2025-07-10T18:00,2.4722222222222223,20.5
2025-07-10T19:00,2.4166666666666665,20.1
2025-07-10T20:00,2.75,19.2
2025-07-10T21:00,2.8055555555555554,18.1
2025-07-10T22:00,3.1666666666666665,16.5
2025-07-10T23:00,2.888888888888889,15.1
2025-07-11T00:00,2.388888888888889,14.3
2025-07-11T01:00,2.75,13.9
2025-07-11T02:00,3.194444444444444,13.9
2025-07-11T03:00,2.638888888888889,13.4
2025-07-11T04:00,2.25,13.4
2025-07-11T05:00,2.305555555555556,13.2
2025-07-11T06:00,2.111111111111111,13.1
2025-07-11T07:00,2.138888888888889,13.2
2025-07-11T08:00,2.638888888888889,13.5
2025-07-11T09:00,2.0,15.2
2025-07-11T10:00,1.6666666666666665,17.7
2025-07-11T11:00,2.111111111111111,20.4
2025-07-11T12:00,2.9166666666666665,22.4
2025-07-11T13:00,4.222222222222222,23.4
2025-07-11T14:00,5.472222222222222,23.5
2025-07-11T15:00,5.805555555555555,23.3
2025-07-11T16:00,6.138888888888889,23.2
2025-07-11T17:00,6.111111111111111,23.1
2025-07-11T18:00,6.166666666666666,22.4
2025-07-11T19:00,5.194444444444444,21.5
2025-07-11T20:00,5.222222222222222,20.5
2025-07-11T21:00,5.5,19.1
2025-07-11T22:00,6.111111111111111,17.5
2025-07-11T23:00,6.527777777777778,16.8
2025-07-12T00:00,7.194444444444444,16.6
2025-07-12T01:00,7.055555555555555,16.5
2025-07-12T02:00,6.638888888888888,16.5
2025-07-12T03:00,7.083333333333333,15.6
2025-07-12T04:00,7.749999999999999,15.6
2025-07-12T05:00,8.194444444444445,15.4
2025-07-12T06:00,8.36111111111111,15.9
2025-07-12T07:00,8.444444444444445,17.0
2025-07-12T08:00,7.694444444444444,18.3
2025-07-12T09:00,8.805555555555555,19.2
2025-07-12T10:00,8.88888888888889,19.2
2025-07-12T11:00,7.638888888888888,19.6
2025-07-12T12:00,7.555555555555555,20.6
2025-07-12T13:00,8.583333333333332,22.0
2025-07-12T14:00,9.777777777777779,22.9
2025-07-12T15:00,9.249999999999998,21.6
2025-07-12T16:00,8.416666666666666,22.4
2025-07-12T17:00,8.472222222222221,22.0
2025-07-12T18:00,7.527777777777778,21.2
2025-07-12T19:00,7.5,21.4
2025-07-12T20:00,7.722222222222222,21.2
2025-07-12T21:00,6.694444444444445,20.5
2025-07-12T22:00,6.583333333333333,19.8
2025-07-12T23:00,7.555555555555555,19.5
2025-07-13T00:00,7.416666666666666,18.5
2025-07-13T01:00,7.555555555555555,18.0
2025-07-13T02:00,7.805555555555555,17.4
2025-07-13T03:00,6.805555555555555,17.0
2025-07-13T04:00,7.138888888888888,16.2
2025-07-13T05:00,7.111111111111112,15.5
2025-07-13T06:00,7.25,15.6
2025-07-13T07:00,7.333333333333333,16.4
2025-07-13T08:00,6.305555555555555,17.5
2025-07-13T09:00,7.472222222222221,18.5
2025-07-13T10:00,8.0,19.2
2025-07-13T11:00,7.861111111111111,20.0
2025-07-13T12:00,7.805555555555555,20.9
2025-07-13T13:00,8.166666666666666,21.3
2025-07-13T14:00,8.055555555555555,22.0
2025-07-13T15:00,7.444444444444445,22.0
2025-07-13T16:00,7.416666666666666,22.4
2025-07-13T17:00,7.333333333333333,22.2
2025-07-13T18:00,6.666666666666666,22.0
2025-07-13T19:00,6.666666666666666,21.8
2025-07-13T20:00,6.333333333333333,21.0
2025-07-13T21:00,6.583333333333333,20.0
2025-07-13T22:00,6.972222222222222,19.0
2025-07-13T23:00,7.083333333333333,18.5
2025-07-14T00:00,6.305555555555555,18.1
2025-07-14T01:00,6.25,17.9
2025-07-14T02:00,6.638888888888888,18.0
2025-07-14T03:00,6.499999999999999,17.5
2025-07-14T04:00,6.0,17.1
2025-07-14T05:00,5.75,16.6
2025-07-14T06:00,5.638888888888889,16.7
2025-07-14T07:00,5.833333333333333,17.6
2025-07-14T08:00,4.638888888888888,18.8
2025-07-14T09:00,4.944444444444445,19.9
2025-07-14T10:00,5.027777777777778,20.9
2025-07-14T11:00,5.111111111111111,21.7
2025-07-14T12:00,4.555555555555555,22.5
2025-07-14T13:00,4.944444444444445,23.3
2025-07-14T14:00,5.222222222222222,23.9
2025-07-14T15:00,5.611111111111111,24.8
2025-07-14T16:00,5.111111111111111,24.9
2025-07-14T17:00,4.388888888888889,24.6
2025-07-14T18:00,4.5,24.2
2025-07-14T19:00,3.9166666666666665,23.6
2025-07-14T20:00,4.611111111111112,22.8
2025-07-14T21:00,3.861111111111111,21.4
2025-07-14T22:00,2.4444444444444446,19.8
2025-07-14T23:00,2.4722222222222223,19.0
2025-07-15T00:00,2.9166666666666665,18.2
2025-07-15T01:00,3.3611111111111107,17.4
2025-07-15T02:00,3.888888888888889,16.9
2025-07-15T03:00,3.3055555555555554,16.4
2025-07-15T04:00,3.611111111111111,16.1
2025-07-15T05:00,3.555555555555556,15.7
2025-07-15T06:00,3.0277777777777777,15.9
2025-07-15T07:00,2.9166666666666665,17.0
2025-07-15T08:00,2.8055555555555554,18.8
2025-07-15T09:00,2.305555555555556,20.5
2025-07-15T10:00,2.694444444444444,21.7
2025-07-15T11:00,2.638888888888889,22.6
2025-07-15T12:00,2.75,23.5
2025-07-15T13:00,3.944444444444444,22.1
2025-07-15T14:00,5.666666666666666,21.9
2025-07-15T15:00,4.777777777777778,19.5
2025-07-15T16:00,1.9166666666666667,19.8
2025-07-15T17:00,1.25,20.7
2025-07-15T18:00,0.9722222222222222,20.9
2025-07-15T19:00,0.8611111111111112,20.4
2025-07-15T20:00,2.4722222222222223,18.0
2025-07-15T21:00,3.3611111111111107,17.3
2025-07-15T22:00,3.416666666666667,17.1
2025-07-15T23:00,4.583333333333333,16.9
2025-07-16T00:00,3.9166666666666665,16.8
2025-07-16T01:00,3.9722222222222223,16.2
2025-07-16T02:00,3.6944444444444446,15.9
2025-07-16T03:00,1.8611111111111112,16.4
2025-07-16T04:00,4.305555555555555,15.9
2025-07-16T05:00,4.694444444444444,15.8
2025-07-16T06:00,4.416666666666667,16.0
2025-07-16T07:00,3.611111111111111,16.7
2025-07-16T08:00,2.833333333333333,17.3
2025-07-16T09:00,2.638888888888889,17.8
2025-07-16T10:00,2.4444444444444446,18.5
2025-07-16T11:00,2.833333333333333,19.2
2025-07-16T12:00,2.694444444444444,20.6
2025-07-16T13:00,2.611111111111111,21.2
2025-07-16T14:00,2.4444444444444446,21.5
2025-07-16T15:00,2.7222222222222223,21.1
2025-07-16T16:00,2.5277777777777777,19.3
2025-07-16T17:00,3.3888888888888884,20.8
2025-07-16T18:00,4.444444444444445,19.8
2025-07-16T19:00,3.9166666666666665,19.1
2025-07-16T20:00,4.583333333333333,19.1
2025-07-16T21:00,4.472222222222222,18.8
2025-07-16T22:00,5.361111111111112,18.0
2025-07-16T23:00,5.416666666666667,17.4
2025-07-17T00:00,6.055555555555555,17.2
2025-07-17T01:00,7.027777777777778,17.2
2025-07-17T02:00,6.861111111111111,17.5
2025-07-17T03:00,7.25,17.0
2025-07-17T04:00,6.388888888888888,17.0
2025-07-17T05:00,4.805555555555555,17.0
2025-07-17T06:00,4.111111111111112,17.2
2025-07-17T07:00,4.777777777777778,18.1
2025-07-17T08:00,5.611111111111111,19.5
2025-07-17T09:00,4.444444444444445,21.0
2025-07-17T10:00,4.944444444444445,22.0
2025-07-17T11:00,4.722222222222222,23.0
2025-07-17T12:00,4.583333333333333,23.9
2025-07-17T13:00,4.555555555555555,24.6
2025-07-17T14:00,4.833333333333333,25.1
2025-07-17T15:00,5.916666666666667,26.0
2025-07-17T16:00,5.916666666666667,25.6
2025-07-17T17:00,4.833333333333333,25.5
2025-07-17T18:00,4.666666666666667,25.5
2025-07-17T19:00,4.25,25.0
2025-07-17T20:00,3.944444444444444,24.4
2025-07-17T21:00,3.944444444444444,23.1
2025-07-17T22:00,3.638888888888889,21.4
2025-07-17T23:00,2.861111111111111,20.0
2025-07-18T00:00,2.1666666666666665,19.4
2025-07-18T01:00,0.8055555555555555,18.9
2025-07-18T02:00,0.16666666666666666,18.5
2025-07-18T03:00,1.6388888888888888,17.9
2025-07-18T04:00,2.4444444444444446,17.7
2025-07-18T05:00,3.3611111111111107,17.2
2025-07-18T06:00,3.5,17.5
2025-07-18T07:00,3.3055555555555554,18.6
2025-07-18T08:00,3.3055555555555554,20.2
2025-07-18T09:00,0.8055555555555555,21.8
2025-07-18T10:00,1.0555555555555556,23.5
2025-07-18T11:00,1.8611111111111112,25.0
2025-07-18T12:00,2.9166666666666665,25.8
2025-07-18T13:00,3.416666666666667,25.7
2025-07-18T14:00,3.1666666666666665,25.5
2025-07-18T15:00,2.5833333333333335,26.5
2025-07-18T16:00,0.4444444444444445,26.4
2025-07-18T17:00,0.888888888888889,26.4
2025-07-18T18:00,2.0833333333333335,26.1
2025-07-18T19:00,3.194444444444444,25.4
2025-07-18T20:00,3.4722222222222223,24.1
2025-07-18T21:00,3.222222222222222,23.1
2025-07-18T22:00,2.888888888888889,21.5
2025-07-18T23:00,1.8333333333333333,20.5
2025-07-19T00:00,0.7222222222222222,19.9
2025-07-19T01:00,1.8055555555555556,19.1
2025-07-19T02:00,2.1666666666666665,18.4
2025-07-19T03:00,0.11111111111111112,17.7
2025-07-19T04:00,0.6111111111111112,17.5
2025-07-19T05:00,0.38888888888888884,16.8
2025-07-19T06:00,0.4722222222222222,16.9
2025-07-19T07:00,0.9166666666666666,17.4
2025-07-19T08:00,1.3333333333333333,18.4
2025-07-19T09:00,1.5555555555555554,20.0
2025-07-19T10:00,0.8611111111111112,22.7
2025-07-19T11:00,0.7222222222222222,24.4
2025-07-19T12:00,1.027777777777778,25.5
2025-07-19T13:00,1.0833333333333333,26.1
2025-07-19T14:00,1.5,26.7
2025-07-19T15:00,0.5555555555555556,27.0
2025-07-19T16:00,5.388888888888888,23.9
2025-07-19T17:00,1.6666666666666665,24.3
2025-07-19T18:00,1.8611111111111112,24.9
2025-07-19T19:00,2.75,25.5
2025-07-19T20:00,3.861111111111111,24.9
2025-07-19T21:00,4.166666666666667,23.4
2025-07-19T22:00,5.527777777777778,21.6
2025-07-19T23:00,5.694444444444445,20.5
2025-07-20T00:00,5.222222222222222,19.9
2025-07-20T01:00,4.861111111111111,19.5
2025-07-20T02:00,4.638888888888888,19.2
2025-07-20T03:00,5.277777777777778,19.0
2025-07-20T04:00,5.333333333333333,18.7
2025-07-20T05:00,5.249999999999999,18.5
2025-07-20T06:00,5.083333333333333,18.8
2025-07-20T07:00,5.277777777777778,19.8
2025-07-20T08:00,4.75,21.4
2025-07-20T09:00,3.5277777777777777,23.3
2025-07-20T10:00,4.444444444444445,24.9
2025-07-20T11:00,4.916666666666666,25.9
2025-07-20T12:00,5.138888888888888,26.7
2025-07-20T13:00,5.75,27.1
2025-07-20T14:00,6.194444444444445,27.1
2025-07-20T15:00,7.305555555555555,27.3
2025-07-20T16:00,6.805555555555555,27.0
2025-07-20T17:00,6.583333333333333,27.1
2025-07-20T18:00,6.472222222222222,26.9
2025-07-20T19:00,6.027777777777778,26.1
2025-07-20T20:00,5.5,25.1
2025-07-20T21:00,5.611111111111111,24.0
2025-07-20T22:00,5.805555555555555,22.7
2025-07-20T23:00,5.888888888888888,21.9
2025-07-21T00:00,6.25,21.2
2025-07-21T01:00,6.527777777777778,20.9
2025-07-21T02:00,7.361111111111111,20.9
2025-07-21T03:00,8.0,20.6
2025-07-21T04:00,8.194444444444445,20.8
2025-07-21T05:00,7.861111111111111,20.5
2025-07-21T06:00,8.25,20.6
2025-07-21T07:00,8.63888888888889,21.2
2025-07-21T08:00,7.416666666666666,21.5
2025-07-21T09:00,6.416666666666667,21.5
2025-07-21T10:00,7.0,22.5
2025-07-21T11:00,7.277777777777778,21.6
2025-07-21T12:00,8.0,20.6
2025-07-21T13:00,6.944444444444445,19.5
2025-07-21T14:00,7.222222222222222,19.4
2025-07-21T15:00,7.527777777777778,20.5
2025-07-21T16:00,7.861111111111111,20.4
2025-07-21T17:00,8.88888888888889,19.9
2025-07-21T18:00,7.111111111111112,19.5
2025-07-21T19:00,5.166666666666667,19.2
2025-07-21T20:00,4.166666666666667,19.2
2025-07-21T21:00,5.305555555555556,19.0
2025-07-21T22:00,4.444444444444445,18.8
2025-07-21T23:00,3.0277777777777777,18.8
2025-07-22T00:00,1.8333333333333333,18.8
2025-07-22T01:00,3.555555555555556,18.4
2025-07-22T02:00,4.583333333333333,18.4
2025-07-22T03:00,3.5277777777777777,17.7
2025-07-22T04:00,5.0,18.0
2025-07-22T05:00,4.5,18.0
2025-07-22T06:00,3.0,17.9
2025-07-22T07:00,1.3055555555555556,17.9
2025-07-22T08:00,2.0833333333333335,18.5
2025-07-22T09:00,3.3055555555555554,19.2
2025-07-22T10:00,3.4444444444444446,19.9
2025-07-22T11:00,3.6666666666666665,21.5
2025-07-22T12:00,4.583333333333333,22.2
2025-07-22T13:00,4.666666666666667,22.6
2025-07-22T14:00,4.916666666666666,23.0
2025-07-22T15:00,5.666666666666666,23.1
2025-07-22T16:00,4.388888888888889,23.5
2025-07-22T17:00,4.166666666666667,23.9
2025-07-22T18:00,3.888888888888889,24.1
2025-07-22T19:00,4.611111111111112,23.4
2025-07-22T20:00,5.305555555555556,22.0
2025-07-22T21:00,2.6666666666666665,21.0
2025-07-22T22:00,6.888888888888889,20.9
2025-07-22T23:00,7.111111111111112,20.0
2025-07-23T00:00,7.555555555555555,19.6
2025-07-23T01:00,8.083333333333334,19.8
2025-07-23T02:00,7.888888888888888,20.0
2025-07-23T03:00,7.111111111111112,19.8
2025-07-23T04:00,5.666666666666666,19.2
2025-07-23T05:00,5.638888888888889,18.9
2025-07-23T06:00,5.916666666666667,19.0
2025-07-23T07:00,6.361111111111111,19.5
2025-07-23T08:00,6.499999999999999,19.5
2025-07-23T09:00,6.027777777777778,20.5
2025-07-23T10:00,5.222222222222222,21.1
2025-07-23T11:00,5.611111111111111,21.2
2025-07-23T12:00,4.888888888888889,21.6
2025-07-23T13:00,4.583333333333333,22.8
2025-07-23T14:00,3.7777777777777777,23.4
2025-07-23T15:00,2.861111111111111,23.5
2025-07-23T16:00,3.1666666666666665,23.9
2025-07-23T17:00,3.5277777777777777,24.0
2025-07-23T18:00,3.138888888888889,22.6
2025-07-23T19:00,4.0,22.4
2025-07-23T20:00,4.666666666666667,21.8
2025-07-23T21:00,2.8055555555555554,20.5
2025-07-23T22:00,3.4722222222222223,19.8
2025-07-23T23:00,4.833333333333333,19.3
2025-07-24T00:00,3.9166666666666665,19.0
2025-07-24T01:00,4.833333333333333,18.6
2025-07-24T02:00,4.527777777777778,18.5
2025-07-24T03:00,3.7222222222222223,18.4
2025-07-24T04:00,4.277777777777778,18.2
2025-07-24T05:00,3.5,18.0
2025-07-24T06:00,3.5833333333333335,18.1
2025-07-24T07:00,4.083333333333333,19.1
2025-07-24T08:00,2.5833333333333335,20.1
2025-07-24T09:00,3.5,21.4
2025-07-24T10:00,3.5,22.4
2025-07-24T11:00,3.194444444444444,23.1
2025-07-24T12:00,2.888888888888889,23.8
2025-07-24T13:00,2.888888888888889,24.4
2025-07-24T14:00,3.8055555555555554,22.9
2025-07-24T15:00,1.6666666666666665,22.5
2025-07-24T16:00,1.9166666666666667,23.6
2025-07-24T17:00,2.611111111111111,24.0
2025-07-24T18:00,4.305555555555555,22.4
2025-07-24T19:00,2.7222222222222223,22.0
2025-07-24T20:00,4.083333333333333,21.8
2025-07-24T21:00,4.805555555555555,20.9
2025-07-24T22:00,5.111111111111111,19.6
2025-07-24T23:00,4.166666666666667,19.0
2025-07-25T00:00,4.25,18.7
2025-07-25T01:00,5.055555555555555,18.5
2025-07-25T02:00,4.611111111111112,18.4
2025-07-25T03:00,4.916666666666666,18.4
2025-07-25T04:00,5.944444444444444,18.2
2025-07-25T05:00,6.25,18.0
2025-07-25T06:00,5.833333333333333,18.0
2025-07-25T07:00,5.916666666666667,18.4
2025-07-25T08:00,6.638888888888888,19.1
2025-07-25T09:00,6.111111111111111,19.9
2025-07-25T10:00,6.111111111111111,20.6
2025-07-25T11:00,6.333333333333333,21.2
2025-07-25T12:00,6.333333333333333,21.5
2025-07-25T13:00,6.333333333333333,21.5
2025-07-25T14:00,6.75,21.6
2025-07-25T15:00,7.638888888888888,21.4
2025-07-25T16:00,7.944444444444445,20.9
2025-07-25T17:00,7.833333333333333,20.5
2025-07-25T18:00,7.805555555555555,19.8
2025-07-25T19:00,7.611111111111111,19.2
2025-07-25T20:00,7.805555555555555,18.8
2025-07-25T21:00,8.25,17.9
2025-07-25T22:00,8.555555555555555,17.2
2025-07-25T23:00,8.86111111111111,16.9
2025-07-26T00:00,8.694444444444445,16.8
2025-07-26T01:00,8.694444444444445,16.9
2025-07-26T02:00,9.027777777777777,16.9
2025-07-26T03:00,8.86111111111111,17.2
2025-07-26T04:00,8.583333333333332,17.4
2025-07-26T05:00,8.333333333333334,17.5
2025-07-26T06:00,8.416666666666666,17.5
2025-07-26T07:00,8.166666666666666,17.5
2025-07-26T08:00,8.444444444444445,18.1
2025-07-26T09:00,8.36111111111111,18.8
2025-07-26T10:00,7.555555555555555,19.2
2025-07-26T11:00,7.722222222222222,20.3
2025-07-26T12:00,7.805555555555555,21.1
2025-07-26T13:00,7.666666666666667,21.5
2025-07-26T14:00,7.666666666666667,21.6
2025-07-26T15:00,7.805555555555555,21.5
2025-07-26T16:00,7.361111111111111,21.4
2025-07-26T17:00,7.166666666666667,21.0
2025-07-26T18:00,6.916666666666666,20.4
2025-07-26T19:00,6.861111111111111,19.8
2025-07-26T20:00,6.527777777777778,19.0
2025-07-26T21:00,6.499999999999999,18.1
2025-07-26T22:00,7.166666666666667,17.5
2025-07-26T23:00,7.25,17.1
2025-07-27T00:00,7.361111111111111,16.9
2025-07-27T01:00,7.305555555555555,16.9
2025-07-27T02:00,6.888888888888889,16.6
2025-07-27T03:00,6.972222222222222,16.6
2025-07-27T04:00,6.777777777777777,16.6
2025-07-27T05:00,6.583333333333333,16.9
2025-07-27T06:00,6.472222222222222,17.0
2025-07-27T07:00,6.416666666666667,17.2
2025-07-27T08:00,6.527777777777778,17.6
2025-07-27T09:00,7.055555555555555,18.2
2025-07-27T10:00,7.055555555555555,19.0
2025-07-27T11:00,7.444444444444445,19.5
2025-07-27T12:00,7.833333333333333,20.0
2025-07-27T13:00,7.944444444444445,20.2
2025-07-27T14:00,7.944444444444445,20.2
2025-07-27T15:00,8.055555555555555,20.3
2025-07-27T16:00,7.972222222222221,20.0
2025-07-27T17:00,8.166666666666666,19.8
2025-07-27T18:00,7.916666666666666,19.1
2025-07-27T19:00,7.472222222222221,18.8
2025-07-27T20:00,7.25,18.2
2025-07-27T21:00,7.749999999999999,17.4
2025-07-27T22:00,8.0,16.7
2025-07-27T23:00,7.861111111111111,16.4
2025-07-28T00:00,7.805555555555555,16.2
2025-07-28T01:00,8.0,16.1
2025-07-28T02:00,8.416666666666666,16.4
2025-07-28T03:00,8.333333333333334,16.5
2025-07-28T04:00,8.38888888888889,16.2
2025-07-28T05:00,8.36111111111111,16.1
2025-07-28T06:00,8.86111111111111,16.3
2025-07-28T07:00,8.972222222222221,16.9
2025-07-28T08:00,10.25,17.6
2025-07-28T09:00,10.222222222222221,18.3
2025-07-28T10:00,9.916666666666668,19.0
2025-07-28T11:00,9.75,19.4
2025-07-28T12:00,10.055555555555555,19.8
2025-07-28T13:00,10.083333333333332,19.9
2025-07-28T14:00,9.694444444444445,20.1
2025-07-28T15:00,10.222222222222221,20.4
2025-07-28T16:00,10.472222222222223,20.1
2025-07-28T17:00,10.916666666666666,19.6
2025-07-28T18:00,10.666666666666666,19.0
2025-07-28T19:00,10.472222222222223,18.2
2025-07-28T20:00,10.13888888888889,17.5
2025-07-28T21:00,9.555555555555555,16.7
2025-07-28T22:00,9.361111111111112,16.0
2025-07-28T23:00,9.305555555555555,15.7
2025-07-29T00:00,9.305555555555555,15.5
2025-07-29T01:00,9.277777777777777,15.4
2025-07-29T02:00,9.388888888888888,15.3
2025-07-29T03:00,10.0,14.9
2025-07-29T04:00,9.75,14.9
2025-07-29T05:00,8.916666666666666,14.9
2025-07-29T06:00,9.277777777777777,15.1
2025-07-29T07:00,9.416666666666666,15.9
2025-07-29T08:00,10.194444444444445,16.8
2025-07-29T09:00,9.916666666666668,17.5
2025-07-29T10:00,8.972222222222221,18.0
2025-07-29T11:00,8.805555555555555,18.6
2025-07-29T12:00,8.527777777777777,19.1
2025-07-29T13:00,8.194444444444445,19.5
2025-07-29T14:00,7.749999999999999,19.9
2025-07-29T15:00,7.472222222222221,19.9
2025-07-29T16:00,6.777777777777777,20.5
2025-07-29T17:00,6.305555555555555,19.6
2025-07-29T18:00,6.25,19.6
2025-07-29T19:00,5.583333333333334,19.1
2025-07-29T20:00,5.972222222222222,18.2
2025-07-29T21:00,6.0,17.2
2025-07-29T22:00,6.222222222222221,16.2
2025-07-29T23:00,6.472222222222222,15.0
2025-07-30T00:00,6.166666666666666,14.1
2025-07-30T01:00,5.333333333333333,13.6
2025-07-30T02:00,4.777777777777778,13.1
2025-07-30T03:00,3.8333333333333335,14.0
2025-07-30T04:00,2.972222222222222,13.9
2025-07-30T05:00,1.75,14.0
2025-07-30T06:00,2.2222222222222223,13.4
2025-07-30T07:00,2.1666666666666665,13.7
2025-07-30T08:00,2.611111111111111,14.4
2025-07-30T09:00,3.194444444444444,15.1
2025-07-30T10:00,3.333333333333333,16.3
2025-07-30T11:00,3.861111111111111,18.0
2025-07-30T12:00,4.055555555555555,19.6
2025-07-30T13:00,4.916666666666666,20.4
2025-07-30T14:00,5.555555555555555,20.8
2025-07-30T15:00,5.722222222222222,20.2
2025-07-30T16:00,4.972222222222221,20.6
2025-07-30T17:00,5.0,20.5
2025-07-30T18:00,5.416666666666667,20.4
2025-07-30T19:00,5.5,19.6
2025-07-30T20:00,5.805555555555555,18.7
2025-07-30T21:00,5.388888888888888,17.5
2025-07-30T22:00,5.555555555555555,16.7
2025-07-30T23:00,6.055555555555555,16.2
2025-07-31T00:00,6.138888888888889,15.9
2025-07-31T01:00,6.416666666666667,15.9
2025-07-31T02:00,6.305555555555555,16.1
2025-07-31T03:00,6.166666666666666,15.4
2025-07-31T04:00,5.583333333333334,15.4
2025-07-31T05:00,6.25,15.2
2025-07-31T06:00,6.638888888888888,15.2
2025-07-31T07:00,6.277777777777778,15.9
2025-07-31T08:00,5.722222222222222,17.1
2025-07-31T09:00,5.666666666666666,17.9
2025-07-31T10:00,5.333333333333333,18.7
2025-07-31T11:00,5.166666666666667,19.1
2025-07-31T12:00,4.5,19.9
2025-07-31T13:00,4.611111111111112,20.4
2025-07-31T14:00,4.472222222222222,20.6
2025-07-31T15:00,5.194444444444444,20.4
2025-07-31T16:00,4.805555555555555,20.9
2025-07-31T17:00,4.111111111111112,20.8
2025-07-31T18:00,3.5277777777777777,20.7
2025-07-31T19:00,4.111111111111112,20.1
2025-07-31T20:00,4.166666666666667,19.3
2025-07-31T21:00,4.194444444444445,18.2
2025-07-31T22:00,4.611111111111112,17.2
2025-07-31T23:00,4.305555555555555,16.6
2025-08-01T00:00,3.8333333333333335,16.2
2025-08-01T01:00,3.083333333333333,15.6
2025-08-01T02:00,2.833333333333333,15.1
2025-08-01T03:00,3.083333333333333,15.4
2025-08-01T04:00,2.888888888888889,15.3
2025-08-01T05:00,2.75,14.8
2025-08-01T06:00,2.638888888888889,14.9
2025-08-01T07:00,2.7777777777777777,15.8
2025-08-01T08:00,2.611111111111111,17.4
2025-08-01T09:00,2.2222222222222223,18.2
2025-08-01T10:00,1.972222222222222,19.0
2025-08-01T11:00,1.611111111111111,20.2
2025-08-01T12:00,2.861111111111111,21.0
2025-08-01T13:00,3.083333333333333,21.5
2025-08-01T14:00,3.0555555555555554,21.8
2025-08-01T15:00,2.8055555555555554,21.0
2025-08-01T16:00,2.833333333333333,21.8
2025-08-01T17:00,3.083333333333333,21.8
2025-08-01T18:00,3.1666666666666665,21.8
2025-08-01T19:00,2.4166666666666665,20.5
2025-08-01T20:00,2.25,20.1
2025-08-01T21:00,1.2222222222222223,19.0
2025-08-01T22:00,2.5833333333333335,17.8
2025-08-01T23:00,3.8055555555555554,17.0
2025-08-02T00:00,4.5,16.5
2025-08-02T01:00,3.9166666666666665,16.0
2025-08-02T02:00,4.138888888888889,15.8
2025-08-02T03:00,3.5,15.1
2025-08-02T04:00,3.222222222222222,15.1
2025-08-02T05:00,3.194444444444444,15.0
2025-08-02T06:00,3.2499999999999996,15.1
2025-08-02T07:00,3.2777777777777777,15.6
2025-08-02T08:00,2.6666666666666665,16.3
2025-08-02T09:00,2.0,17.2
2025-08-02T10:00,2.305555555555556,17.5
2025-08-02T11:00,2.111111111111111,18.1
2025-08-02T12:00,2.75,18.6
2025-08-02T13:00,3.3055555555555554,19.0
2025-08-02T14:00,3.7222222222222223,19.3
2025-08-02T15:00,3.5277777777777777,19.8
2025-08-02T16:00,3.083333333333333,19.4
2025-08-02T17:00,3.138888888888889,19.3
2025-08-02T18:00,3.8055555555555554,19.0
2025-08-02T19:00,4.083333333333333,18.1
2025-08-02T20:00,3.9166666666666665,17.4
2025-08-02T21:00,3.888888888888889,16.7
2025-08-02T22:00,4.777777777777778,15.8
2025-08-02T23:00,5.249999999999999,15.4
2025-08-03T00:00,5.416666666666667,15.1
2025-08-03T01:00,5.249999999999999,14.8
2025-08-03T02:00,5.111111111111111,14.5
2025-08-03T03:00,4.416666666666667,14.4
2025-08-03T04:00,5.861111111111112,14.6
2025-08-03T05:00,5.388888888888888,14.9
2025-08-03T06:00,5.333333333333333,14.9
2025-08-03T07:00,5.055555555555555,15.9
2025-08-03T08:00,4.166666666666667,17.0
2025-08-03T09:00,4.472222222222222,18.1
2025-08-03T10:00,4.527777777777778,19.1
2025-08-03T11:00,4.638888888888888,20.1
2025-08-03T12:00,4.694444444444444,20.8
2025-08-03T13:00,4.611111111111112,21.1
2025-08-03T14:00,3.888888888888889,21.3
2025-08-03T15:00,3.5,21.6
2025-08-03T16:00,1.9444444444444444,21.5
2025-08-03T17:00,2.055555555555556,21.6
2025-08-03T18:00,0.6944444444444444,21.5
2025-08-03T19:00,1.9444444444444444,20.4
2025-08-03T20:00,2.4166666666666665,19.6
2025-08-03T21:00,3.9722222222222223,18.6
2025-08-03T22:00,5.249999999999999,18.0
2025-08-03T23:00,6.083333333333333,17.5
2025-08-04T00:00,5.249999999999999,17.0
2025-08-04T01:00,5.083333333333333,16.7
2025-08-04T02:00,5.472222222222222,16.5
2025-08-04T03:00,6.611111111111111,16.2
2025-08-04T04:00,6.444444444444444,16.0
2025-08-04T05:00,6.833333333333334,15.9
2025-08-04T06:00,6.861111111111111,15.6
2025-08-04T07:00,6.583333333333333,15.9
2025-08-04T08:00,5.861111111111112,16.5
2025-08-04T09:00,7.194444444444444,17.5
2025-08-04T10:00,6.75,18.3
2025-08-04T11:00,7.027777777777778,18.9
2025-08-04T12:00,7.666666666666667,18.9
2025-08-04T13:00,8.61111111111111,19.4
2025-08-04T14:00,7.527777777777778,19.6
2025-08-04T15:00,7.944444444444445,20.4
2025-08-04T16:00,8.0,20.0
2025-08-04T17:00,8.63888888888889,19.4
2025-08-04T18:00,8.472222222222221,17.9
2025-08-04T19:00,9.361111111111112,16.6
2025-08-04T20:00,11.166666666666668,15.7
2025-08-04T21:00,12.194444444444443,15.7
2025-08-04T22:00,13.055555555555555,15.9
2025-08-04T23:00,11.166666666666668,16.1
2025-08-05T00:00,10.638888888888888,16.6
2025-08-05T01:00,10.86111111111111,15.8
2025-08-05T02:00,10.722222222222223,15.3
2025-08-05T03:00,10.722222222222223,14.7
2025-08-05T04:00,10.86111111111111,14.8
2025-08-05T05:00,11.027777777777779,14.6
2025-08-05T06:00,11.472222222222221,14.4
2025-08-05T07:00,11.833333333333334,14.9
2025-08-05T08:00,12.38888888888889,15.4
2025-08-05T09:00,13.194444444444445,16.2
2025-08-05T10:00,14.027777777777777,16.4
2025-08-05T11:00,13.88888888888889,16.6
2025-08-05T12:00,15.13888888888889,17.1
2025-08-05T13:00,13.75,17.6
2025-08-05T14:00,14.555555555555555,17.4
2025-08-05T15:00,16.333333333333332,16.5
2025-08-05T16:00,14.555555555555555,16.1
2025-08-05T17:00,14.11111111111111,16.1
2025-08-05T18:00,13.055555555555555,15.2
2025-08-05T19:00,12.416666666666668,15.2
2025-08-05T20:00,10.555555555555555,14.4
2025-08-05T21:00,11.13888888888889,13.1
2025-08-05T22:00,11.083333333333332,13.9
2025-08-05T23:00,10.916666666666666,13.7
2025-08-06T00:00,10.194444444444445,13.7
2025-08-06T01:00,9.61111111111111,14.0
2025-08-06T02:00,9.249999999999998,14.1
2025-08-06T03:00,10.416666666666666,13.5
2025-08-06T04:00,10.833333333333334,13.5
2025-08-06T05:00,10.305555555555555,13.4
2025-08-06T06:00,10.083333333333332,13.8
2025-08-06T07:00,10.583333333333334,14.4
2025-08-06T08:00,9.416666666666666,14.8
2025-08-06T09:00,10.333333333333334,15.6
2025-08-06T10:00,11.305555555555555,16.7
2025-08-06T11:00,10.11111111111111,15.4
2025-08-06T12:00,11.833333333333334,15.2
2025-08-06T13:00,11.416666666666666,15.8
2025-08-06T14:00,11.694444444444445,17.3
2025-08-06T15:00,11.749999999999998,16.4
2025-08-06T16:00,12.055555555555555,16.7
2025-08-06T17:00,12.61111111111111,17.0
2025-08-06T18:00,12.555555555555555,17.0
2025-08-06T19:00,12.083333333333332,16.4
2025-08-06T20:00,10.611111111111112,15.9
2025-08-06T21:00,9.222222222222223,15.3
2025-08-06T22:00,9.472222222222223,15.0
2025-08-06T23:00,8.583333333333332,14.7
2025-08-07T00:00,7.944444444444445,14.4
2025-08-07T01:00,7.416666666666666,14.2
2025-08-07T02:00,7.416666666666666,14.4
2025-08-07T03:00,7.944444444444445,14.3
2025-08-07T04:00,7.666666666666667,14.0
2025-08-07T05:00,6.75,13.8
2025-08-07T06:00,6.305555555555555,13.7
2025-08-07T07:00,5.666666666666666,14.0
2025-08-07T08:00,6.805555555555555,14.4
2025-08-07T09:00,7.25,15.3
2025-08-07T10:00,7.166666666666667,15.9
2025-08-07T11:00,7.527777777777778,17.1
2025-08-07T12:00,6.694444444444445,17.2
2025-08-07T13:00,6.222222222222221,17.1
2025-08-07T14:00,6.222222222222221,16.9
2025-08-07T15:00,4.388888888888889,17.9
2025-08-07T16:00,5.527777777777778,18.6
2025-08-07T17:00,6.666666666666666,18.8
2025-08-07T18:00,6.555555555555555,18.4
2025-08-07T19:00,5.444444444444445,18.0
2025-08-07T20:00,6.055555555555555,17.8
2025-08-07T21:00,6.555555555555555,16.7
2025-08-07T22:00,6.722222222222221,15.8
2025-08-07T23:00,7.25,15.1
2025-08-08T00:00,7.277777777777778,14.7
2025-08-08T01:00,7.222222222222222,14.6
2025-08-08T02:00,7.277777777777778,14.4
2025-08-08T03:00,7.111111111111112,14.3
2025-08-08T04:00,7.638888888888888,14.1
2025-08-08T05:00,7.638888888888888,14.1
2025-08-08T06:00,7.333333333333333,14.1
2025-08-08T07:00,7.166666666666667,14.7
2025-08-08T08:00,6.333333333333333,15.9
2025-08-08T09:00,4.75,16.5
2025-08-08T10:00,7.055555555555555,17.4
2025-08-08T11:00,7.222222222222222,17.4
2025-08-08T12:00,6.444444444444444,19.0
2025-08-08T13:00,6.583333333333333,19.8
2025-08-08T14:00,6.722222222222221,19.5
2025-08-08T15:00,6.75,19.5
2025-08-08T16:00,7.027777777777778,20.0
2025-08-08T17:00,7.138888888888888,19.5
2025-08-08T18:00,7.166666666666667,19.0
2025-08-08T19:00,8.11111111111111,18.3
2025-08-08T20:00,7.638888888888888,17.4
2025-08-08T21:00,6.277777777777778,16.3
2025-08-08T22:00,5.611111111111111,15.6
2025-08-08T23:00,5.75,14.9
2025-08-09T00:00,6.027777777777778,14.5
2025-08-09T01:00,6.0,14.1
2025-08-09T02:00,6.083333333333333,13.6
2025-08-09T03:00,6.138888888888889,12.8
2025-08-09T04:00,6.499999999999999,12.4
2025-08-09T05:00,6.916666666666666,12.2
2025-08-09T06:00,6.805555555555555,12.1
2025-08-09T07:00,6.75,12.8
2025-08-09T08:00,7.194444444444444,13.9
2025-08-09T09:00,5.416666666666667,15.6
2025-08-09T10:00,5.861111111111112,17.1
2025-08-09T11:00,6.472222222222222,18.4
2025-08-09T12:00,6.416666666666667,19.5
2025-08-09T13:00,6.777777777777777,20.1
2025-08-09T14:00,6.472222222222222,20.1
2025-08-09T15:00,6.861111111111111,20.9
2025-08-09T16:00,7.472222222222221,21.6
2025-08-09T17:00,7.361111111111111,21.1
2025-08-09T18:00,8.63888888888889,20.4
2025-08-09T19:00,7.638888888888888,19.5
2025-08-09T20:00,7.888888888888888,16.7
2025-08-09T21:00,7.361111111111111,16.5
2025-08-09T22:00,7.888888888888888,15.8
2025-08-09T23:00,7.0,15.2
2025-08-10T00:00,7.416666666666666,14.8
2025-08-10T01:00,7.694444444444444,14.6
2025-08-10T02:00,7.555555555555555,14.5
2025-08-10T03:00,7.305555555555555,14.2
2025-08-10T04:00,7.388888888888889,14.0
2025-08-10T05:00,7.361111111111111,13.8
2025-08-10T06:00,7.416666666666666,13.7
2025-08-10T07:00,7.444444444444445,14.3
2025-08-10T08:00,6.499999999999999,15.6
2025-08-10T09:00,7.916666666666666,16.5
2025-08-10T10:00,9.11111111111111,16.9
2025-08-10T11:00,9.416666666666666,17.4
2025-08-10T12:00,10.11111111111111,17.6
2025-08-10T13:00,10.166666666666666,17.6
2025-08-10T14:00,10.277777777777777,17.8
2025-08-10T15:00,9.75,18.0
2025-08-10T16:00,9.86111111111111,18.1
2025-08-10T17:00,10.027777777777779,17.9
2025-08-10T18:00,9.61111111111111,17.2
2025-08-10T19:00,8.666666666666666,16.5
2025-08-10T20:00,8.666666666666666,15.7
2025-08-10T21:00,8.166666666666666,14.9
2025-08-10T22:00,8.194444444444445,14.1
2025-08-10T23:00,8.416666666666666,13.6
2025-08-11T00:00,8.194444444444445,13.4
2025-08-11T01:00,7.361111111111111,13.2
2025-08-11T02:00,6.805555555555555,12.9
2025-08-11T03:00,7.5,12.5
2025-08-11T04:00,7.222222222222222,12.4
2025-08-11T05:00,6.555555555555555,12.4
2025-08-11T06:00,6.694444444444445,12.6
2025-08-11T07:00,6.472222222222222,13.2
2025-08-11T08:00,5.583333333333334,13.9
2025-08-11T09:00,5.333333333333333,14.2
2025-08-11T10:00,4.611111111111112,14.5
2025-08-11T11:00,6.083333333333333,15.6
2025-08-11T12:00,6.75,17.1
2025-08-11T13:00,6.638888888888888,18.0
2025-08-11T14:00,6.333333333333333,17.9
2025-08-11T15:00,5.666666666666666,17.2
2025-08-11T16:00,5.777777777777778,17.9
2025-08-11T17:00,8.13888888888889,18.2
2025-08-11T18:00,7.027777777777778,18.2
2025-08-11T19:00,7.777777777777778,18.2
2025-08-11T20:00,7.722222222222222,18.0
2025-08-11T21:00,8.027777777777777,17.6
2025-08-11T22:00,7.861111111111111,17.2
2025-08-11T23:00,7.749999999999999,16.9
2025-08-12T00:00,7.361111111111111,16.5
2025-08-12T01:00,7.0,16.4
2025-08-12T02:00,6.361111111111111,15.8
2025-08-12T03:00,6.416666666666667,15.4
2025-08-12T04:00,6.555555555555555,15.2
2025-08-12T05:00,6.499999999999999,14.9
2025-08-12T06:00,6.75,14.4
2025-08-12T07:00,6.527777777777778,14.6
2025-08-12T08:00,4.805555555555555,15.4
2025-08-12T09:00,4.75,16.1
2025-08-12T10:00,4.277777777777778,16.9
2025-08-12T11:00,4.166666666666667,18.1
2025-08-12T12:00,4.194444444444445,19.5
2025-08-12T13:00,4.194444444444445,20.5
2025-08-12T14:00,4.694444444444444,20.7
2025-08-12T15:00,4.527777777777778,21.4
2025-08-12T16:00,4.361111111111111,21.8
2025-08-12T17:00,3.75,21.5
2025-08-12T18:00,3.7222222222222223,20.9
2025-08-12T19:00,3.0,20.5
2025-08-12T20:00,1.8888888888888888,19.9
2025-08-12T21:00,1.0,18.8
2025-08-12T22:00,2.111111111111111,17.5
2025-08-12T23:00,3.3055555555555554,16.8
2025-08-13T00:00,3.861111111111111,16.5
2025-08-13T01:00,4.805555555555555,16.1
2025-08-13T02:00,4.444444444444445,15.6
2025-08-13T03:00,3.2499999999999996,14.8
2025-08-13T04:00,2.861111111111111,14.4
2025-08-13T05:00,2.888888888888889,14.1
2025-08-13T06:00,3.4722222222222223,13.8
2025-08-13T07:00,4.166666666666667,14.4
2025-08-13T08:00,4.166666666666667,16.2
2025-08-13T09:00,3.083333333333333,18.3
2025-08-13T10:00,3.8055555555555554,20.2
2025-08-13T11:00,4.027777777777778,21.6
2025-08-13T12:00,4.361111111111111,22.8
2025-08-13T13:00,4.666666666666667,23.6
2025-08-13T14:00,4.916666666666666,24.0
2025-08-13T15:00,5.527777777777778,24.3
2025-08-13T16:00,5.361111111111112,24.4
2025-08-13T17:00,5.194444444444444,24.2
2025-08-13T18:00,5.055555555555555,23.6
2025-08-13T19:00,5.194444444444444,22.5
2025-08-13T20:00,5.0,21.1
2025-08-13T21:00,6.027777777777778,19.5
2025-08-13T22:00,6.0,18.4
2025-08-13T23:00,6.027777777777778,17.8
2025-08-14T00:00,6.166666666666666,17.5
2025-08-14T01:00,6.111111111111111,17.4
2025-08-14T02:00,5.916666666666667,17.2
2025-08-14T03:00,5.527777777777778,16.5
2025-08-14T04:00,5.333333333333333,16.2
2025-08-14T05:00,5.694444444444445,16.0
2025-08-14T06:00,6.611111111111111,16.1
2025-08-14T07:00,7.388888888888889,16.9
2025-08-14T08:00,7.527777777777778,18.4
2025-08-14T09:00,5.333333333333333,20.1
2025-08-14T10:00,5.5,21.0
2025-08-14T11:00,5.611111111111111,21.6
2025-08-14T12:00,4.277777777777778,21.5
2025-08-14T13:00,2.9166666666666665,21.5
2025-08-14T14:00,3.0555555555555554,21.8
2025-08-14T15:00,3.9166666666666665,21.5
2025-08-14T16:00,3.888888888888889,20.6
2025-08-14T17:00,5.361111111111112,21.1
2025-08-14T18:00,2.833333333333333,23.6
2025-08-14T19:00,2.361111111111111,24.1
2025-08-14T20:00,1.8611111111111112,23.1
2025-08-14T21:00,2.5,21.2
2025-08-14T22:00,2.5833333333333335,20.3
2025-08-14T23:00,2.0833333333333335,19.7
2025-08-15T00:00,3.0555555555555554,19.1
2025-08-15T01:00,3.6666666666666665,18.8
2025-08-15T02:00,2.972222222222222,18.3
2025-08-15T03:00,2.5833333333333335,17.6
2025-08-15T04:00,3.75,17.6
2025-08-15T05:00,3.4444444444444446,17.6
2025-08-15T06:00,5.972222222222222,17.4
2025-08-15T07:00,3.611111111111111,17.6
2025-08-15T08:00,4.722222222222222,18.7
2025-08-15T09:00,4.972222222222221,20.2
2025-08-15T10:00,5.305555555555556,21.0
2025-08-15T11:00,5.583333333333334,22.0
2025-08-15T12:00,7.416666666666666,23.0
2025-08-15T13:00,8.944444444444445,23.8
2025-08-15T14:00,9.305555555555555,23.7
2025-08-15T15:00,8.916666666666666,20.5
2025-08-15T16:00,10.333333333333334,21.2
2025-08-15T17:00,9.166666666666666,21.2
2025-08-15T18:00,9.944444444444443,20.0
2025-08-15T19:00,10.0,18.8
2025-08-15T20:00,10.305555555555555,17.5
2025-08-15T21:00,10.88888888888889,16.5
2025-08-15T22:00,10.86111111111111,16.0
2025-08-15T23:00,10.555555555555555,15.7
2025-08-16T00:00,10.388888888888888,15.4
2025-08-16T01:00,9.249999999999998,15.1
2025-08-16T02:00,8.36111111111111,14.8
2025-08-16T03:00,7.944444444444445,14.4
2025-08-16T04:00,7.555555555555555,14.4
2025-08-16T05:00,7.222222222222222,14.5
2025-08-16T06:00,6.777777777777777,14.3
2025-08-16T07:00,6.361111111111111,14.7
2025-08-16T08:00,5.222222222222222,15.9
2025-08-16T09:00,3.6944444444444446,17.4
2025-08-16T10:00,2.75,18.5
2025-08-16T11:00,2.5277777777777777,19.5
2025-08-16T12:00,3.4444444444444446,20.1
2025-08-16T13:00,4.416666666666667,20.3
2025-08-16T14:00,4.861111111111111,20.2
2025-08-16T15:00,4.694444444444444,19.9
2025-08-16T16:00,5.333333333333333,19.5
2025-08-16T17:00,6.055555555555555,19.1
2025-08-16T18:00,6.388888888888888,18.6
2025-08-16T19:00,5.833333333333333,17.8
2025-08-16T20:00,4.638888888888888,17.1
2025-08-16T21:00,3.75,16.0
2025-08-16T22:00,4.055555555555555,15.6
2025-08-16T23:00,5.5,15.1
2025-08-17T00:00,5.361111111111112,14.6
2025-08-17T01:00,4.944444444444445,14.4
2025-08-17T02:00,4.083333333333333,14.2
2025-08-17T03:00,3.222222222222222,13.2
2025-08-17T04:00,1.8333333333333333,12.6
2025-08-17T05:00,0.8611111111111112,12.7
2025-08-17T06:00,2.25,12.2
2025-08-17T07:00,4.638888888888888,12.6
2025-08-17T08:00,5.666666666666666,13.4
2025-08-17T09:00,4.055555555555555,16.5
2025-08-17T10:00,3.6944444444444446,18.5
2025-08-17T11:00,3.75,19.5
2025-08-17T12:00,3.638888888888889,20.3
2025-08-17T13:00,3.194444444444444,21.1
2025-08-17T14:00,3.138888888888889,21.8
2025-08-17T15:00,4.638888888888888,22.6
2025-08-17T16:00,5.138888888888888,22.5
2025-08-17T17:00,5.861111111111112,22.0
2025-08-17T18:00,5.472222222222222,21.5
2025-08-17T19:00,5.444444444444445,20.5
2025-08-17T20:00,5.694444444444445,18.8
2025-08-17T21:00,5.416666666666667,17.4
2025-08-17T22:00,4.944444444444445,16.5
2025-08-17T23:00,4.277777777777778,15.9
2025-08-18T00:00,3.75,15.3
2025-08-18T01:00,3.333333333333333,14.6
2025-08-18T02:00,2.7777777777777777,14.3
2025-08-18T03:00,1.9444444444444444,13.1
2025-08-18T04:00,2.4444444444444446,12.9
2025-08-18T05:00,3.0277777777777777,13.3
2025-08-18T06:00,3.8055555555555554,12.9
2025-08-18T07:00,4.25,12.9
2025-08-18T08:00,4.416666666666667,14.2
2025-08-18T09:00,3.3055555555555554,16.2
2025-08-18T10:00,3.2499999999999996,18.5
2025-08-18T11:00,3.1111111111111107,20.3
2025-08-18T12:00,3.1111111111111107,21.8
2025-08-18T13:00,3.4444444444444446,23.0
2025-08-18T14:00,4.0,23.7
2025-08-18T15:00,4.388888888888889,24.2
2025-08-18T16:00,4.694444444444444,24.2
2025-08-18T17:00,5.166666666666667,23.7
2025-08-18T18:00,5.805555555555555,23.0
2025-08-18T19:00,6.444444444444444,21.7
2025-08-18T20:00,6.361111111111111,19.7
2025-08-18T21:00,6.861111111111111,17.6
2025-08-18T22:00,7.194444444444444,16.3
2025-08-18T23:00,7.361111111111111,15.7
2025-08-19T00:00,7.916666666666666,15.5
2025-08-19T01:00,8.5,15.1
2025-08-19T02:00,9.055555555555555,14.6
2025-08-19T03:00,9.694444444444445,14.6
2025-08-19T04:00,10.083333333333332,14.5
2025-08-19T05:00,9.916666666666668,14.4
2025-08-19T06:00,9.416666666666666,14.3
2025-08-19T07:00,9.194444444444445,14.9
2025-08-19T08:00,7.888888888888888,15.9
2025-08-19T09:00,7.055555555555555,17.3
2025-08-19T10:00,6.527777777777778,19.1
2025-08-19T11:00,5.388888888888888,21.2
2025-08-19T12:00,4.75,22.5
2025-08-19T13:00,4.944444444444445,22.9
2025-08-19T14:00,4.666666666666667,23.2
2025-08-19T15:00,5.583333333333334,21.5
2025-08-19T16:00,6.25,20.4
2025-08-19T17:00,6.083333333333333,19.8
2025-08-19T18:00,6.527777777777778,19.8
2025-08-19T19:00,6.0,19.6
2025-08-19T20:00,5.027777777777778,19.0
2025-08-19T21:00,5.916666666666667,17.4
2025-08-19T22:00,6.583333333333333,16.4
2025-08-19T23:00,7.666666666666667,15.9
2025-08-20T00:00,5.861111111111112,15.3
2025-08-20T01:00,5.388888888888888,14.4
2025-08-20T02:00,7.194444444444444,14.1
2025-08-20T03:00,6.916666666666666,12.6
2025-08-20T04:00,7.694444444444444,12.4
2025-08-20T05:00,7.388888888888889,12.1
2025-08-20T06:00,7.361111111111111,11.8
2025-08-20T07:00,7.416666666666666,12.1
2025-08-20T08:00,7.916666666666666,13.3
2025-08-20T09:00,5.611111111111111,14.7
2025-08-20T10:00,4.583333333333333,15.9
2025-08-20T11:00,4.138888888888889,17.0
2025-08-20T12:00,4.222222222222222,17.9
2025-08-20T13:00,4.555555555555555,18.5
2025-08-20T14:00,4.75,19.0
2025-08-20T15:00,4.666666666666667,19.2
2025-08-20T16:00,4.944444444444445,18.9
2025-08-20T17:00,5.305555555555556,18.4
2025-08-20T18:00,4.555555555555555,17.7
2025-08-20T19:00,4.444444444444445,17.0
2025-08-20T20:00,4.027777777777778,15.9
2025-08-20T21:00,4.666666666666667,14.8
2025-08-20T22:00,5.472222222222222,14.4
2025-08-20T23:00,5.972222222222222,14.4
2025-08-21T00:00,6.861111111111111,14.1
2025-08-21T01:00,7.722222222222222,13.6
2025-08-21T02:00,8.194444444444445,13.4
2025-08-21T03:00,8.916666666666666,13.3
2025-08-21T04:00,8.416666666666666,12.9
2025-08-21T05:00,8.194444444444445,12.8
2025-08-21T06:00,7.805555555555555,12.7
2025-08-21T07:00,7.0,13.2
2025-08-21T08:00,6.333333333333333,13.2
2025-08-21T09:00,6.583333333333333,14.1
2025-08-21T10:00,6.833333333333334,15.1
2025-08-21T11:00,7.083333333333333,16.1
2025-08-21T12:00,7.527777777777778,16.4
2025-08-21T13:00,7.555555555555555,16.9
2025-08-21T14:00,7.416666666666666,17.0
2025-08-21T15:00,7.138888888888888,16.5
2025-08-21T16:00,7.555555555555555,16.5
2025-08-21T17:00,7.194444444444444,16.2
2025-08-21T18:00,6.194444444444445,15.9
2025-08-21T19:00,5.555555555555555,15.6
2025-08-21T20:00,5.944444444444444,14.4
2025-08-21T21:00,5.388888888888888,13.3
2025-08-21T22:00,5.611111111111111,12.9
2025-08-21T23:00,6.333333333333333,12.6
2025-08-22T00:00,6.805555555555555,12.4
2025-08-22T01:00,7.5,12.6
2025-08-22T02:00,8.083333333333334,12.8
2025-08-22T03:00,8.416666666666666,12.2
2025-08-22T04:00,8.972222222222221,12.3
2025-08-22T05:00,9.333333333333334,12.2
2025-08-22T06:00,9.527777777777777,12.4
2025-08-22T07:00,9.75,12.9
2025-08-22T08:00,9.63888888888889,13.8
2025-08-22T09:00,9.972222222222221,14.4
2025-08-22T10:00,9.444444444444445,14.9
2025-08-22T11:00,8.972222222222221,15.4
2025-08-22T12:00,8.555555555555555,15.8
2025-08-22T13:00,8.583333333333332,16.4
2025-08-22T14:00,8.527777777777777,16.6
2025-08-22T15:00,7.833333333333333,16.8
2025-08-22T16:00,7.25,16.6
2025-08-22T17:00,6.916666666666666,16.5
2025-08-22T18:00,6.75,16.2
2025-08-22T19:00,7.027777777777778,15.6
2025-08-22T20:00,6.361111111111111,14.9
2025-08-22T21:00,7.555555555555555,14.4
2025-08-22T22:00,7.055555555555555,13.6
2025-08-22T23:00,7.555555555555555,13.4
2025-08-23T00:00,8.222222222222223,13.4
2025-08-23T01:00,7.138888888888888,13.1
2025-08-23T02:00,5.666666666666666,12.4
2025-08-23T03:00,3.8055555555555554,11.3
2025-08-23T04:00,5.583333333333334,10.6
2025-08-23T05:00,6.111111111111111,10.1
2025-08-23T06:00,5.916666666666667,9.7
2025-08-23T07:00,5.305555555555556,10.2
2025-08-23T08:00,4.833333333333333,11.2
2025-08-23T09:00,4.694444444444444,13.2
2025-08-23T10:00,7.222222222222222,14.6
2025-08-23T11:00,7.749999999999999,15.4
2025-08-23T12:00,7.555555555555555,15.9
2025-08-23T13:00,6.916666666666666,16.5
2025-08-23T14:00,6.583333333333333,16.4
2025-08-23T15:00,6.472222222222222,16.5
2025-08-23T16:00,7.138888888888888,16.4
2025-08-23T17:00,6.472222222222222,16.2
2025-08-23T18:00,5.638888888888889,15.9
2025-08-23T19:00,5.861111111111112,15.2
2025-08-23T20:00,6.0,14.4
2025-08-23T21:00,7.694444444444444,13.4
2025-08-23T22:00,7.944444444444445,12.9
2025-08-23T23:00,7.444444444444445,12.7
2025-08-24T00:00,7.166666666666667,12.5
2025-08-24T01:00,7.666666666666667,12.4
2025-08-24T02:00,8.11111111111111,12.4
2025-08-24T03:00,7.916666666666666,11.5
2025-08-24T04:00,8.166666666666666,11.6
2025-08-24T05:00,8.25,11.8
2025-08-24T06:00,8.055555555555555,11.8
2025-08-24T07:00,7.722222222222222,12.1
2025-08-24T08:00,7.083333333333333,13.4
2025-08-24T09:00,4.777777777777778,15.4
2025-08-24T10:00,2.861111111111111,17.0
2025-08-24T11:00,2.361111111111111,18.0
2025-08-24T12:00,2.388888888888889,19.0
2025-08-24T13:00,3.5,19.8
2025-08-24T14:00,4.472222222222222,19.6
2025-08-24T15:00,4.75,19.7
2025-08-24T16:00,6.555555555555555,18.9
2025-08-24T17:00,7.0,17.8
2025-08-24T18:00,5.972222222222222,17.2
2025-08-24T19:00,5.555555555555555,16.4
2025-08-24T20:00,5.805555555555555,15.2
2025-08-24T21:00,6.138888888888889,14.1
2025-08-24T22:00,6.694444444444445,13.6
2025-08-24T23:00,7.222222222222222,13.2
2025-08-25T00:00,7.5,12.9
2025-08-25T01:00,8.166666666666666,12.6
2025-08-25T02:00,8.38888888888889,12.4
2025-08-25T03:00,8.36111111111111,12.1
2025-08-25T04:00,8.25,12.1
2025-08-25T05:00,8.583333333333332,12.0
2025-08-25T06:00,8.666666666666666,12.1
2025-08-25T07:00,8.472222222222221,12.6
2025-08-25T08:00,7.749999999999999,13.8
2025-08-25T09:00,8.36111111111111,15.6
2025-08-25T10:00,8.055555555555555,17.6
2025-08-25T11:00,7.805555555555555,18.3
2025-08-25T12:00,6.861111111111111,19.0
2025-08-25T13:00,5.916666666666667,19.8
2025-08-25T14:00,5.388888888888888,20.1
2025-08-25T15:00,4.805555555555555,20.9
2025-08-25T16:00,4.694444444444444,20.8
2025-08-25T17:00,5.833333333333333,20.0
2025-08-25T18:00,6.805555555555555,18.4
2025-08-25T19:00,5.777777777777778,17.1
2025-08-25T20:00,4.361111111111111,15.9
2025-08-25T21:00,4.333333333333333,14.2
2025-08-25T22:00,4.694444444444444,13.4
2025-08-25T23:00,3.611111111111111,12.5
2025-08-26T00:00,3.0555555555555554,11.9
2025-08-26T01:00,3.861111111111111,12.1
2025-08-26T02:00,3.861111111111111,11.9
2025-08-26T03:00,3.0,10.6
2025-08-26T04:00,4.138888888888889,10.6
2025-08-26T05:00,5.027777777777778,10.2
2025-08-26T06:00,4.611111111111112,10.2
2025-08-26T07:00,4.333333333333333,10.5
2025-08-26T08:00,4.305555555555555,11.8
2025-08-26T09:00,4.555555555555555,13.4
2025-08-26T10:00,3.9722222222222223,14.9
2025-08-26T11:00,4.027777777777778,15.2
2025-08-26T12:00,4.166666666666667,16.0
2025-08-26T13:00,4.083333333333333,17.1
2025-08-26T14:00,4.194444444444445,18.1
2025-08-26T15:00,3.944444444444444,19.5
2025-08-26T16:00,3.1111111111111107,20.0
2025-08-26T17:00,3.2499999999999996,20.5
2025-08-26T18:00,3.0555555555555554,20.6
2025-08-26T19:00,1.972222222222222,20.1
2025-08-26T20:00,2.3333333333333335,18.8
2025-08-26T21:00,3.75,17.3
2025-08-26T22:00,5.249999999999999,16.8
2025-08-26T23:00,5.916666666666667,16.5
2025-08-27T00:00,5.111111111111111,16.2
2025-08-27T01:00,5.083333333333333,15.8
2025-08-27T02:00,5.888888888888888,14.9
2025-08-27T03:00,6.138888888888889,14.6
2025-08-27T04:00,6.833333333333334,14.4
2025-08-27T05:00,7.416666666666666,14.3
2025-08-27T06:00,7.749999999999999,14.4
2025-08-27T07:00,7.944444444444445,14.9
2025-08-27T08:00,7.833333333333333,15.5
2025-08-27T09:00,7.749999999999999,16.5
2025-08-27T10:00,8.527777777777777,16.5
2025-08-27T11:00,7.361111111111111,17.5
2025-08-27T12:00,7.666666666666667,17.6
2025-08-27T13:00,7.777777777777778,18.5
2025-08-27T14:00,8.194444444444445,19.0
2025-08-27T15:00,9.0,20.0
2025-08-27T16:00,8.166666666666666,19.1
2025-08-27T17:00,7.055555555555555,20.5
2025-08-27T18:00,5.75,20.8
2025-08-27T19:00,3.611111111111111,17.1
2025-08-27T20:00,2.388888888888889,17.1
2025-08-27T21:00,4.638888888888888,16.3
2025-08-27T22:00,6.25,16.0
2025-08-27T23:00,6.416666666666667,15.8
2025-08-28T00:00,6.0,15.3
2025-08-28T01:00,6.194444444444445,15.1
2025-08-28T02:00,5.249999999999999,14.6
2025-08-28T03:00,5.361111111111112,14.4
2025-08-28T04:00,4.694444444444444,13.8
2025-08-28T05:00,4.277777777777778,13.4
2025-08-28T06:00,3.555555555555556,12.9
2025-08-28T07:00,3.5,12.9
2025-08-28T08:00,2.638888888888889,13.4
2025-08-28T09:00,1.472222222222222,14.4
2025-08-28T10:00,1.6666666666666665,16.0
2025-08-28T11:00,1.8055555555555556,18.3
2025-08-28T12:00,2.2777777777777777,20.2
2025-08-28T13:00,3.083333333333333,21.0
2025-08-28T14:00,4.416666666666667,21.0
2025-08-28T15:00,5.305555555555556,21.0
2025-08-28T16:00,5.888888888888888,20.2
2025-08-28T17:00,6.25,20.1
2025-08-28T18:00,5.5,19.0
2025-08-28T19:00,4.75,18.6
2025-08-28T20:00,5.805555555555555,17.6
2025-08-28T21:00,5.333333333333333,16.6
2025-08-28T22:00,4.638888888888888,16.1
2025-08-28T23:00,6.194444444444445,15.9
2025-08-29T00:00,6.638888888888888,15.8
2025-08-29T01:00,5.833333333333333,15.6
2025-08-29T02:00,4.111111111111112,15.4
2025-08-29T03:00,6.277777777777778,16.0
2025-08-29T04:00,4.25,15.3
2025-08-29T05:00,4.111111111111112,14.8
2025-08-29T06:00,3.75,14.8
2025-08-29T07:00,4.138888888888889,14.8
2025-08-29T08:00,4.388888888888889,15.1
2025-08-29T09:00,4.527777777777778,15.6
2025-08-29T10:00,4.5,16.4
2025-08-29T11:00,4.333333333333333,17.5
2025-08-29T12:00,3.6944444444444446,18.9
2025-08-29T13:00,3.7777777777777777,19.7
2025-08-29T14:00,3.1666666666666665,20.1
2025-08-29T15:00,2.972222222222222,20.4
2025-08-29T16:00,3.0277777777777777,20.6
2025-08-29T17:00,2.6666666666666665,20.2
2025-08-29T18:00,2.6666666666666665,20.0
2025-08-29T19:00,4.027777777777778,19.0
2025-08-29T20:00,2.388888888888889,17.8
2025-08-29T21:00,1.4444444444444444,16.8
2025-08-29T22:00,2.2222222222222223,15.6
2025-08-29T23:00,2.5277777777777777,14.6
2025-08-30T00:00,2.638888888888889,14.0
2025-08-30T01:00,3.138888888888889,13.8
2025-08-30T02:00,3.0,13.6
2025-08-30T03:00,4.111111111111112,13.4
2025-08-30T04:00,4.388888888888889,13.1
2025-08-30T05:00,5.027777777777778,13.1
2025-08-30T06:00,5.916666666666667,13.4
2025-08-30T07:00,6.499999999999999,14.1
2025-08-30T08:00,6.083333333333333,15.3
2025-08-30T09:00,6.972222222222222,16.9
2025-08-30T10:00,5.388888888888888,18.4
2025-08-30T11:00,5.944444444444444,19.5
2025-08-30T12:00,6.0,20.1
2025-08-30T13:00,4.361111111111111,17.6
2025-08-30T14:00,3.4722222222222223,17.6
2025-08-30T15:00,4.75,17.8
2025-08-30T16:00,4.527777777777778,19.0
2025-08-30T17:00,4.75,19.8
2025-08-30T18:00,3.944444444444444,19.5
2025-08-30T19:00,5.583333333333334,18.2
2025-08-30T20:00,4.166666666666667,16.6
2025-08-30T21:00,5.055555555555555,15.9
2025-08-30T22:00,5.333333333333333,15.4
2025-08-30T23:00,4.833333333333333,15.0
2025-08-31T00:00,5.027777777777778,14.6
2025-08-31T01:00,5.638888888888889,14.1
2025-08-31T02:00,5.611111111111111,13.8
2025-08-31T03:00,5.388888888888888,13.1
2025-08-31T04:00,5.444444444444445,12.8
2025-08-31T05:00,5.611111111111111,12.5
2025-08-31T06:00,6.138888888888889,12.3
2025-08-31T07:00,6.722222222222221,12.6
2025-08-31T08:00,7.055555555555555,13.8
2025-08-31T09:00,7.749999999999999,14.8
2025-08-31T10:00,8.833333333333334,16.0
2025-08-31T11:00,8.36111111111111,17.4
2025-08-31T12:00,6.333333333333333,18.5
2025-08-31T13:00,6.138888888888889,20.2
2025-08-31T14:00,6.25,19.6
2025-08-31T15:00,6.944444444444445,21.0
2025-08-31T16:00,6.722222222222221,20.5
2025-08-31T17:00,6.555555555555555,21.0
2025-08-31T18:00,6.416666666666667,20.8
2025-08-31T19:00,6.444444444444444,19.9
2025-08-31T20:00,6.083333333333333,19.3
2025-08-31T21:00,6.222222222222221,18.6
2025-08-31T22:00,6.833333333333334,17.5
2025-08-31T23:00,6.0,17.2
2025-09-01T00:00,6.444444444444444,17.0
2025-09-01T01:00,7.25,16.9
2025-09-01T02:00,7.527777777777778,16.6
2025-09-01T03:00,6.499999999999999,16.5
2025-09-01T04:00,7.5,16.6
2025-09-01T05:00,7.222222222222222,16.8
2025-09-01T06:00,7.555555555555555,16.4
2025-09-01T07:00,9.222222222222223,16.6
2025-09-01T08:00,7.888888888888888,17.0
2025-09-01T09:00,8.25,17.6
2025-09-01T10:00,8.61111111111111,18.7
2025-09-01T11:00,6.805555555555555,20.0
2025-09-01T12:00,7.416666666666666,21.5
2025-09-01T13:00,8.194444444444445,21.9
2025-09-01T14:00,8.833333333333334,21.6
2025-09-01T15:00,6.555555555555555,21.3
2025-09-01T16:00,5.583333333333334,21.0
2025-09-01T17:00,6.083333333333333,19.4
2025-09-01T18:00,6.916666666666666,17.4
2025-09-01T19:00,5.5,16.9
2025-09-01T20:00,5.361111111111112,16.5
2025-09-01T21:00,5.361111111111112,15.9
2025-09-01T22:00,3.888888888888889,15.4
2025-09-01T23:00,2.638888888888889,14.2
2025-09-02T00:00,1.6388888888888888,13.6
2025-09-02T01:00,2.944444444444444,13.4
2025-09-02T02:00,3.9166666666666665,13.6
2025-09-02T03:00,4.305555555555555,13.6
2025-09-02T04:00,4.25,13.4
2025-09-02T05:00,4.388888888888889,13.3
2025-09-02T06:00,4.361111111111111,13.1
2025-09-02T07:00,4.694444444444444,12.9
2025-09-02T08:00,4.666666666666667,13.4
2025-09-02T09:00,4.888888888888889,14.6
2025-09-02T10:00,4.111111111111112,16.5
2025-09-02T11:00,3.4444444444444446,18.0
2025-09-02T12:00,3.5833333333333335,19.8
2025-09-02T13:00,3.638888888888889,20.7
2025-09-02T14:00,4.638888888888888,20.8
2025-09-02T15:00,5.555555555555555,20.6
2025-09-02T16:00,5.916666666666667,20.2
2025-09-02T17:00,5.305555555555556,19.0
2025-09-02T18:00,4.222222222222222,18.6
2025-09-02T19:00,4.722222222222222,17.6
2025-09-02T20:00,4.083333333333333,16.5
2025-09-02T21:00,5.0,15.3
2025-09-02T22:00,5.888888888888888,14.9
2025-09-02T23:00,5.833333333333333,14.6
2025-09-03T00:00,5.388888888888888,14.2
2025-09-03T01:00,5.361111111111112,13.9
2025-09-03T02:00,5.5,13.4
2025-09-03T03:00,6.111111111111111,13.0
2025-09-03T04:00,5.944444444444444,12.8
2025-09-03T05:00,5.583333333333334,12.6
2025-09-03T06:00,5.583333333333334,12.3
2025-09-03T07:00,6.666666666666666,12.4
2025-09-03T08:00,7.138888888888888,13.6
2025-09-03T09:00,8.722222222222221,15.2
2025-09-03T10:00,6.166666666666666,17.2
2025-09-03T11:00,6.944444444444445,18.9
2025-09-03T12:00,8.194444444444445,20.0
2025-09-03T13:00,9.666666666666666,21.1
2025-09-03T14:00,10.388888888888888,21.1
2025-09-03T15:00,11.444444444444445,21.4
2025-09-03T16:00,10.11111111111111,19.5
2025-09-03T17:00,9.416666666666666,19.1
2025-09-03T18:00,9.61111111111111,18.8
2025-09-03T19:00,10.88888888888889,19.1
2025-09-03T20:00,11.583333333333334,18.1
2025-09-03T21:00,12.055555555555555,18.4
2025-09-03T22:00,12.083333333333332,18.2
2025-09-03T23:00,10.944444444444445,17.9
2025-09-04T00:00,11.777777777777777,17.9
2025-09-04T01:00,11.25,18.0
2025-09-04T02:00,11.5,17.8
2025-09-04T03:00,10.86111111111111,18.0
2025-09-04T04:00,11.25,17.8
2025-09-04T05:00,10.666666666666666,17.6
2025-09-04T06:00,9.944444444444443,17.5
2025-09-04T07:00,9.166666666666666,17.1
2025-09-04T08:00,8.472222222222221,17.5
2025-09-04T09:00,7.972222222222221,18.4
2025-09-04T10:00,8.25,19.2
2025-09-04T11:00,8.277777777777779,19.9
2025-09-04T12:00,7.611111111111111,20.2
2025-09-04T13:00,6.861111111111111,20.6
2025-09-04T14:00,6.333333333333333,20.9
2025-09-04T15:00,6.444444444444444,20.9
2025-09-04T16:00,6.222222222222221,20.7
2025-09-04T17:00,5.555555555555555,20.9
2025-09-04T18:00,5.249999999999999,20.5
2025-09-04T19:00,4.305555555555555,19.6
2025-09-04T20:00,4.333333333333333,18.4
2025-09-04T21:00,5.777777777777778,17.7
2025-09-04T22:00,5.916666666666667,16.9
2025-09-04T23:00,5.75,16.3
2025-09-05T00:00,5.111111111111111,15.8
2025-09-05T01:00,5.333333333333333,15.3
2025-09-05T02:00,6.111111111111111,15.1
2025-09-05T03:00,6.611111111111111,14.9
2025-09-05T04:00,6.194444444444445,14.8
2025-09-05T05:00,6.388888888888888,14.8
2025-09-05T06:00,6.472222222222222,15.2
2025-09-05T07:00,5.611111111111111,15.6
2025-09-05T08:00,6.055555555555555,15.9
2025-09-05T09:00,5.666666666666666,16.4
2025-09-05T10:00,4.527777777777778,16.7
2025-09-05T11:00,2.5833333333333335,16.9
2025-09-05T12:00,3.222222222222222,17.3
2025-09-05T13:00,3.416666666666667,17.4
2025-09-05T14:00,3.611111111111111,17.6
2025-09-05T15:00,4.472222222222222,17.9
2025-09-05T16:00,5.194444444444444,18.4
2025-09-05T17:00,6.361111111111111,18.5
2025-09-05T18:00,6.333333333333333,17.6
2025-09-05T19:00,6.111111111111111,16.9
2025-09-05T20:00,5.916666666666667,15.8
2025-09-05T21:00,6.111111111111111,15.1
2025-09-05T22:00,6.25,14.6
2025-09-05T23:00,6.583333333333333,14.3
2025-09-06T00:00,6.972222222222222,14.1
2025-09-06T01:00,7.222222222222222,13.9
2025-09-06T02:00,7.5,13.9
2025-09-06T03:00,7.583333333333333,13.6
2025-09-06T04:00,7.583333333333333,13.6
2025-09-06T05:00,7.305555555555555,13.5
2025-09-06T06:00,7.138888888888888,13.4
2025-09-06T07:00,7.194444444444444,13.2
2025-09-06T08:00,7.111111111111112,14.1
2025-09-06T09:00,6.083333333333333,15.1
2025-09-06T10:00,6.416666666666667,16.1
2025-09-06T11:00,6.055555555555555,17.0
2025-09-06T12:00,6.222222222222221,17.8
2025-09-06T13:00,6.083333333333333,18.4
2025-09-06T14:00,5.583333333333334,18.7
2025-09-06T15:00,4.833333333333333,19.0
2025-09-06T16:00,4.527777777777778,19.0
2025-09-06T17:00,4.5,18.6
2025-09-06T18:00,4.027777777777778,17.9
2025-09-06T19:00,3.5277777777777777,16.9
2025-09-06T20:00,3.416666666666667,15.1
2025-09-06T21:00,3.5277777777777777,14.3
2025-09-06T22:00,3.8333333333333335,14.1
2025-09-06T23:00,3.944444444444444,13.9
2025-09-07T00:00,4.055555555555555,13.8
2025-09-07T01:00,3.2777777777777777,12.6
2025-09-07T02:00,2.361111111111111,12.1
2025-09-07T03:00,1.3055555555555556,10.8
2025-09-07T04:00,1.5,10.4
2025-09-07T05:00,2.111111111111111,10.1
2025-09-07T06:00,2.7777777777777777,9.8
2025-09-07T07:00,3.0277777777777777,9.4
2025-09-07T08:00,2.75,10.0
2025-09-07T09:00,2.5277777777777777,11.6
2025-09-07T10:00,3.333333333333333,13.8
2025-09-07T11:00,2.4722222222222223,16.6
2025-09-07T12:00,3.222222222222222,18.5
2025-09-07T13:00,3.4722222222222223,19.3
2025-09-07T14:00,3.194444444444444,19.7
2025-09-07T15:00,4.777777777777778,19.9
2025-09-07T16:00,5.333333333333333,19.6
2025-09-07T17:00,5.944444444444444,19.0
2025-09-07T18:00,6.361111111111111,18.1
2025-09-07T19:00,6.222222222222221,17.1
2025-09-07T20:00,6.583333333333333,15.7
2025-09-07T21:00,6.694444444444445,14.9
2025-09-07T22:00,6.555555555555555,14.3
2025-09-07T23:00,6.972222222222222,14.1
2025-09-08T00:00,7.222222222222222,14.1
2025-09-08T01:00,6.861111111111111,13.9
2025-09-08T02:00,6.666666666666666,13.9
2025-09-08T03:00,6.638888888888888,13.6
2025-09-08T04:00,6.722222222222221,13.6
2025-09-08T05:00,6.499999999999999,13.7
2025-09-08T06:00,6.527777777777778,13.4
2025-09-08T07:00,6.916666666666666,13.2
2025-09-08T08:00,7.194444444444444,14.2
2025-09-08T09:00,7.388888888888889,16.1
2025-09-08T10:00,8.277777777777779,17.3
2025-09-08T11:00,7.611111111111111,18.2
2025-09-08T12:00,6.361111111111111,19.0
2025-09-08T13:00,6.277777777777778,19.8
2025-09-08T14:00,6.444444444444444,20.1
2025-09-08T15:00,6.916666666666666,19.4
2025-09-08T16:00,7.0,19.0
2025-09-08T17:00,6.305555555555555,19.0
2025-09-08T18:00,6.0,18.7
2025-09-08T19:00,6.166666666666666,17.9
2025-09-08T20:00,6.333333333333333,16.5
2025-09-08T21:00,6.611111111111111,15.9
2025-09-08T22:00,6.694444444444445,15.8
2025-09-08T23:00,6.833333333333334,15.8
2025-09-09T00:00,6.638888888888888,15.8
2025-09-09T01:00,5.972222222222222,15.6
2025-09-09T02:00,5.416666666666667,15.1
2025-09-09T03:00,5.222222222222222,14.4
2025-09-09T04:00,5.166666666666667,14.0
2025-09-09T05:00,5.138888888888888,13.9
2025-09-09T06:00,5.027777777777778,13.8
2025-09-09T07:00,5.249999999999999,13.7
2025-09-09T08:00,5.111111111111111,14.6
2025-09-09T09:00,4.305555555555555,16.4
2025-09-09T10:00,5.055555555555555,18.0
2025-09-09T11:00,3.861111111111111,19.2
2025-09-09T12:00,4.138888888888889,20.2
2025-09-09T13:00,4.444444444444445,20.7
2025-09-09T14:00,4.388888888888889,20.8
2025-09-09T15:00,5.75,19.9
2025-09-09T16:00,6.222222222222221,19.7
2025-09-09T17:00,4.611111111111112,19.5
2025-09-09T18:00,5.0,19.4
2025-09-09T19:00,5.0,18.4
2025-09-09T20:00,5.805555555555555,17.3
2025-09-09T21:00,6.138888888888889,16.8
2025-09-09T22:00,6.722222222222221,16.9
2025-09-09T23:00,7.666666666666667,17.2
2025-09-10T00:00,8.13888888888889,17.5
2025-09-10T01:00,8.86111111111111,17.2
2025-09-10T02:00,9.055555555555555,16.8
2025-09-10T03:00,8.805555555555555,16.8
2025-09-10T04:00,8.75,16.6
2025-09-10T05:00,8.61111111111111,16.6
2025-09-10T06:00,8.38888888888889,16.6
2025-09-10T07:00,8.055555555555555,16.7
2025-09-10T08:00,7.777777777777778,17.4
2025-09-10T09:00,8.222222222222223,18.4
2025-09-10T10:00,9.194444444444445,19.1
2025-09-10T11:00,10.75,19.4
2025-09-10T12:00,9.527777777777777,18.4
2025-09-10T13:00,9.5,19.7
2025-09-10T14:00,9.666666666666666,20.2
2025-09-10T15:00,6.888888888888889,17.8
2025-09-10T16:00,8.222222222222223,18.2
2025-09-10T17:00,8.222222222222223,17.2
2025-09-10T18:00,8.083333333333334,16.8
2025-09-10T19:00,9.0,16.2
2025-09-10T20:00,7.138888888888888,16.1
2025-09-10T21:00,7.555555555555555,16.0
2025-09-10T22:00,6.888888888888889,16.0
2025-09-10T23:00,6.138888888888889,15.8
2025-09-11T00:00,5.333333333333333,15.5
2025-09-11T01:00,5.75,15.4
2025-09-11T02:00,4.472222222222222,15.1
2025-09-11T03:00,5.027777777777778,14.8
2025-09-11T04:00,3.7777777777777777,14.5
2025-09-11T05:00,3.3055555555555554,14.1
2025-09-11T06:00,4.027777777777778,13.9
2025-09-11T07:00,4.638888888888888,13.8
2025-09-11T08:00,4.638888888888888,13.9
2025-09-11T09:00,4.472222222222222,14.6
2025-09-11T10:00,3.861111111111111,16.0
2025-09-11T11:00,5.111111111111111,17.5
2025-09-11T12:00,5.638888888888889,18.6
2025-09-11T13:00,5.75,19.5
2025-09-11T14:00,6.694444444444445,20.1
2025-09-11T15:00,7.444444444444445,20.3
2025-09-11T16:00,6.666666666666666,17.5
2025-09-11T17:00,7.749999999999999,17.0
2025-09-11T18:00,8.38888888888889,16.8
2025-09-11T19:00,7.972222222222221,16.1
2025-09-11T20:00,7.083333333333333,15.3
2025-09-11T21:00,7.0,14.6
2025-09-11T22:00,5.972222222222222,14.0
2025-09-11T23:00,6.527777777777778,13.2
2025-09-12T00:00,7.222222222222222,12.9
2025-09-12T01:00,7.305555555555555,12.6
2025-09-12T02:00,7.638888888888888,12.5
2025-09-12T03:00,7.972222222222221,12.4
2025-09-12T04:00,7.555555555555555,12.3
2025-09-12T05:00,7.833333333333333,12.2
2025-09-12T06:00,8.38888888888889,11.9
2025-09-12T07:00,8.36111111111111,11.8
2025-09-12T08:00,8.722222222222221,12.4
2025-09-12T09:00,7.666666666666667,13.3
2025-09-12T10:00,9.11111111111111,14.4
2025-09-12T11:00,8.61111111111111,15.4
2025-09-12T12:00,8.222222222222223,16.2
2025-09-12T13:00,7.583333333333333,16.6
2025-09-12T14:00,7.416666666666666,17.5
2025-09-12T15:00,9.138888888888888,16.5
2025-09-12T16:00,9.5,16.0
2025-09-12T17:00,9.388888888888888,15.2
2025-09-12T18:00,9.472222222222223,14.6
2025-09-12T19:00,8.194444444444445,13.9
2025-09-12T20:00,8.0,13.1
2025-09-12T21:00,7.833333333333333,12.6
2025-09-12T22:00,7.666666666666667,12.1
2025-09-12T23:00,7.472222222222221,11.8
2025-09-13T00:00,7.472222222222221,11.4
2025-09-13T01:00,7.749999999999999,11.4
2025-09-13T02:00,7.777777777777778,11.3
2025-09-13T03:00,8.277777777777779,11.2
2025-09-13T04:00,8.13888888888889,11.4
2025-09-13T05:00,8.277777777777779,11.4
2025-09-13T06:00,8.444444444444445,11.8
2025-09-13T07:00,8.36111111111111,11.7
2025-09-13T08:00,8.805555555555555,12.2
2025-09-13T09:00,8.38888888888889,13.1
2025-09-13T10:00,8.305555555555555,14.1
2025-09-13T11:00,9.027777777777777,15.5
2025-09-13T12:00,7.361111111111111,16.4
2025-09-13T13:00,7.555555555555555,17.4
2025-09-13T14:00,8.5,17.7
2025-09-13T15:00,7.861111111111111,14.8
2025-09-13T16:00,7.138888888888888,14.9
2025-09-13T17:00,6.861111111111111,16.2
2025-09-13T18:00,8.194444444444445,15.9
2025-09-13T19:00,7.555555555555555,14.9
2025-09-13T20:00,7.527777777777778,13.7
2025-09-13T21:00,6.916666666666666,13.0
2025-09-13T22:00,7.0,12.4
2025-09-13T23:00,6.055555555555555,12.1
2025-09-14T00:00,6.25,11.9
2025-09-14T01:00,6.527777777777778,11.7
2025-09-14T02:00,6.75,11.6
2025-09-14T03:00,7.111111111111112,12.2
2025-09-14T04:00,6.25,12.4
2025-09-14T05:00,6.0,12.3
2025-09-14T06:00,6.305555555555555,12.2
2025-09-14T07:00,6.0,12.4
2025-09-14T08:00,4.888888888888889,12.9
2025-09-14T09:00,4.166666666666667,13.3
2025-09-14T10:00,4.027777777777778,14.3
2025-09-14T11:00,4.305555555555555,14.9
2025-09-14T12:00,4.0,15.6
2025-09-14T13:00,3.75,16.5
2025-09-14T14:00,4.583333333333333,16.8
2025-09-14T15:00,4.416666666666667,16.5
2025-09-14T16:00,4.888888888888889,14.6
2025-09-14T17:00,1.972222222222222,14.6
2025-09-14T18:00,2.7222222222222223,14.9
2025-09-14T19:00,2.4166666666666665,14.2
2025-09-14T20:00,2.888888888888889,13.2
2025-09-14T21:00,5.055555555555555,12.6
2025-09-14T22:00,5.138888888888888,12.1
2025-09-14T23:00,5.833333333333333,11.7
2025-09-15T00:00,5.555555555555555,11.3
2025-09-15T01:00,6.055555555555555,10.9
2025-09-15T02:00,6.25,10.9
2025-09-15T03:00,6.972222222222222,11.0
2025-09-15T04:00,7.222222222222222,10.9
2025-09-15T05:00,8.11111111111111,11.3
2025-09-15T06:00,9.083333333333334,12.1
2025-09-15T07:00,10.527777777777777,12.9
2025-09-15T08:00,11.638888888888888,13.9
2025-09-15T09:00,11.749999999999998,13.7
2025-09-15T10:00,11.777777777777777,13.5
2025-09-15T11:00,10.499999999999998,14.0
2025-09-15T12:00,9.138888888888888,15.1
2025-09-15T13:00,9.222222222222223,16.0
2025-09-15T14:00,10.694444444444445,16.6
2025-09-15T15:00,8.222222222222223,15.8
2025-09-15T16:00,8.63888888888889,14.8
2025-09-15T17:00,9.388888888888888,15.1
2025-09-15T18:00,9.277777777777777,14.4
2025-09-15T19:00,9.555555555555555,14.1
2025-09-15T20:00,10.305555555555555,13.6
2025-09-15T21:00,11.055555555555555,13.4
2025-09-15T22:00,11.0,13.1
2025-09-15T23:00,10.833333333333334,13.1
2025-09-16T00:00,10.36111111111111,12.9
2025-09-16T01:00,10.083333333333332,12.8
2025-09-16T02:00,10.11111111111111,12.7
2025-09-16T03:00,10.694444444444445,12.5
2025-09-16T04:00,9.249999999999998,12.5
2025-09-16T05:00,8.416666666666666,12.4
2025-09-16T06:00,7.694444444444444,11.9
2025-09-16T07:00,7.111111111111112,11.5
2025-09-16T08:00,6.388888888888888,11.9
2025-09-16T09:00,4.888888888888889,12.9
2025-09-16T10:00,5.444444444444445,13.9
2025-09-16T11:00,7.694444444444444,14.9
2025-09-16T12:00,7.944444444444445,14.6
2025-09-16T13:00,12.222222222222221,16.0
2025-09-16T14:00,13.11111111111111,16.9
2025-09-16T15:00,14.083333333333334,16.0
2025-09-16T16:00,12.86111111111111,15.9
2025-09-16T17:00,13.444444444444443,15.6
2025-09-16T18:00,13.166666666666666,15.1
2025-09-16T19:00,11.916666666666666,14.1
2025-09-16T20:00,11.61111111111111,13.6
2025-09-16T21:00,11.333333333333332,13.6
2025-09-16T22:00,11.638888888888888,13.2
2025-09-16T23:00,11.194444444444443,13.1
2025-09-17T00:00,11.222222222222221,13.2
2025-09-17T01:00,11.055555555555555,13.1
2025-09-17T02:00,10.333333333333334,13.1
2025-09-17T03:00,10.805555555555555,12.9
2025-09-17T04:00,10.555555555555555,13.1
2025-09-17T05:00,10.555555555555555,13.1
2025-09-17T06:00,10.88888888888889,13.3
2025-09-17T07:00,10.416666666666666,13.1
2025-09-17T08:00,10.472222222222223,13.8
2025-09-17T09:00,10.916666666666666,14.8
2025-09-17T10:00,11.472222222222221,15.7
2025-09-17T11:00,11.888888888888888,16.4
2025-09-17T12:00,11.694444444444445,16.6
2025-09-17T13:00,11.444444444444445,16.8
2025-09-17T14:00,11.555555555555555,16.9
2025-09-17T15:00,11.194444444444443,16.8
2025-09-17T16:00,10.36111111111111,16.5
2025-09-17T17:00,9.63888888888889,16.0
2025-09-17T18:00,9.11111111111111,15.4
2025-09-17T19:00,8.722222222222221,14.6
2025-09-17T20:00,7.916666666666666,13.9
2025-09-17T21:00,7.361111111111111,13.6
2025-09-17T22:00,6.333333333333333,12.9
2025-09-17T23:00,6.472222222222222,12.4
2025-09-18T00:00,6.111111111111111,12.2
2025-09-18T01:00,5.861111111111112,12.7
2025-09-18T02:00,5.527777777777778,12.9
2025-09-18T03:00,6.361111111111111,13.0
2025-09-18T04:00,7.0,13.4
2025-09-18T05:00,6.972222222222222,13.9
2025-09-18T06:00,7.25,14.6
2025-09-18T07:00,7.333333333333333,14.9
2025-09-18T08:00,8.166666666666666,15.4
2025-09-18T09:00,8.555555555555555,16.0
2025-09-18T10:00,8.36111111111111,16.9
2025-09-18T11:00,9.305555555555555,17.5
2025-09-18T12:00,10.444444444444445,17.6
2025-09-18T13:00,11.38888888888889,18.1
2025-09-18T14:00,12.25,18.0
2025-09-18T15:00,12.5,17.8
2025-09-18T16:00,13.11111111111111,17.6
2025-09-18T17:00,12.75,17.2
2025-09-18T18:00,11.861111111111112,16.7
2025-09-18T19:00,11.305555555555555,15.9
2025-09-18T20:00,11.027777777777779,15.3
2025-09-18T21:00,10.722222222222223,15.1
2025-09-18T22:00,10.305555555555555,14.8
2025-09-18T23:00,9.777777777777779,14.6
2025-09-19T00:00,9.166666666666666,14.6
2025-09-19T01:00,9.166666666666666,15.0
2025-09-19T02:00,9.305555555555555,14.7
2025-09-19T03:00,8.333333333333334,14.6
2025-09-19T04:00,8.555555555555555,14.4
2025-09-19T05:00,8.416666666666666,14.4
2025-09-19T06:00,8.13888888888889,14.4
2025-09-19T07:00,7.861111111111111,14.4
2025-09-19T08:00,7.361111111111111,15.1
2025-09-19T09:00,6.472222222222222,15.9
2025-09-19T10:00,6.805555555555555,16.2
2025-09-19T11:00,10.75,17.1
2025-09-19T12:00,9.249999999999998,18.2
2025-09-19T13:00,8.083333333333334,18.2
2025-09-19T14:00,8.277777777777779,18.6
2025-09-19T15:00,9.083333333333334,19.6
2025-09-19T16:00,9.305555555555555,19.6
2025-09-19T17:00,7.694444444444444,19.4
2025-09-19T18:00,8.0,19.0
2025-09-19T19:00,9.055555555555555,18.3
2025-09-19T20:00,8.63888888888889,17.5
2025-09-19T21:00,8.88888888888889,16.9
2025-09-19T22:00,9.055555555555555,16.6
2025-09-19T23:00,9.11111111111111,16.5
2025-09-20T00:00,9.333333333333334,16.4
2025-09-20T01:00,9.194444444444445,16.6
2025-09-20T02:00,8.555555555555555,16.2
2025-09-20T03:00,9.055555555555555,16.1
2025-09-20T04:00,7.861111111111111,16.0
2025-09-20T05:00,6.638888888888888,15.8
2025-09-20T06:00,6.111111111111111,15.4
2025-09-20T07:00,6.055555555555555,15.1
2025-09-20T08:00,5.722222222222222,15.1
2025-09-20T09:00,4.75,16.4
2025-09-20T10:00,4.805555555555555,17.4
2025-09-20T11:00,5.5,18.7
2025-09-20T12:00,6.666666666666666,20.2
2025-09-20T13:00,7.777777777777778,21.1
2025-09-20T14:00,7.777777777777778,21.5
2025-09-20T15:00,7.972222222222221,22.6
2025-09-20T16:00,8.916666666666666,22.2
2025-09-20T17:00,9.083333333333334,21.2
2025-09-20T18:00,8.88888888888889,19.9
2025-09-20T19:00,8.916666666666666,18.1
2025-09-20T20:00,6.888888888888889,17.3
2025-09-20T21:00,6.305555555555555,16.8
2025-09-20T22:00,8.25,16.5
2025-09-20T23:00,9.444444444444445,16.0
2025-09-21T00:00,10.055555555555555,15.2
2025-09-21T01:00,9.305555555555555,14.9
2025-09-21T02:00,8.333333333333334,14.9
2025-09-21T03:00,9.694444444444445,16.3
2025-09-21T04:00,8.916666666666666,16.2
2025-09-21T05:00,10.055555555555555,16.4
2025-09-21T06:00,10.777777777777777,16.7
2025-09-21T07:00,12.222222222222221,17.2
2025-09-21T08:00,13.194444444444445,17.4
2025-09-21T09:00,13.666666666666668,17.0
2025-09-21T10:00,12.305555555555554,16.5
2025-09-21T11:00,10.944444444444445,16.8
2025-09-21T12:00,11.055555555555555,16.4
2025-09-21T13:00,9.694444444444445,15.7
2025-09-21T14:00,9.194444444444445,14.5
2025-09-21T15:00,11.277777777777779,14.4
2025-09-21T16:00,11.61111111111111,13.9
2025-09-21T17:00,12.083333333333332,13.2
2025-09-21T18:00,12.11111111111111,12.8
2025-09-21T19:00,11.555555555555555,11.9
2025-09-21T20:00,11.222222222222221,11.7
2025-09-21T21:00,11.027777777777779,11.9
2025-09-21T22:00,11.305555555555555,12.1
2025-09-21T23:00,11.472222222222221,12.1
2025-09-22T00:00,11.805555555555555,12.0
2025-09-22T01:00,11.777777777777777,11.9
2025-09-22T02:00,11.666666666666666,11.7
2025-09-22T03:00,11.555555555555555,11.3
2025-09-22T04:00,11.555555555555555,11.1
2025-09-22T05:00,11.805555555555555,10.6
2025-09-22T06:00,11.805555555555555,10.4
2025-09-22T07:00,11.916666666666666,10.4
2025-09-22T08:00,11.0,10.6
2025-09-22T09:00,11.36111111111111,11.1
2025-09-22T10:00,11.749999999999998,11.8
2025-09-22T11:00,11.805555555555555,12.1
2025-09-22T12:00,11.333333333333332,12.4
2025-09-22T13:00,11.444444444444445,12.6
2025-09-22T14:00,11.805555555555555,12.9
2025-09-22T15:00,10.305555555555555,11.6
2025-09-22T16:00,10.13888888888889,11.4
2025-09-22T17:00,9.333333333333334,11.8
2025-09-22T18:00,6.388888888888888,10.4
2025-09-22T19:00,7.055555555555555,10.1
2025-09-22T20:00,7.777777777777778,10.1
2025-09-22T21:00,7.555555555555555,10.1
2025-09-22T22:00,6.861111111111111,10.1
2025-09-22T23:00,6.027777777777778,10.2
2025-09-23T00:00,5.638888888888889,10.1
2025-09-23T01:00,5.611111111111111,9.9
2025-09-23T02:00,5.555555555555555,9.7
2025-09-23T03:00,5.472222222222222,8.9
2025-09-23T04:00,4.944444444444445,8.9
2025-09-23T05:00,4.805555555555555,9.0
2025-09-23T06:00,4.638888888888888,9.0
2025-09-23T07:00,4.5,9.1
2025-09-23T08:00,4.75,9.4
2025-09-23T09:00,4.444444444444445,10.7
2025-09-23T10:00,3.7222222222222223,12.1
2025-09-23T11:00,4.111111111111112,13.0
2025-09-23T12:00,3.7777777777777777,13.5
2025-09-23T13:00,3.6944444444444446,13.8
2025-09-23T14:00,3.4722222222222223,14.0
2025-09-23T15:00,2.972222222222222,14.1
2025-09-23T16:00,3.194444444444444,14.1
2025-09-23T17:00,3.5277777777777777,13.6
2025-09-23T18:00,4.0,12.9
2025-09-23T19:00,4.888888888888889,11.1
2025-09-23T20:00,5.222222222222222,9.9
2025-09-23T21:00,4.583333333333333,9.2
2025-09-23T22:00,4.027777777777778,8.4
2025-09-23T23:00,3.2777777777777777,7.7
2025-09-24T00:00,2.7777777777777777,7.2
2025-09-24T01:00,2.7777777777777777,7.1
2025-09-24T02:00,3.0,7.0
2025-09-24T03:00,3.1666666666666665,5.2
2025-09-24T04:00,3.2499999999999996,4.7
2025-09-24T05:00,2.944444444444444,4.6
2025-09-24T06:00,2.4722222222222223,4.3
2025-09-24T07:00,2.4166666666666665,4.1
2025-09-24T08:00,2.694444444444444,4.2
2025-09-24T09:00,2.4722222222222223,5.7
2025-09-24T10:00,1.6666666666666665,8.8
2025-09-24T11:00,1.3055555555555556,11.8
2025-09-24T12:00,1.3888888888888888,13.1
2025-09-24T13:00,1.3055555555555556,13.8
2025-09-24T14:00,1.2222222222222223,14.2
2025-09-24T15:00,1.1111111111111112,14.6
2025-09-24T16:00,1.1111111111111112,14.6
2025-09-24T17:00,1.3611111111111112,14.3
2025-09-24T18:00,2.4166666666666665,13.5
2025-09-24T19:00,3.7222222222222223,11.5
2025-09-24T20:00,3.3055555555555554,9.8
2025-09-24T21:00,2.9166666666666665,9.1
2025-09-24T22:00,2.861111111111111,8.7
2025-09-24T23:00,2.861111111111111,8.3
2025-09-25T00:00,3.1111111111111107,7.8
2025-09-25T01:00,3.4722222222222223,7.4
2025-09-25T02:00,3.3888888888888884,7.2
2025-09-25T03:00,4.222222222222222,6.5
2025-09-25T04:00,4.138888888888889,6.6
2025-09-25T05:00,4.111111111111112,6.6
2025-09-25T06:00,4.166666666666667,6.7
2025-09-25T07:00,3.9166666666666665,6.4
2025-09-25T08:00,3.5277777777777777,7.1
2025-09-25T09:00,3.0277777777777777,8.7
2025-09-25T10:00,2.305555555555556,10.9
2025-09-25T11:00,1.2222222222222223,12.9
2025-09-25T12:00,1.1666666666666667,13.9
2025-09-25T13:00,1.6666666666666665,14.6
2025-09-25T14:00,2.4444444444444446,15.1
2025-09-25T15:00,3.416666666666667,15.6
2025-09-25T16:00,4.305555555555555,15.1
2025-09-25T17:00,5.083333333333333,14.4
2025-09-25T18:00,5.666666666666666,13.4
2025-09-25T19:00,6.138888888888889,11.9
2025-09-25T20:00,6.861111111111111,10.8
2025-09-25T21:00,7.416666666666666,10.6
2025-09-25T22:00,7.055555555555555,10.5
2025-09-25T23:00,6.499999999999999,10.3
2025-09-26T00:00,6.0,10.2
2025-09-26T01:00,5.305555555555556,10.1
2025-09-26T02:00,4.583333333333333,9.5
2025-09-26T03:00,3.944444444444444,7.9
2025-09-26T04:00,3.2777777777777777,7.7
2025-09-26T05:00,3.638888888888889,7.8
2025-09-26T06:00,4.611111111111112,8.2
2025-09-26T07:00,5.75,8.5
2025-09-26T08:00,6.444444444444444,9.4
2025-09-26T09:00,6.305555555555555,11.2
2025-09-26T10:00,6.027777777777778,13.1
2025-09-26T11:00,7.555555555555555,14.0
2025-09-26T12:00,9.11111111111111,14.4
2025-09-26T13:00,9.027777777777777,14.1
2025-09-26T14:00,8.63888888888889,14.6
2025-09-26T15:00,9.027777777777777,14.8
2025-09-26T16:00,9.63888888888889,14.9
2025-09-26T17:00,8.833333333333334,14.4
2025-09-26T18:00,7.583333333333333,14.2
2025-09-26T19:00,8.277777777777779,13.4
2025-09-26T20:00,8.277777777777779,12.9
2025-09-26T21:00,8.416666666666666,12.8
2025-09-26T22:00,8.916666666666666,12.9
2025-09-26T23:00,8.555555555555555,12.6
2025-09-27T00:00,7.722222222222222,12.2
2025-09-27T01:00,7.472222222222221,12.1
2025-09-27T02:00,7.25,12.1
2025-09-27T03:00,6.75,11.2
2025-09-27T04:00,6.472222222222222,11.1
2025-09-27T05:00,6.888888888888889,10.8
2025-09-27T06:00,7.388888888888889,11.1
2025-09-27T07:00,7.583333333333333,11.1
2025-09-27T08:00,7.833333333333333,11.4
2025-09-27T09:00,7.888888888888888,12.5
2025-09-27T10:00,8.63888888888889,13.6
2025-09-27T11:00,8.694444444444445,14.2
2025-09-27T12:00,8.916666666666666,14.6
2025-09-27T13:00,8.972222222222221,14.9
2025-09-27T14:00,9.0,15.1
2025-09-27T15:00,9.472222222222223,15.4
2025-09-27T16:00,9.583333333333334,15.4
2025-09-27T17:00,9.472222222222223,15.4
2025-09-27T18:00,8.88888888888889,14.8
2025-09-27T19:00,8.416666666666666,13.8
2025-09-27T20:00,8.333333333333334,13.2
2025-09-27T21:00,8.333333333333334,13.0
2025-09-27T22:00,8.194444444444445,12.8
2025-09-27T23:00,8.0,12.3
2025-09-28T00:00,7.527777777777778,11.8
2025-09-28T01:00,7.194444444444444,11.2
2025-09-28T02:00,7.055555555555555,11.1
2025-09-28T03:00,7.305555555555555,10.6
2025-09-28T04:00,7.305555555555555,10.6
2025-09-28T05:00,6.972222222222222,10.6
2025-09-28T06:00,6.777777777777777,10.6
2025-09-28T07:00,7.027777777777778,10.5
2025-09-28T08:00,6.944444444444445,10.9
2025-09-28T09:00,6.638888888888888,12.3
2025-09-28T10:00,6.055555555555555,13.6
2025-09-28T11:00,6.555555555555555,14.6
2025-09-28T12:00,6.583333333333333,15.1
2025-09-28T13:00,6.555555555555555,15.6
2025-09-28T14:00,6.472222222222222,15.7
2025-09-28T15:00,7.361111111111111,15.9
2025-09-28T16:00,7.222222222222222,15.4
2025-09-28T17:00,7.25,14.9
2025-09-28T18:00,7.027777777777778,14.2
2025-09-28T19:00,6.916666666666666,13.6
2025-09-28T20:00,7.166666666666667,13.5
2025-09-28T21:00,7.083333333333333,13.2
2025-09-28T22:00,7.277777777777778,12.6
2025-09-28T23:00,7.333333333333333,12.6
2025-09-29T00:00,6.888888888888889,12.5
2025-09-29T01:00,6.166666666666666,12.1
2025-09-29T02:00,5.361111111111112,11.9
2025-09-29T03:00,5.944444444444444,11.6
2025-09-29T04:00,6.25,11.4
2025-09-29T05:00,6.305555555555555,11.1
2025-09-29T06:00,6.027777777777778,11.1
2025-09-29T07:00,6.138888888888889,10.9
2025-09-29T08:00,6.194444444444445,10.9
2025-09-29T09:00,6.027777777777778,11.9
2025-09-29T10:00,6.944444444444445,12.8
2025-09-29T11:00,6.75,13.4
2025-09-29T12:00,6.694444444444445,14.2
2025-09-29T13:00,6.777777777777777,14.9
2025-09-29T14:00,7.083333333333333,15.1
2025-09-29T15:00,7.638888888888888,14.6
2025-09-29T16:00,7.305555555555555,14.3
2025-09-29T17:00,6.861111111111111,13.9
2025-09-29T18:00,6.694444444444445,13.4
2025-09-29T19:00,6.416666666666667,12.8
2025-09-29T20:00,6.222222222222221,11.9
2025-09-29T21:00,6.944444444444445,11.4
2025-09-29T22:00,6.805555555555555,11.1
2025-09-29T23:00,7.083333333333333,11.1
2025-09-30T00:00,7.666666666666667,10.7
2025-09-30T01:00,7.111111111111112,10.6
2025-09-30T02:00,6.361111111111111,10.8
2025-09-30T03:00,5.666666666666666,9.8
2025-09-30T04:00,5.916666666666667,9.4
2025-09-30T05:00,6.111111111111111,9.1
2025-09-30T06:00,6.111111111111111,9.1
2025-09-30T07:00,6.666666666666666,9.1
2025-09-30T08:00,7.083333333333333,9.4
2025-09-30T09:00,6.416666666666667,10.6
2025-09-30T10:00,6.194444444444445,11.6
2025-09-30T11:00,7.083333333333333,12.3
2025-09-30T12:00,6.972222222222222,12.9
2025-09-30T13:00,6.888888888888889,13.1
2025-09-30T14:00,6.138888888888889,13.2
2025-09-30T15:00,5.666666666666666,13.3
2025-09-30T16:00,5.5,13.2
2025-09-30T17:00,5.333333333333333,12.8
2025-09-30T18:00,4.944444444444445,12.1
2025-09-30T19:00,4.75,10.8
2025-09-30T20:00,4.527777777777778,10.2
2025-09-30T21:00,4.0,9.8
2025-09-30T22:00,3.6666666666666665,9.6
2025-09-30T23:00,3.5,9.4
2025-10-01T00:00,4.111111111111112,9.2
2025-10-01T01:00,4.694444444444444,9.1
2025-10-01T02:00,5.111111111111111,8.6
2025-10-01T03:00,4.888888888888889,8.1
2025-10-01T04:00,4.916666666666666,7.8
2025-10-01T05:00,4.416666666666667,7.6
2025-10-01T06:00,3.944444444444444,7.2
2025-10-01T07:00,3.9722222222222223,7.2
2025-10-01T08:00,4.472222222222222,7.4
2025-10-01T09:00,4.194444444444445,8.3
2025-10-01T10:00,4.111111111111112,10.1
2025-10-01T11:00,3.2499999999999996,11.6
2025-10-01T12:00,3.888888888888889,12.5
2025-10-01T13:00,4.361111111111111,13.2
2025-10-01T14:00,4.583333333333333,13.6
2025-10-01T15:00,5.0,13.5
2025-10-01T16:00,4.611111111111112,13.4
2025-10-01T17:00,4.305555555555555,13.2
2025-10-01T18:00,4.083333333333333,12.4
2025-10-01T19:00,5.333333333333333,10.9
2025-10-01T20:00,6.499999999999999,10.1
2025-10-01T21:00,6.833333333333334,9.2
2025-10-01T22:00,6.75,8.8
2025-10-01T23:00,6.222222222222221,8.4
2025-10-02T00:00,5.611111111111111,8.1
2025-10-02T01:00,5.0,7.6
2025-10-02T02:00,5.194444444444444,7.4
2025-10-02T03:00,5.972222222222222,6.7
2025-10-02T04:00,5.944444444444444,6.4
2025-10-02T05:00,6.499999999999999,6.3
2025-10-02T06:00,7.083333333333333,6.4
2025-10-02T07:00,7.277777777777778,6.4
2025-10-02T08:00,7.972222222222221,7.1
2025-10-02T09:00,7.666666666666667,8.6
2025-10-02T10:00,7.277777777777778,10.8
2025-10-02T11:00,5.333333333333333,11.8
2025-10-02T12:00,6.944444444444445,12.6
2025-10-02T13:00,6.638888888888888,13.0
2025-10-02T14:00,6.75,13.1
2025-10-02T15:00,6.638888888888888,13.5
2025-10-02T16:00,7.027777777777778,13.4
2025-10-02T17:00,6.444444444444444,13.1
2025-10-02T18:00,5.861111111111112,12.1
2025-10-02T19:00,6.25,10.9
2025-10-02T20:00,7.527777777777778,10.2
2025-10-02T21:00,7.944444444444445,9.6
2025-10-02T22:00,7.888888888888888,9.1
2025-10-02T23:00,7.444444444444445,8.6
2025-10-03T00:00,8.055555555555555,8.4
2025-10-03T01:00,8.5,8.4
2025-10-03T02:00,9.11111111111111,8.3
2025-10-03T03:00,8.583333333333332,8.2
2025-10-03T04:00,8.88888888888889,8.2
2025-10-03T05:00,8.972222222222221,8.4
2025-10-03T06:00,8.86111111111111,8.5
2025-10-03T07:00,9.027777777777777,8.6
2025-10-03T08:00,9.11111111111111,8.9
2025-10-03T09:00,9.444444444444445,9.9
2025-10-03T10:00,8.75,11.4
2025-10-03T11:00,9.249999999999998,12.6
2025-10-03T12:00,10.944444444444445,13.4
2025-10-03T13:00,11.222222222222221,13.8
2025-10-03T14:00,11.38888888888889,14.1
2025-10-03T15:00,11.61111111111111,14.4
2025-10-03T16:00,11.638888888888888,14.0
2025-10-03T17:00,11.444444444444445,13.4
2025-10-03T18:00,11.805555555555555,12.6
2025-10-03T19:00,12.527777777777779,11.9
2025-10-03T20:00,12.972222222222223,11.6
2025-10-03T21:00,13.86111111111111,11.4
2025-10-03T22:00,14.805555555555554,11.3
2025-10-03T23:00,15.194444444444445,11.4
2025-10-04T00:00,15.416666666666666,11.6
2025-10-04T01:00,16.47222222222222,11.6
2025-10-04T02:00,17.583333333333332,11.2
2025-10-04T03:00,18.333333333333332,10.1
2025-10-04T04:00,18.88888888888889,9.9
2025-10-04T05:00,19.916666666666668,9.9
2025-10-04T06:00,19.749999999999996,9.9
2025-10-04T07:00,18.333333333333332,9.9
2025-10-04T08:00,16.61111111111111,9.9
2025-10-04T09:00,14.833333333333332,9.9
2025-10-04T10:00,13.11111111111111,10.1
2025-10-04T11:00,11.194444444444443,10.4
2025-10-04T12:00,10.555555555555555,11.7
2025-10-04T13:00,9.194444444444445,12.9
2025-10-04T14:00,7.388888888888889,12.4
2025-10-04T15:00,9.583333333333334,12.1
2025-10-04T16:00,8.055555555555555,12.1
2025-10-04T17:00,8.583333333333332,12.1
2025-10-04T18:00,8.444444444444445,11.4
2025-10-04T19:00,8.666666666666666,10.6
2025-10-04T20:00,9.416666666666666,9.9
2025-10-04T21:00,8.805555555555555,9.6
2025-10-04T22:00,8.416666666666666,9.1
2025-10-04T23:00,8.083333333333334,8.8
2025-10-05T00:00,8.13888888888889,8.8
2025-10-05T01:00,8.527777777777777,9.1
2025-10-05T02:00,10.11111111111111,10.1
2025-10-05T03:00,10.916666666666666,10.1
2025-10-05T04:00,10.611111111111112,9.9
2025-10-05T05:00,10.777777777777777,9.9
2025-10-05T06:00,10.638888888888888,10.1
2025-10-05T07:00,9.388888888888888,10.2
2025-10-05T08:00,12.027777777777777,10.6
2025-10-05T09:00,11.027777777777779,10.6
2025-10-05T10:00,11.0,11.3
2025-10-05T11:00,11.722222222222223,11.6
2025-10-05T12:00,12.61111111111111,11.9
2025-10-05T13:00,11.638888888888888,12.6
2025-10-05T14:00,12.86111111111111,12.5
2025-10-05T15:00,12.75,12.6
2025-10-05T16:00,13.222222222222221,12.9
2025-10-05T17:00,12.999999999999998,12.7
2025-10-05T18:00,10.722222222222223,12.4
2025-10-05T19:00,12.416666666666668,12.8
2025-10-05T20:00,13.36111111111111,13.4
2025-10-05T21:00,14.5,13.3
2025-10-05T22:00,14.11111111111111,13.0
2025-10-05T23:00,13.472222222222221,12.9
2025-10-06T00:00,11.583333333333334,13.2
2025-10-06T01:00,11.277777777777779,13.1
2025-10-06T02:00,10.36111111111111,12.4
2025-10-06T03:00,9.555555555555555,12.1
2025-10-06T04:00,9.055555555555555,11.8
2025-10-06T05:00,8.777777777777779,11.5
2025-10-06T06:00,8.722222222222221,11.3
2025-10-06T07:00,8.416666666666666,11.1
2025-10-06T08:00,6.611111111111111,10.8
2025-10-06T09:00,6.083333333333333,11.5
2025-10-06T10:00,5.833333333333333,12.9
2025-10-06T11:00,5.249999999999999,14.1
2025-10-06T12:00,5.5,14.4
2025-10-06T13:00,5.583333333333334,14.6
2025-10-06T14:00,5.388888888888888,14.4
2025-10-06T15:00,4.833333333333333,14.4
2025-10-06T16:00,5.416666666666667,14.1
2025-10-06T17:00,5.361111111111112,13.6
2025-10-06T18:00,5.472222222222222,13.0
2025-10-06T19:00,5.027777777777778,12.6
2025-10-06T20:00,5.361111111111112,12.5
2025-10-06T21:00,5.611111111111111,12.6
2025-10-06T22:00,5.527777777777778,12.6
2025-10-06T23:00,5.333333333333333,12.4
2025-10-07T00:00,5.722222222222222,11.8
2025-10-07T01:00,5.111111111111111,11.6
2025-10-07T02:00,5.722222222222222,11.6
2025-10-07T03:00,5.888888888888888,11.6
2025-10-07T04:00,5.388888888888888,11.6
2025-10-07T05:00,5.194444444444444,11.6
2025-10-07T06:00,5.916666666666667,12.1
2025-10-07T07:00,6.166666666666666,12.1
2025-10-07T08:00,7.25,11.9
2025-10-07T09:00,6.888888888888889,12.2
2025-10-07T10:00,7.416666666666666,12.9
2025-10-07T11:00,7.583333333333333,13.1
2025-10-07T12:00,7.638888888888888,13.4
2025-10-07T13:00,7.611111111111111,13.9
2025-10-07T14:00,6.75,14.4
2025-10-07T15:00,6.166666666666666,14.8
2025-10-07T16:00,6.027777777777778,14.9
2025-10-07T17:00,6.722222222222221,15.1
2025-10-07T18:00,6.805555555555555,14.4
2025-10-07T19:00,6.805555555555555,14.1
2025-10-07T20:00,7.083333333333333,14.1
2025-10-07T21:00,7.25,13.5
2025-10-07T22:00,7.749999999999999,12.6
2025-10-07T23:00,7.611111111111111,12.8
2025-10-08T00:00,7.749999999999999,13.1
2025-10-08T01:00,7.888888888888888,13.2
2025-10-08T02:00,7.888888888888888,13.2
2025-10-08T03:00,7.777777777777778,13.3
2025-10-08T04:00,7.777777777777778,13.2
2025-10-08T05:00,7.277777777777778,13.2
2025-10-08T06:00,7.055555555555555,13.2
2025-10-08T07:00,6.777777777777777,13.0
2025-10-08T08:00,6.333333333333333,12.4
2025-10-08T09:00,6.0,12.3
2025-10-08T10:00,6.75,12.7
2025-10-08T11:00,7.583333333333333,13.3
2025-10-08T12:00,8.083333333333334,13.6
2025-10-08T13:00,8.13888888888889,13.7
2025-10-08T14:00,7.861111111111111,13.8
2025-10-08T15:00,7.583333333333333,13.8
2025-10-08T16:00,7.416666666666666,13.9
2025-10-08T17:00,6.75,13.4
2025-10-08T18:00,6.388888888888888,12.4
2025-10-08T19:00,6.527777777777778,11.6
2025-10-08T20:00,6.416666666666667,11.5
2025-10-08T21:00,6.888888888888889,11.4
2025-10-08T22:00,7.444444444444445,10.6
2025-10-08T23:00,7.722222222222222,10.3
2025-10-09T00:00,7.527777777777778,10.2
2025-10-09T01:00,7.333333333333333,9.9
2025-10-09T02:00,7.361111111111111,9.8
2025-10-09T03:00,7.805555555555555,9.4
2025-10-09T04:00,7.388888888888889,9.1
2025-10-09T05:00,7.805555555555555,9.1
2025-10-09T06:00,7.555555555555555,9.5
2025-10-09T07:00,7.722222222222222,9.7
2025-10-09T08:00,8.305555555555555,9.6
2025-10-09T09:00,7.805555555555555,10.6
2025-10-09T10:00,8.333333333333334,12.2
2025-10-09T11:00,7.444444444444445,13.3
2025-10-09T12:00,10.055555555555555,13.7
2025-10-09T13:00,10.666666666666666,13.8
2025-10-09T14:00,11.055555555555555,13.8
2025-10-09T15:00,10.722222222222223,14.2
2025-10-09T16:00,10.416666666666666,13.8
2025-10-09T17:00,11.5,13.4
2025-10-09T18:00,11.027777777777779,12.8
2025-10-09T19:00,11.0,12.3
2025-10-09T20:00,11.083333333333332,12.0
2025-10-09T21:00,10.972222222222221,11.9
2025-10-09T22:00,11.25,11.8
2025-10-09T23:00,11.5,11.8
2025-10-10T00:00,11.888888888888888,11.7
2025-10-10T01:00,11.972222222222223,11.8
2025-10-10T02:00,11.305555555555555,12.0
2025-10-10T03:00,10.388888888888888,11.9
2025-10-10T04:00,10.11111111111111,11.9
2025-10-10T05:00,10.11111111111111,12.2
2025-10-10T06:00,10.75,12.1
2025-10-10T07:00,10.638888888888888,12.2
2025-10-10T08:00,10.944444444444445,12.2
2025-10-10T09:00,11.0,12.8
2025-10-10T10:00,10.083333333333332,13.3
2025-10-10T11:00,12.305555555555554,14.0
2025-10-10T12:00,13.083333333333334,14.4
2025-10-10T13:00,12.86111111111111,14.8
2025-10-10T14:00,12.944444444444445,14.4
2025-10-10T15:00,12.63888888888889,14.0
2025-10-10T16:00,12.36111111111111,13.9
2025-10-10T17:00,11.749999999999998,14.0
2025-10-10T18:00,11.833333333333334,13.6
2025-10-10T19:00,12.25,13.4
2025-10-10T20:00,11.944444444444445,13.3
2025-10-10T21:00,12.38888888888889,13.3
2025-10-10T22:00,12.944444444444445,13.1
2025-10-10T23:00,13.472222222222221,13.2
2025-10-11T00:00,13.36111111111111,12.9
2025-10-11T01:00,13.555555555555554,12.4
2025-10-11T02:00,13.277777777777777,12.6
2025-10-11T03:00,13.36111111111111,12.5
2025-10-11T04:00,13.25,12.2
2025-10-11T05:00,13.138888888888888,12.3
2025-10-11T06:00,12.916666666666666,12.4
2025-10-11T07:00,12.805555555555555,12.4
2025-10-11T08:00,12.194444444444443,12.2
2025-10-11T09:00,12.25,12.6
2025-10-11T10:00,12.13888888888889,13.3
2025-10-11T11:00,12.833333333333334,13.9
2025-10-11T12:00,11.861111111111112,14.2
2025-10-11T13:00,12.38888888888889,14.4
2025-10-11T14:00,12.083333333333332,14.7
2025-10-11T15:00,11.888888888888888,14.6
2025-10-11T16:00,11.833333333333334,14.2
2025-10-11T17:00,11.222222222222221,13.6
2025-10-11T18:00,11.305555555555555,12.9
2025-10-11T19:00,11.555555555555555,12.7
2025-10-11T20:00,11.61111111111111,12.7
2025-10-11T21:00,12.055555555555555,12.9
2025-10-11T22:00,11.861111111111112,12.8
2025-10-11T23:00,11.472222222222221,12.6
2025-10-12T00:00,11.527777777777777,12.6
2025-10-12T01:00,11.472222222222221,12.9
2025-10-12T02:00,11.277777777777779,13.0
2025-10-12T03:00,11.027777777777779,13.2
2025-10-12T04:00,11.305555555555555,13.2
2025-10-12T05:00,11.055555555555555,13.2
2025-10-12T06:00,10.972222222222221,12.9
2025-10-12T07:00,10.027777777777779,12.9
2025-10-12T08:00,9.194444444444445,12.5
2025-10-12T09:00,8.444444444444445,13.1
2025-10-12T10:00,7.749999999999999,14.5
2025-10-12T11:00,5.916666666666667,15.6
2025-10-12T12:00,6.25,16.5
2025-10-12T13:00,4.361111111111111,16.8
2025-10-12T14:00,3.3055555555555554,16.7
2025-10-12T15:00,4.666666666666667,15.8
2025-10-12T16:00,4.638888888888888,14.8
2025-10-12T17:00,3.6666666666666665,14.2
2025-10-12T18:00,4.361111111111111,12.9
2025-10-12T19:00,4.027777777777778,11.2
2025-10-12T20:00,3.75,10.2
2025-10-12T21:00,3.3611111111111107,9.4
2025-10-12T22:00,2.388888888888889,8.8
2025-10-12T23:00,3.1666666666666665,8.6
2025-10-13T00:00,4.555555555555555,8.2
2025-10-13T01:00,4.75,8.1
2025-10-13T02:00,4.027777777777778,8.1
2025-10-13T03:00,3.0277777777777777,7.2
2025-10-13T04:00,2.111111111111111,7.0
2025-10-13T05:00,1.1666666666666667,6.9
2025-10-13T06:00,0.25,6.9
2025-10-13T07:00,0.2777777777777778,6.8
2025-10-13T08:00,1.3888888888888888,6.1
2025-10-13T09:00,2.388888888888889,5.7
2025-10-13T10:00,3.2777777777777777,7.3
2025-10-13T11:00,4.25,9.9
2025-10-13T12:00,4.25,11.4
2025-10-13T13:00,6.111111111111111,12.2
2025-10-13T14:00,6.222222222222221,12.9
2025-10-13T15:00,6.277777777777778,13.3
2025-10-13T16:00,5.444444444444445,13.6
2025-10-13T17:00,4.722222222222222,13.3
2025-10-13T18:00,5.916666666666667,12.3
2025-10-13T19:00,6.972222222222222,11.6
2025-10-13T20:00,6.777777777777777,11.4
2025-10-13T21:00,6.861111111111111,11.4
2025-10-13T22:00,6.944444444444445,11.4
2025-10-13T23:00,7.222222222222222,11.9
2025-10-14T00:00,7.277777777777778,12.0
2025-10-14T01:00,6.583333333333333,11.6
2025-10-14T02:00,4.638888888888888,11.1
2025-10-14T03:00,3.6944444444444446,10.4
2025-10-14T04:00,3.0555555555555554,9.5
2025-10-14T05:00,1.0833333333333333,9.4
2025-10-14T06:00,1.8333333333333333,9.1
2025-10-14T07:00,3.5277777777777777,9.3
2025-10-14T08:00,5.611111111111111,9.0
2025-10-14T09:00,5.027777777777778,10.0
2025-10-14T10:00,3.638888888888889,11.2
2025-10-14T11:00,1.5833333333333333,12.6
2025-10-14T12:00,1.7222222222222223,13.6
2025-10-14T13:00,2.305555555555556,14.4
2025-10-14T14:00,2.611111111111111,15.0
2025-10-14T15:00,2.4166666666666665,15.6
2025-10-14T16:00,2.5,15.6
2025-10-14T17:00,3.4444444444444446,14.9
2025-10-14T18:00,4.305555555555555,12.9
2025-10-14T19:00,3.5277777777777777,11.6
2025-10-14T20:00,2.694444444444444,10.6
2025-10-14T21:00,3.0555555555555554,10.1
2025-10-14T22:00,4.027777777777778,10.4
2025-10-14T23:00,4.5,9.9
2025-10-15T00:00,4.638888888888888,9.6
2025-10-15T01:00,4.333333333333333,9.6
2025-10-15T02:00,4.527777777777778,9.7
2025-10-15T03:00,4.944444444444445,9.8
2025-10-15T04:00,5.444444444444445,9.9
2025-10-15T05:00,5.722222222222222,9.9
2025-10-15T06:00,6.027777777777778,10.4
2025-10-15T07:00,5.777777777777778,10.9
2025-10-15T08:00,5.694444444444445,11.1
2025-10-15T09:00,6.027777777777778,11.3
2025-10-15T10:00,6.888888888888889,11.9
2025-10-15T11:00,9.083333333333334,12.8
2025-10-15T12:00,8.777777777777779,13.1
2025-10-15T13:00,9.055555555555555,13.4
2025-10-15T14:00,7.861111111111111,13.3
2025-10-15T15:00,7.638888888888888,13.4
2025-10-15T16:00,7.194444444444444,13.1
2025-10-15T17:00,6.499999999999999,12.9
2025-10-15T18:00,6.388888888888888,11.9
2025-10-15T19:00,5.972222222222222,11.1
2025-10-15T20:00,5.694444444444445,10.8
2025-10-15T21:00,5.666666666666666,9.8
2025-10-15T22:00,5.777777777777778,9.8
2025-10-15T23:00,5.916666666666667,9.9
2025-10-16T00:00,6.527777777777778,10.1
2025-10-16T01:00,6.722222222222221,10.1
2025-10-16T02:00,6.25,9.6
2025-10-16T03:00,6.611111111111111,9.1
2025-10-16T04:00,7.083333333333333,9.1
2025-10-16T05:00,7.305555555555555,9.4
2025-10-16T06:00,7.666666666666667,9.5
2025-10-16T07:00,7.944444444444445,9.8
2025-10-16T08:00,8.305555555555555,10.5
2025-10-16T09:00,8.555555555555555,10.9
2025-10-16T10:00,8.11111111111111,11.9
2025-10-16T11:00,7.194444444444444,12.9
2025-10-16T12:00,8.277777777777779,13.6
2025-10-16T13:00,8.13888888888889,13.9
2025-10-16T14:00,7.722222222222222,14.0
2025-10-16T15:00,7.861111111111111,13.9
2025-10-16T16:00,7.944444444444445,13.7
2025-10-16T17:00,8.027777777777777,13.1
2025-10-16T18:00,8.194444444444445,12.1
2025-10-16T19:00,7.638888888888888,11.4
2025-10-16T20:00,7.916666666666666,11.4
2025-10-16T21:00,8.694444444444445,11.4
2025-10-16T22:00,9.222222222222223,11.5
2025-10-16T23:00,8.583333333333332,11.1
2025-10-17T00:00,6.694444444444445,10.9
2025-10-17T01:00,6.111111111111111,9.8
2025-10-17T02:00,6.055555555555555,8.5
2025-10-17T03:00,4.833333333333333,7.7
2025-10-17T04:00,4.194444444444445,6.8
2025-10-17T05:00,4.555555555555555,6.2
2025-10-17T06:00,5.111111111111111,6.2
2025-10-17T07:00,4.166666666666667,6.2
2025-10-17T08:00,1.4444444444444444,6.3
2025-10-17T09:00,3.5833333333333335,7.1
2025-10-17T10:00,4.194444444444445,8.4
2025-10-17T11:00,4.583333333333333,9.4
2025-10-17T12:00,5.666666666666666,9.7
2025-10-17T13:00,7.444444444444445,9.7
2025-10-17T14:00,7.694444444444444,9.6
2025-10-17T15:00,8.63888888888889,9.6
2025-10-17T16:00,8.25,8.4
2025-10-17T17:00,6.444444444444444,7.8
2025-10-17T18:00,6.194444444444445,7.2
2025-10-17T19:00,6.916666666666666,6.6
2025-10-17T20:00,6.555555555555555,6.1
2025-10-17T21:00,6.277777777777778,5.6
2025-10-17T22:00,5.972222222222222,5.6
2025-10-17T23:00,5.944444444444444,5.6
2025-10-18T00:00,5.916666666666667,5.3
2025-10-18T01:00,5.055555555555555,5.1
2025-10-18T02:00,3.75,4.2
2025-10-18T03:00,3.4722222222222223,3.7
2025-10-18T04:00,3.138888888888889,3.8
2025-10-18T05:00,2.9166666666666665,4.0
2025-10-18T06:00,4.0,4.2
2025-10-18T07:00,4.527777777777778,3.8
2025-10-18T08:00,3.638888888888889,3.4
2025-10-18T09:00,3.083333333333333,3.0
2025-10-18T10:00,3.5833333333333335,4.0
2025-10-18T11:00,4.111111111111112,5.7
2025-10-18T12:00,3.0,7.7
2025-10-18T13:00,3.1111111111111107,8.9
2025-10-18T14:00,3.2777777777777777,10.1
2025-10-18T15:00,3.75,10.2
2025-10-18T16:00,4.305555555555555,10.0
2025-10-18T17:00,4.833333333333333,9.2
2025-10-18T18:00,5.194444444444444,7.9
2025-10-18T19:00,6.416666666666667,7.1
2025-10-18T20:00,7.0,6.4
2025-10-18T21:00,7.305555555555555,5.6
2025-10-18T22:00,7.444444444444445,5.1
2025-10-18T23:00,7.222222222222222,4.7
2025-10-19T00:00,7.111111111111112,4.2
2025-10-19T01:00,6.444444444444444,3.8
2025-10-19T02:00,7.527777777777778,3.6
2025-10-19T03:00,7.527777777777778,2.9
2025-10-19T04:00,7.361111111111111,2.7
2025-10-19T05:00,6.888888888888889,2.7
2025-10-19T06:00,6.805555555555555,2.7
2025-10-19T07:00,6.916666666666666,2.8
2025-10-19T08:00,7.222222222222222,3.0
2025-10-19T09:00,7.166666666666667,3.2
2025-10-19T10:00,7.305555555555555,4.5
2025-10-19T11:00,6.0,6.1
2025-10-19T12:00,4.277777777777778,7.6
2025-10-19T13:00,5.027777777777778,8.7
2025-10-19T14:00,5.0,9.4
2025-10-19T15:00,5.249999999999999,9.8
2025-10-19T16:00,5.944444444444444,9.4
2025-10-19T17:00,6.138888888888889,8.6
2025-10-19T18:00,7.416666666666666,7.2
2025-10-19T19:00,8.027777777777777,6.4
2025-10-19T20:00,8.38888888888889,6.2
2025-10-19T21:00,8.944444444444445,6.1
2025-10-19T22:00,9.388888888888888,5.9
2025-10-19T23:00,8.972222222222221,5.7
2025-10-20T00:00,8.194444444444445,5.5
2025-10-20T01:00,8.5,5.4
2025-10-20T02:00,8.777777777777779,5.6
2025-10-20T03:00,9.027777777777777,5.7
2025-10-20T04:00,9.11111111111111,5.8
2025-10-20T05:00,9.361111111111112,5.9
2025-10-20T06:00,9.5,6.2
2025-10-20T07:00,9.86111111111111,6.4
2025-10-20T08:00,10.25,6.7
2025-10-20T09:00,10.499999999999998,7.2
2025-10-20T10:00,10.444444444444445,8.3
2025-10-20T11:00,10.13888888888889,9.2
2025-10-20T12:00,10.75,9.9
2025-10-20T13:00,10.555555555555555,10.2
2025-10-20T14:00,9.63888888888889,10.6
2025-10-20T15:00,9.666666666666666,11.0
2025-10-20T16:00,10.277777777777777,10.7
2025-10-20T17:00,10.722222222222223,10.1
2025-10-20T18:00,10.88888888888889,9.9
2025-10-20T19:00,11.555555555555555,9.6
2025-10-20T20:00,11.472222222222221,9.9
2025-10-20T21:00,11.333333333333332,9.6
2025-10-20T22:00,11.222222222222221,9.8
2025-10-20T23:00,10.972222222222221,9.8
2025-10-21T00:00,9.88888888888889,9.9
2025-10-21T01:00,9.63888888888889,9.7
2025-10-21T02:00,8.972222222222221,9.8
2025-10-21T03:00,9.222222222222223,9.6
2025-10-21T04:00,9.083333333333334,9.4
2025-10-21T05:00,8.75,9.4
2025-10-21T06:00,8.75,9.4
2025-10-21T07:00,8.63888888888889,9.4
2025-10-21T08:00,9.138888888888888,9.6
2025-10-21T09:00,8.944444444444445,10.2
2025-10-21T10:00,8.805555555555555,10.8
2025-10-21T11:00,8.722222222222221,11.1
2025-10-21T12:00,9.388888888888888,11.9
2025-10-21T13:00,9.75,12.5
2025-10-21T14:00,8.805555555555555,11.8
2025-10-21T15:00,9.249999999999998,12.1
2025-10-21T16:00,9.249999999999998,12.0
2025-10-21T17:00,9.694444444444445,11.8
2025-10-21T18:00,11.027777777777779,11.1
2025-10-21T19:00,9.416666666666666,11.2
2025-10-21T20:00,10.13888888888889,11.4
2025-10-21T21:00,9.88888888888889,11.8
2025-10-21T22:00,9.361111111111112,11.7
2025-10-21T23:00,9.194444444444445,11.8
2025-10-22T00:00,9.388888888888888,11.4
2025-10-22T01:00,10.444444444444445,11.4
2025-10-22T02:00,8.777777777777779,11.8
2025-10-22T03:00,9.444444444444445,11.4
2025-10-22T04:00,8.88888888888889,11.1
2025-10-22T05:00,8.11111111111111,10.9
2025-10-22T06:00,7.916666666666666,10.8
2025-10-22T07:00,8.305555555555555,10.9
2025-10-22T08:00,8.166666666666666,11.1
2025-10-22T09:00,8.055555555555555,11.2
2025-10-22T10:00,7.555555555555555,11.6
2025-10-22T11:00,7.805555555555555,12.2
2025-10-22T12:00,7.861111111111111,12.9
2025-10-22T13:00,7.305555555555555,13.3
2025-10-22T14:00,8.805555555555555,12.6
2025-10-22T15:00,7.777777777777778,13.1
2025-10-22T16:00,7.805555555555555,12.6
2025-10-22T17:00,7.25,12.2
2025-10-22T18:00,7.111111111111112,11.5
2025-10-22T19:00,7.111111111111112,11.2
2025-10-22T20:00,7.361111111111111,10.9
2025-10-22T21:00,6.666666666666666,10.4
2025-10-22T22:00,6.277777777777778,9.9
2025-10-22T23:00,6.25,9.4
2025-10-23T00:00,5.861111111111112,9.1
2025-10-23T01:00,5.305555555555556,8.6
2025-10-23T02:00,4.388888888888889,8.6
2025-10-23T03:00,4.416666666666667,7.7
2025-10-23T04:00,4.416666666666667,7.3
2025-10-23T05:00,3.944444444444444,7.0
2025-10-23T06:00,5.444444444444445,7.0
2025-10-23T07:00,6.027777777777778,7.1
2025-10-23T08:00,6.166666666666666,7.7
2025-10-23T09:00,7.111111111111112,8.4
2025-10-23T10:00,7.583333333333333,9.9
2025-10-23T11:00,8.5,11.2
2025-10-23T12:00,10.583333333333334,11.5
2025-10-23T13:00,11.0,11.0
2025-10-23T14:00,12.777777777777777,10.6
2025-10-23T15:00,13.305555555555555,10.9
2025-10-23T16:00,13.61111111111111,10.9
2025-10-23T17:00,14.61111111111111,10.9
2025-10-23T18:00,13.833333333333332,11.2
2025-10-23T19:00,14.0,11.6
2025-10-23T20:00,14.333333333333334,11.9
2025-10-23T21:00,13.555555555555554,11.7
2025-10-23T22:00,11.25,11.8
2025-10-23T23:00,7.277777777777778,11.9
2025-10-24T00:00,6.805555555555555,11.6
2025-10-24T01:00,7.138888888888888,11.4
2025-10-24T02:00,8.277777777777779,11.4
2025-10-24T03:00,6.75,11.2
2025-10-24T04:00,7.444444444444445,10.7
2025-10-24T05:00,9.027777777777777,10.4
2025-10-24T06:00,9.583333333333334,10.2
2025-10-24T07:00,9.361111111111112,10.2
2025-10-24T08:00,8.916666666666666,10.2
2025-10-24T09:00,8.916666666666666,10.2
2025-10-24T10:00,8.972222222222221,10.8
2025-10-24T11:00,10.88888888888889,11.4
2025-10-24T12:00,9.722222222222221,12.2
2025-10-24T13:00,9.277777777777777,12.4
2025-10-24T14:00,7.694444444444444,12.4
2025-10-24T15:00,6.166666666666666,12.8
2025-10-24T16:00,5.361111111111112,12.4
2025-10-24T17:00,5.444444444444445,11.5
2025-10-24T18:00,4.888888888888889,10.8
2025-10-24T19:00,6.277777777777778,10.0
2025-10-24T20:00,7.555555555555555,9.7
2025-10-24T21:00,8.63888888888889,9.9
2025-10-24T22:00,8.722222222222221,9.5
2025-10-24T23:00,9.222222222222223,10.1
2025-10-25T00:00,11.416666666666666,10.1
2025-10-25T01:00,11.36111111111111,10.1
2025-10-25T02:00,11.11111111111111,10.3
2025-10-25T03:00,10.722222222222223,10.1
2025-10-25T04:00,10.36111111111111,9.9
2025-10-25T05:00,10.388888888888888,9.8
2025-10-25T06:00,10.777777777777777,9.8
2025-10-25T07:00,10.805555555555555,9.6
2025-10-25T08:00,10.166666666666666,9.4
2025-10-25T09:00,10.083333333333332,9.1
2025-10-25T10:00,9.277777777777777,9.6
2025-10-25T11:00,9.194444444444445,10.2
2025-10-25T12:00,11.944444444444445,10.8
2025-10-25T13:00,10.722222222222223,10.3
2025-10-25T14:00,11.333333333333332,10.4
2025-10-25T15:00,9.083333333333334,10.0
2025-10-25T16:00,7.361111111111111,10.3
2025-10-25T17:00,7.222222222222222,10.1
2025-10-25T18:00,6.499999999999999,9.3
2025-10-25T19:00,5.833333333333333,9.1
2025-10-25T20:00,5.249999999999999,9.7
2025-10-25T21:00,4.805555555555555,9.1
2025-10-25T22:00,4.111111111111112,9.1
2025-10-25T23:00,3.555555555555556,9.1
2025-10-26T00:00,4.805555555555555,9.1
2025-10-26T01:00,6.166666666666666,9.1
2025-10-26T02:00,6.0,8.8
2025-10-26T03:00,6.361111111111111,8.6
2025-10-26T04:00,6.277777777777778,8.1
2025-10-26T05:00,5.444444444444445,8.0
2025-10-26T06:00,4.527777777777778,7.9
2025-10-26T07:00,3.4444444444444446,6.9
2025-10-26T08:00,2.361111111111111,7.8
2025-10-26T09:00,1.2222222222222223,8.1
2025-10-26T10:00,0.9722222222222222,8.3
2025-10-26T11:00,0.75,8.6
2025-10-26T12:00,2.7222222222222223,9.2
2025-10-26T13:00,3.4722222222222223,9.9
2025-10-26T14:00,5.083333333333333,10.4
2025-10-26T15:00,6.499999999999999,9.9
2025-10-26T16:00,6.499999999999999,10.1
2025-10-26T17:00,7.388888888888889,9.3
2025-10-26T18:00,6.861111111111111,8.4
2025-10-26T19:00,5.944444444444444,8.2
2025-10-26T20:00,5.805555555555555,7.8
2025-10-26T21:00,6.472222222222222,7.4
2025-10-26T22:00,7.111111111111112,7.3
2025-10-26T23:00,6.916666666666666,7.4
2025-10-27T00:00,7.444444444444445,7.3
2025-10-27T01:00,7.0,7.1
2025-10-27T02:00,6.694444444444445,7.1
2025-10-27T03:00,6.194444444444445,7.6
2025-10-27T04:00,6.861111111111111,7.8
2025-10-27T05:00,7.638888888888888,7.8
2025-10-27T06:00,6.499999999999999,7.7
2025-10-27T07:00,7.194444444444444,7.1
2025-10-27T08:00,4.527777777777778,7.7
2025-10-27T09:00,4.416666666666667,7.6
2025-10-27T10:00,5.444444444444445,7.9
2025-10-27T11:00,4.833333333333333,9.0
2025-10-27T12:00,3.8333333333333335,9.3
2025-10-27T13:00,3.611111111111111,9.0
2025-10-27T14:00,2.25,9.1
2025-10-27T15:00,2.75,9.8
2025-10-27T16:00,3.1111111111111107,9.6
2025-10-27T17:00,3.416666666666667,9.0
2025-10-27T18:00,4.027777777777778,8.0
2025-10-27T19:00,4.194444444444445,7.9
2025-10-27T20:00,4.777777777777778,7.8
2025-10-27T21:00,4.444444444444445,7.3
2025-10-27T22:00,3.555555555555556,6.4
2025-10-27T23:00,2.9166666666666665,6.2
2025-10-28T00:00,2.972222222222222,6.2
2025-10-28T01:00,3.4444444444444446,6.2
2025-10-28T02:00,5.777777777777778,7.2
2025-10-28T03:00,7.555555555555555,7.3
2025-10-28T04:00,8.083333333333334,7.6
2025-10-28T05:00,9.194444444444445,7.8
2025-10-28T06:00,9.555555555555555,7.7
2025-10-28T07:00,9.75,7.6
2025-10-28T08:00,9.11111111111111,7.5
2025-10-28T09:00,8.166666666666666,7.1
2025-10-28T10:00,7.638888888888888,7.8
2025-10-28T11:00,6.777777777777777,8.4
2025-10-28T12:00,6.25,8.6
2025-10-28T13:00,6.777777777777777,8.9
2025-10-28T14:00,6.916666666666666,8.4
2025-10-28T15:00,6.944444444444445,7.8
2025-10-28T16:00,6.694444444444445,7.3
2025-10-28T17:00,6.777777777777777,7.2
2025-10-28T18:00,6.666666666666666,6.7
2025-10-28T19:00,6.805555555555555,6.2
2025-10-28T20:00,6.388888888888888,6.4
2025-10-28T21:00,6.527777777777778,6.1
2025-10-28T22:00,6.777777777777777,6.0
2025-10-28T23:00,6.722222222222221,6.3
2025-10-29T00:00,6.527777777777778,6.1
2025-10-29T01:00,6.527777777777778,5.9
2025-10-29T02:00,6.055555555555555,6.6
2025-10-29T03:00,5.833333333333333,6.7
2025-10-29T04:00,6.361111111111111,7.0
2025-10-29T05:00,5.694444444444445,7.2
2025-10-29T06:00,6.138888888888889,7.1
2025-10-29T07:00,5.861111111111112,6.9
2025-10-29T08:00,5.055555555555555,6.6
2025-10-29T09:00,4.555555555555555,5.9
2025-10-29T10:00,6.0,6.7
2025-10-29T11:00,6.0,7.5
2025-10-29T12:00,5.638888888888889,9.4
2025-10-29T13:00,6.472222222222222,10.6
2025-10-29T14:00,6.666666666666666,10.5
2025-10-29T15:00,7.583333333333333,9.9
2025-10-29T16:00,8.61111111111111,9.1
2025-10-29T17:00,7.888888888888888,9.4
2025-10-29T18:00,7.777777777777778,9.2
2025-10-29T19:00,7.388888888888889,8.7
2025-10-29T20:00,6.388888888888888,8.9
2025-10-29T21:00,6.027777777777778,8.6
2025-10-29T22:00,5.972222222222222,8.6
2025-10-29T23:00,5.388888888888888,8.4
2025-10-30T00:00,4.722222222222222,8.3
2025-10-30T01:00,4.166666666666667,8.1
2025-10-30T02:00,3.222222222222222,8.4
2025-10-30T03:00,3.0555555555555554,8.2
2025-10-30T04:00,2.833333333333333,8.2
2025-10-30T05:00,2.8055555555555554,8.0
2025-10-30T06:00,3.4444444444444446,7.9
2025-10-30T07:00,4.138888888888889,8.1
2025-10-30T08:00,6.777777777777777,7.7
2025-10-30T09:00,5.5,7.8
2025-10-30T10:00,6.222222222222221,8.1
2025-10-30T11:00,8.5,8.4
2025-10-30T12:00,7.361111111111111,8.6
2025-10-30T13:00,8.166666666666666,8.6
2025-10-30T14:00,7.25,9.4
2025-10-30T15:00,8.86111111111111,9.6
2025-10-30T16:00,8.527777777777777,9.2
2025-10-30T17:00,7.416666666666666,8.5
2025-10-30T18:00,7.194444444444444,7.7
2025-10-30T19:00,6.916666666666666,7.4
2025-10-30T20:00,5.888888888888888,7.3
2025-10-30T21:00,5.583333333333334,7.0
2025-10-30T22:00,5.416666666666667,6.7
2025-10-30T23:00,5.611111111111111,6.4
2025-10-31T00:00,5.805555555555555,6.2
2025-10-31T01:00,5.055555555555555,6.2
2025-10-31T02:00,5.361111111111112,5.9
2025-10-31T03:00,3.9166666666666665,5.2
2025-10-31T04:00,3.555555555555556,4.7
2025-10-31T05:00,1.6666666666666665,3.4
2025-10-31T06:00,1.0555555555555556,3.0
2025-10-31T07:00,2.5833333333333335,3.3
2025-10-31T08:00,3.9166666666666665,3.2
2025-10-31T09:00,5.305555555555556,3.2
2025-10-31T10:00,6.194444444444445,3.8
2025-10-31T11:00,7.166666666666667,5.2
2025-10-31T12:00,7.166666666666667,6.9
2025-10-31T13:00,5.194444444444444,8.6
2025-10-31T14:00,5.055555555555555,9.8
2025-10-31T15:00,5.805555555555555,9.9
2025-10-31T16:00,6.444444444444444,10.2
2025-10-31T17:00,7.25,9.6
2025-10-31T18:00,7.888888888888888,8.8
2025-10-31T19:00,8.333333333333334,8.4
2025-10-31T20:00,8.694444444444445,8.1
2025-10-31T21:00,8.86111111111111,8.1
2025-10-31T22:00,9.0,8.5
2025-10-31T23:00,8.972222222222221,8.2
2025-11-01T00:00,8.88888888888889,8.2
2025-11-01T01:00,9.11111111111111,8.1
2025-11-01T02:00,8.166666666666666,8.6
2025-11-01T03:00,8.38888888888889,8.9
2025-11-01T04:00,7.972222222222221,8.9
2025-11-01T05:00,8.36111111111111,8.8
2025-11-01T06:00,8.222222222222223,8.4
2025-11-01T07:00,9.833333333333332,8.5
2025-11-01T08:00,9.555555555555555,8.6
2025-11-01T09:00,9.86111111111111,8.4
2025-11-01T10:00,10.083333333333332,8.9
2025-11-01T11:00,10.833333333333334,9.9
2025-11-01T12:00,8.944444444444445,10.6
2025-11-01T13:00,9.083333333333334,11.1
2025-11-01T14:00,8.972222222222221,11.6
2025-11-01T15:00,9.361111111111112,11.6
2025-11-01T16:00,10.25,10.9
2025-11-01T17:00,10.083333333333332,10.6
2025-11-01T18:00,10.36111111111111,10.4
2025-11-01T19:00,9.361111111111112,10.4
2025-11-01T20:00,9.361111111111112,10.8
2025-11-01T21:00,9.333333333333334,10.8
2025-11-01T22:00,9.027777777777777,10.4
2025-11-01T23:00,8.75,9.9
2025-11-02T00:00,8.805555555555555,9.8
2025-11-02T01:00,8.277777777777779,9.6
2025-11-02T02:00,8.722222222222221,9.8
2025-11-02T03:00,8.13888888888889,9.4
2025-11-02T04:00,7.527777777777778,8.9
2025-11-02T05:00,7.444444444444445,8.5
2025-11-02T06:00,7.166666666666667,8.2
2025-11-02T07:00,7.611111111111111,8.1
2025-11-02T08:00,7.694444444444444,8.6
2025-11-02T09:00,6.527777777777778,8.7
2025-11-02T10:00,7.277777777777778,9.1
2025-11-02T11:00,9.75,9.9
2025-11-02T12:00,9.222222222222223,10.4
2025-11-02T13:00,9.083333333333334,10.3
2025-11-02T14:00,7.666666666666667,10.7
2025-11-02T15:00,6.333333333333333,10.8
2025-11-02T16:00,5.75,10.6
2025-11-02T17:00,5.361111111111112,9.9
2025-11-02T18:00,5.388888888888888,8.9
2025-11-02T19:00,4.833333333333333,8.4
2025-11-02T20:00,4.805555555555555,8.1
2025-11-02T21:00,6.138888888888889,7.6
2025-11-02T22:00,7.111111111111112,7.2
2025-11-02T23:00,7.555555555555555,7.1
2025-11-03T00:00,7.805555555555555,7.1
2025-11-03T01:00,7.388888888888889,7.1
2025-11-03T02:00,7.944444444444445,7.6
2025-11-03T03:00,7.444444444444445,7.5
2025-11-03T04:00,7.277777777777778,7.2
2025-11-03T05:00,7.722222222222222,7.1
2025-11-03T06:00,7.027777777777778,7.0
2025-11-03T07:00,7.027777777777778,6.7
2025-11-03T08:00,6.555555555555555,7.3
2025-11-03T09:00,7.055555555555555,6.7
2025-11-03T10:00,7.333333333333333,7.2
2025-11-03T11:00,8.5,8.3
2025-11-03T12:00,6.388888888888888,9.3
2025-11-03T13:00,6.555555555555555,10.1
2025-11-03T14:00,6.916666666666666,10.1
2025-11-03T15:00,7.833333333333333,10.3
2025-11-03T16:00,7.944444444444445,10.1
2025-11-03T17:00,9.11111111111111,9.2
2025-11-03T18:00,10.972222222222221,9.2
2025-11-03T19:00,11.305555555555555,9.4
2025-11-03T20:00,11.25,9.9
2025-11-03T21:00,9.88888888888889,10.7
2025-11-03T22:00,11.027777777777779,11.6
2025-11-03T23:00,9.88888888888889,11.9
2025-11-04T00:00,9.777777777777779,12.4
2025-11-04T01:00,9.5,12.7
2025-11-04T02:00,10.36111111111111,12.4
2025-11-04T03:00,10.333333333333334,12.6
2025-11-04T04:00,11.36111111111111,13.0
2025-11-04T05:00,11.277777777777779,13.1
2025-11-04T06:00,11.416666666666666,12.9
2025-11-04T07:00,11.25,13.0
2025-11-04T08:00,11.694444444444445,12.8
2025-11-04T09:00,11.888888888888888,12.9
2025-11-04T10:00,11.777777777777777,13.1
2025-11-04T11:00,11.444444444444445,13.4
2025-11-04T12:00,10.944444444444445,13.6
2025-11-04T13:00,10.36111111111111,14.2
2025-11-04T14:00,9.833333333333332,14.1
2025-11-04T15:00,9.444444444444445,13.9
2025-11-04T16:00,9.416666666666666,13.6
2025-11-04T17:00,9.833333333333332,13.6
2025-11-04T18:00,10.166666666666666,13.4
2025-11-04T19:00,10.444444444444445,13.4
2025-11-04T20:00,10.583333333333334,13.4
2025-11-04T21:00,10.472222222222223,13.2
2025-11-04T22:00,10.305555555555555,12.6
2025-11-04T23:00,9.5,12.2
2025-11-05T00:00,9.0,12.0
2025-11-05T01:00,8.5,11.7
2025-11-05T02:00,8.88888888888889,11.9
2025-11-05T03:00,8.722222222222221,12.1
2025-11-05T04:00,9.027777777777777,11.6
2025-11-05T05:00,9.0,11.3
2025-11-05T06:00,9.055555555555555,11.4
2025-11-05T07:00,8.555555555555555,11.5
2025-11-05T08:00,7.694444444444444,11.1
2025-11-05T09:00,8.083333333333334,11.4
2025-11-05T10:00,8.194444444444445,11.7
2025-11-05T11:00,8.25,12.1
2025-11-05T12:00,8.722222222222221,12.1
2025-11-05T13:00,8.555555555555555,13.5
2025-11-05T14:00,7.861111111111111,13.4
2025-11-05T15:00,7.277777777777778,13.7
2025-11-05T16:00,8.75,13.4
2025-11-05T17:00,8.583333333333332,13.2
2025-11-05T18:00,7.888888888888888,13.3
2025-11-05T19:00,8.166666666666666,12.9
2025-11-05T20:00,7.694444444444444,12.5
2025-11-05T21:00,6.861111111111111,12.1
2025-11-05T22:00,6.611111111111111,11.4
2025-11-05T23:00,6.166666666666666,11.5
2025-11-06T00:00,7.0,11.7
2025-11-06T01:00,6.527777777777778,11.6
2025-11-06T02:00,5.638888888888889,11.6
2025-11-06T03:00,6.611111111111111,11.8
2025-11-06T04:00,5.972222222222222,11.9
2025-11-06T05:00,6.111111111111111,11.9
2025-11-06T06:00,5.777777777777778,11.4
2025-11-06T07:00,6.111111111111111,11.6
2025-11-06T08:00,6.499999999999999,11.5
2025-11-06T09:00,6.388888888888888,11.1
2025-11-06T10:00,5.305555555555556,11.1
2025-11-06T11:00,5.555555555555555,11.8
2025-11-06T12:00,6.111111111111111,12.9
2025-11-06T13:00,4.0,13.5
2025-11-06T14:00,4.361111111111111,14.1
2025-11-06T15:00,3.333333333333333,14.5
2025-11-06T16:00,4.472222222222222,14.1
2025-11-06T17:00,4.75,12.9
2025-11-06T18:00,5.166666666666667,11.8
2025-11-06T19:00,6.138888888888889,11.1
2025-11-06T20:00,6.638888888888888,10.5
2025-11-06T21:00,6.583333333333333,9.7
2025-11-06T22:00,6.972222222222222,9.4
2025-11-06T23:00,7.333333333333333,9.3
2025-11-07T00:00,7.055555555555555,9.1
2025-11-07T01:00,6.638888888888888,8.7
2025-11-07T02:00,6.055555555555555,8.4
2025-11-07T03:00,5.722222222222222,8.1
2025-11-07T04:00,5.305555555555556,7.8
2025-11-07T05:00,5.361111111111112,7.3
2025-11-07T06:00,6.027777777777778,6.9
2025-11-07T07:00,6.583333333333333,6.8
2025-11-07T08:00,6.972222222222222,6.6
2025-11-07T09:00,6.888888888888889,6.4
2025-11-07T10:00,6.527777777777778,7.2
2025-11-07T11:00,5.972222222222222,8.1
2025-11-07T12:00,3.5277777777777777,8.9
2025-11-07T13:00,3.611111111111111,9.8
2025-11-07T14:00,2.7777777777777777,9.5
2025-11-07T15:00,2.5,9.8
2025-11-07T16:00,2.3333333333333335,9.7
2025-11-07T17:00,2.5,9.3
2025-11-07T18:00,2.5277777777777777,8.8
2025-11-07T19:00,2.694444444444444,8.2
2025-11-07T20:00,3.0,8.1
2025-11-07T21:00,3.1111111111111107,7.8
2025-11-07T22:00,2.888888888888889,7.6
2025-11-07T23:00,2.305555555555556,7.6
2025-11-08T00:00,1.4166666666666665,7.6
2025-11-08T01:00,0.5277777777777778,7.7
2025-11-08T02:00,1.0,7.3
2025-11-08T03:00,1.0,7.7
2025-11-08T04:00,1.3888888888888888,7.8
2025-11-08T05:00,2.2222222222222223,7.8
2025-11-08T06:00,3.416666666666667,7.9
2025-11-08T07:00,3.083333333333333,8.1
2025-11-08T08:00,0.5833333333333334,8.1
2025-11-08T09:00,1.2222222222222223,7.8
2025-11-08T10:00,2.138888888888889,8.3
2025-11-08T11:00,1.8055555555555556,8.8
2025-11-08T12:00,1.75,9.1
2025-11-08T13:00,1.7222222222222223,9.4
2025-11-08T14:00,1.2777777777777777,8.9
2025-11-08T15:00,0.9166666666666666,8.8
2025-11-08T16:00,1.2222222222222223,8.8
2025-11-08T17:00,1.9444444444444444,8.5
2025-11-08T18:00,2.305555555555556,8.2
2025-11-08T19:00,2.4722222222222223,8.1
2025-11-08T20:00,2.1944444444444446,8.1
2025-11-08T21:00,2.7777777777777777,8.2
2025-11-08T22:00,2.944444444444444,8.1
2025-11-08T23:00,3.222222222222222,8.1
2025-11-09T00:00,4.083333333333333,7.9
2025-11-09T01:00,3.4722222222222223,7.7
2025-11-09T02:00,3.333333333333333,7.6
2025-11-09T03:00,3.0,7.4
2025-11-09T04:00,2.638888888888889,7.2
2025-11-09T05:00,2.4444444444444446,7.2
2025-11-09T06:00,1.3333333333333333,7.2
2025-11-09T07:00,0.9722222222222222,7.2
2025-11-09T08:00,0.8611111111111112,7.1
2025-11-09T09:00,0.8611111111111112,7.0
2025-11-09T10:00,1.5555555555555554,7.2
2025-11-09T11:00,1.6388888888888888,7.3
2025-11-09T12:00,1.027777777777778,7.8
2025-11-09T13:00,0.22222222222222224,8.1
2025-11-09T14:00,0.6111111111111112,8.3
2025-11-09T15:00,0.3333333333333333,8.4
2025-11-09T16:00,0.4722222222222222,8.4
2025-11-09T17:00,0.7222222222222222,8.1
2025-11-09T18:00,0.38888888888888884,8.1
2025-11-09T19:00,1.0555555555555556,7.9
2025-11-09T20:00,2.0833333333333335,7.9
2025-11-09T21:00,2.972222222222222,7.8
2025-11-09T22:00,3.3055555555555554,7.7
2025-11-09T23:00,3.194444444444444,7.6
2025-11-10T00:00,3.1111111111111107,7.4
2025-11-10T01:00,3.3888888888888884,7.5
2025-11-10T02:00,3.5833333333333335,7.4
2025-11-10T03:00,3.888888888888889,7.6
2025-11-10T04:00,4.388888888888889,7.7
2025-11-10T05:00,4.75,7.7
2025-11-10T06:00,4.638888888888888,7.2
2025-11-10T07:00,4.805555555555555,6.9
2025-11-10T08:00,5.166666666666667,7.4
2025-11-10T09:00,5.0,7.6
2025-11-10T10:00,4.75,7.8
2025-11-10T11:00,5.027777777777778,8.4
2025-11-10T12:00,3.5,8.9
2025-11-10T13:00,2.7777777777777777,9.5
2025-11-10T14:00,3.194444444444444,9.6
2025-11-10T15:00,3.1111111111111107,9.9
2025-11-10T16:00,3.8055555555555554,9.6
2025-11-10T17:00,4.527777777777778,9.2
2025-11-10T18:00,5.638888888888889,8.9
2025-11-10T19:00,6.111111111111111,8.5
2025-11-10T20:00,6.555555555555555,7.8
2025-11-10T21:00,6.333333333333333,7.5
2025-11-10T22:00,6.055555555555555,7.9
2025-11-10T23:00,6.416666666666667,7.9
2025-11-11T00:00,6.277777777777778,7.3
2025-11-11T01:00,6.305555555555555,6.9
2025-11-11T02:00,5.75,6.4
2025-11-11T03:00,6.472222222222222,6.1
2025-11-11T04:00,6.555555555555555,5.9
2025-11-11T05:00,6.555555555555555,6.1
2025-11-11T06:00,6.805555555555555,5.9
2025-11-11T07:00,7.055555555555555,6.1
2025-11-11T08:00,6.861111111111111,6.2
2025-11-11T09:00,7.0,6.3
2025-11-11T10:00,6.861111111111111,6.7
2025-11-11T11:00,6.777777777777777,7.8
2025-11-11T12:00,6.194444444444445,8.6
2025-11-11T13:00,7.138888888888888,9.4
2025-11-11T14:00,5.888888888888888,9.1
2025-11-11T15:00,5.805555555555555,9.1
2025-11-11T16:00,5.166666666666667,8.8
2025-11-11T17:00,5.138888888888888,8.7
2025-11-11T18:00,5.861111111111112,8.7
2025-11-11T19:00,5.583333333333334,8.9
2025-11-11T20:00,6.638888888888888,8.7
2025-11-11T21:00,7.277777777777778,8.6
2025-11-11T22:00,6.944444444444445,8.1
2025-11-11T23:00,7.388888888888889,7.7
2025-11-12T00:00,8.472222222222221,7.9
2025-11-12T01:00,8.61111111111111,8.6
2025-11-12T02:00,9.305555555555555,8.8
2025-11-12T03:00,9.5,9.2
2025-11-12T04:00,9.138888888888888,9.4
2025-11-12T05:00,9.694444444444445,9.2
2025-11-12T06:00,10.13888888888889,9.1
2025-11-12T07:00,10.972222222222221,8.9
2025-11-12T08:00,11.861111111111112,9.2
2025-11-12T09:00,12.444444444444443,9.4
2025-11-12T10:00,13.194444444444445,9.8
2025-11-12T11:00,13.86111111111111,10.3
2025-11-12T12:00,14.277777777777777,10.9
2025-11-12T13:00,14.75,11.4
2025-11-12T14:00,12.277777777777779,11.8
2025-11-12T15:00,11.722222222222223,11.9
2025-11-12T16:00,11.194444444444443,11.9
2025-11-12T17:00,12.027777777777777,11.8
2025-11-12T18:00,12.055555555555555,11.9
2025-11-12T19:00,12.11111111111111,11.9
2025-11-12T20:00,11.222222222222221,11.6
2025-11-12T21:00,12.055555555555555,11.8
2025-11-12T22:00,11.722222222222223,11.4
2025-11-12T23:00,11.38888888888889,11.4
2025-11-13T00:00,10.638888888888888,11.4
2025-11-13T01:00,9.666666666666666,11.5
2025-11-13T02:00,9.63888888888889,11.6
2025-11-13T03:00,9.083333333333334,11.7
2025-11-13T04:00,8.416666666666666,11.6
2025-11-13T05:00,8.305555555555555,11.6
2025-11-13T06:00,7.555555555555555,11.2
2025-11-13T07:00,6.083333333333333,10.9
2025-11-13T08:00,6.166666666666666,10.8
2025-11-13T09:00,6.25,10.6
2025-11-13T10:00,5.027777777777778,10.6
2025-11-13T11:00,5.055555555555555,10.8
2025-11-13T12:00,3.8055555555555554,10.4
2025-11-13T13:00,3.138888888888889,10.4
2025-11-13T14:00,2.5555555555555554,10.5
2025-11-13T15:00,3.9166666666666665,10.6
2025-11-13T16:00,8.527777777777777,9.6
2025-11-13T17:00,8.88888888888889,8.2
2025-11-13T18:00,8.166666666666666,7.7
2025-11-13T19:00,8.277777777777779,7.1
2025-11-13T20:00,6.944444444444445,7.2
2025-11-13T21:00,6.833333333333334,6.4
2025-11-13T22:00,4.944444444444445,6.4
2025-11-13T23:00,4.111111111111112,6.5
2025-11-14T00:00,3.6944444444444446,5.8
2025-11-14T01:00,2.361111111111111,5.1
2025-11-14T02:00,1.25,5.2
2025-11-14T03:00,0.5,5.0
2025-11-14T04:00,0.4722222222222222,5.1
2025-11-14T05:00,0.8055555555555555,4.8
2025-11-14T06:00,0.6666666666666666,4.7
2025-11-14T07:00,0.7777777777777777,4.2
2025-11-14T08:00,0.6666666666666666,3.7
2025-11-14T09:00,0.8055555555555555,3.0
2025-11-14T10:00,1.0833333333333333,3.5
2025-11-14T11:00,1.5,4.1
2025-11-14T12:00,0.7777777777777777,4.9
2025-11-14T13:00,0.41666666666666663,5.7
2025-11-14T14:00,1.4444444444444444,6.3
2025-11-14T15:00,1.6944444444444442,6.3
2025-11-14T16:00,1.0833333333333333,5.8
2025-11-14T17:00,2.138888888888889,4.6
2025-11-14T18:00,5.027777777777778,4.7
2025-11-14T19:00,7.416666666666666,3.7
2025-11-14T20:00,6.833333333333334,3.0
2025-11-14T21:00,6.777777777777777,2.3
2025-11-14T22:00,7.388888888888889,2.2
2025-11-14T23:00,7.027777777777778,2.2
2025-11-15T00:00,6.472222222222222,2.2
2025-11-15T01:00,6.555555555555555,2.2
2025-11-15T02:00,6.472222222222222,2.1
2025-11-15T03:00,5.805555555555555,1.6
2025-11-15T04:00,5.638888888888889,1.6
2025-11-15T05:00,6.138888888888889,1.3
2025-11-15T06:00,6.138888888888889,1.1
2025-11-15T07:00,5.333333333333333,1.0
2025-11-15T08:00,4.666666666666667,0.7
2025-11-15T09:00,4.777777777777778,0.2
2025-11-15T10:00,4.277777777777778,0.6
2025-11-15T11:00,3.0555555555555554,1.5
2025-11-15T12:00,2.111111111111111,2.5
2025-11-15T13:00,1.0,3.3
2025-11-15T14:00,0.2777777777777778,4.2
2025-11-15T15:00,0.8611111111111112,4.0
2025-11-15T16:00,1.5277777777777777,3.0
2025-11-15T17:00,1.1388888888888888,0.9
2025-11-15T18:00,0.16666666666666666,0.8
2025-11-15T19:00,0.4444444444444445,0.6
2025-11-15T20:00,1.0,1.5
2025-11-15T21:00,1.75,0.8
2025-11-15T22:00,3.3055555555555554,0.6
2025-11-15T23:00,4.027777777777778,0.6
2025-11-16T00:00,4.666666666666667,0.6
2025-11-16T01:00,5.388888888888888,0.2
2025-11-16T02:00,5.555555555555555,0.3
2025-11-16T03:00,6.055555555555555,-0.1
2025-11-16T04:00,6.611111111111111,0.4
2025-11-16T05:00,7.444444444444445,1.5
2025-11-16T06:00,7.888888888888888,1.5
2025-11-16T07:00,8.36111111111111,1.5
2025-11-16T08:00,8.722222222222221,1.5
2025-11-16T09:00,8.333333333333334,1.6
2025-11-16T10:00,8.055555555555555,2.5
2025-11-16T11:00,7.638888888888888,3.5
2025-11-16T12:00,6.499999999999999,4.3
2025-11-16T13:00,7.972222222222221,5.2
2025-11-16T14:00,7.361111111111111,5.8
2025-11-16T15:00,7.555555555555555,5.9
2025-11-16T16:00,8.11111111111111,5.4
2025-11-16T17:00,8.61111111111111,4.2
2025-11-16T18:00,7.694444444444444,3.8
2025-11-16T19:00,7.361111111111111,4.0
2025-11-16T20:00,7.416666666666666,4.2
2025-11-16T21:00,7.055555555555555,4.2
2025-11-16T22:00,6.638888888888888,4.0
2025-11-16T23:00,7.111111111111112,3.6
2025-11-17T00:00,7.444444444444445,3.5
2025-11-17T01:00,6.499999999999999,3.2
2025-11-17T02:00,6.638888888888888,3.1
2025-11-17T03:00,6.25,2.7
2025-11-17T04:00,5.777777777777778,2.8
2025-11-17T05:00,6.388888888888888,2.2
2025-11-17T06:00,6.305555555555555,1.0
2025-11-17T07:00,7.666666666666667,0.6
2025-11-17T08:00,6.833333333333334,1.2
2025-11-17T09:00,7.111111111111112,1.1
2025-11-17T10:00,7.5,1.7
2025-11-17T11:00,5.666666666666666,2.7
2025-11-17T12:00,5.5,3.9
2025-11-17T13:00,4.111111111111112,5.0
2025-11-17T14:00,6.611111111111111,5.6
2025-11-17T15:00,7.333333333333333,5.4
2025-11-17T16:00,6.305555555555555,4.7
2025-11-17T17:00,6.222222222222221,3.5
2025-11-17T18:00,6.277777777777778,3.2
2025-11-17T19:00,5.722222222222222,3.3
2025-11-17T20:00,4.861111111111111,3.5
2025-11-17T21:00,5.0,3.2
2025-11-17T22:00,5.5,3.4
2025-11-17T23:00,6.861111111111111,3.3
2025-11-18T00:00,7.055555555555555,3.2
2025-11-18T01:00,5.944444444444444,3.1
2025-11-18T02:00,5.611111111111111,2.7
2025-11-18T03:00,6.0,2.6
2025-11-18T04:00,6.305555555555555,3.0
2025-11-18T05:00,6.333333333333333,3.1
2025-11-18T06:00,6.361111111111111,3.2
2025-11-18T07:00,6.527777777777778,3.3
2025-11-18T08:00,6.055555555555555,3.2
2025-11-18T09:00,6.138888888888889,2.8
2025-11-18T10:00,6.138888888888889,2.8
2025-11-18T11:00,5.722222222222222,3.5
2025-11-18T12:00,5.027777777777778,4.3
2025-11-18T13:00,4.416666666666667,5.1
2025-11-18T14:00,4.916666666666666,5.2
2025-11-18T15:00,5.194444444444444,5.0
2025-11-18T16:00,5.249999999999999,4.3
2025-11-18T17:00,5.527777777777778,3.5
2025-11-18T18:00,5.388888888888888,3.0
2025-11-18T19:00,5.166666666666667,2.5
2025-11-18T20:00,5.111111111111111,2.6
2025-11-18T21:00,4.888888888888889,2.2
2025-11-18T22:00,4.222222222222222,2.2
2025-11-18T23:00,4.222222222222222,2.0
2025-11-19T00:00,4.638888888888888,1.8
2025-11-19T01:00,5.194444444444444,1.9
2025-11-19T02:00,5.638888888888889,2.2
2025-11-19T03:00,5.416666666666667,2.5
2025-11-19T04:00,5.055555555555555,2.5
2025-11-19T05:00,5.138888888888888,2.2
2025-11-19T06:00,5.611111111111111,2.0
2025-11-19T07:00,5.388888888888888,1.9
2025-11-19T08:00,5.305555555555556,1.2
2025-11-19T09:00,5.694444444444445,1.3
2025-11-19T10:00,5.388888888888888,1.1
2025-11-19T11:00,4.472222222222222,1.2
2025-11-19T12:00,4.277777777777778,1.8
2025-11-19T13:00,3.944444444444444,2.3
2025-11-19T14:00,4.638888888888888,1.9
2025-11-19T15:00,4.777777777777778,1.9
2025-11-19T16:00,4.777777777777778,1.4
2025-11-19T17:00,5.333333333333333,0.4
2025-11-19T18:00,5.861111111111112,-0.2
2025-11-19T19:00,6.194444444444445,-0.6
2025-11-19T20:00,6.555555555555555,-0.9
2025-11-19T21:00,7.333333333333333,-1.1
2025-11-19T22:00,7.0,-1.3
2025-11-19T23:00,6.666666666666666,-1.2
2025-11-20T00:00,7.25,-0.9
2025-11-20T01:00,7.361111111111111,-0.6
2025-11-20T02:00,6.944444444444445,-0.6
2025-11-20T03:00,7.638888888888888,-1.1
2025-11-20T04:00,7.666666666666667,-1.0
2025-11-20T05:00,8.027777777777777,-1.2
2025-11-20T06:00,8.055555555555555,-1.0
2025-11-20T07:00,8.027777777777777,-0.9
2025-11-20T08:00,7.777777777777778,-0.9
2025-11-20T09:00,7.944444444444445,-1.1
2025-11-20T10:00,7.694444444444444,-0.9
2025-11-20T11:00,8.083333333333334,0.1
2025-11-20T12:00,7.472222222222221,0.6
2025-11-20T13:00,8.61111111111111,0.9
2025-11-20T14:00,8.166666666666666,1.1
2025-11-20T15:00,7.277777777777778,1.0
2025-11-20T16:00,6.388888888888888,0.5
2025-11-20T17:00,6.388888888888888,-0.3
2025-11-20T18:00,6.361111111111111,-0.6
2025-11-20T19:00,5.916666666666667,-0.9
2025-11-20T20:00,6.75,-0.6
2025-11-20T21:00,6.416666666666667,-0.4
2025-11-20T22:00,6.333333333333333,-0.6
2025-11-20T23:00,6.222222222222221,-0.9
2025-11-21T00:00,6.166666666666666,-0.9
2025-11-21T01:00,5.944444444444444,-0.8
2025-11-21T02:00,6.083333333333333,-0.6
2025-11-21T03:00,5.805555555555555,-0.9
2025-11-21T04:00,5.638888888888889,-0.9
2025-11-21T05:00,6.083333333333333,-0.8
2025-11-21T06:00,5.527777777777778,-1.1
2025-11-21T07:00,4.666666666666667,-1.4
2025-11-21T08:00,2.972222222222222,-2.2
2025-11-21T09:00,2.9166666666666665,-2.5
2025-11-21T10:00,2.0,-2.0
2025-11-21T11:00,2.305555555555556,-0.6
2025-11-21T12:00,4.111111111111112,0.6
2025-11-21T13:00,4.472222222222222,1.8
2025-11-21T14:00,5.5,2.5
2025-11-21T15:00,5.111111111111111,2.6
2025-11-21T16:00,5.638888888888889,1.7
2025-11-21T17:00,6.527777777777778,0.4
2025-11-21T18:00,7.472222222222221,-0.2
2025-11-21T19:00,7.611111111111111,-0.4
2025-11-21T20:00,7.416666666666666,-0.2
2025-11-21T21:00,7.611111111111111,-0.2
2025-11-21T22:00,7.861111111111111,-0.1
2025-11-21T23:00,7.916666666666666,0.1
2025-11-22T00:00,8.194444444444445,0.3
2025-11-22T01:00,8.444444444444445,0.7
2025-11-22T02:00,8.75,0.5
2025-11-22T03:00,9.277777777777777,0.4
2025-11-22T04:00,9.583333333333334,0.9
2025-11-22T05:00,9.833333333333332,1.5
2025-11-22T06:00,9.583333333333334,2.2
2025-11-22T07:00,9.333333333333334,2.5
2025-11-22T08:00,9.722222222222221,2.0
2025-11-22T09:00,10.13888888888889,2.0
2025-11-22T10:00,10.499999999999998,2.7
2025-11-22T11:00,10.388888888888888,3.5
2025-11-22T12:00,9.944444444444443,4.0
2025-11-22T13:00,9.666666666666666,4.6
2025-11-22T14:00,9.333333333333334,5.1
2025-11-22T15:00,9.805555555555555,5.6
2025-11-22T16:00,9.61111111111111,5.2
2025-11-22T17:00,9.86111111111111,4.8
2025-11-22T18:00,9.88888888888889,4.3
2025-11-22T19:00,9.75,4.0
2025-11-22T20:00,11.13888888888889,3.5
2025-11-22T21:00,11.61111111111111,3.9
2025-11-22T22:00,11.055555555555555,4.2
2025-11-22T23:00,11.5,4.6
2025-11-23T00:00,12.11111111111111,4.6
2025-11-23T01:00,12.527777777777779,4.1
2025-11-23T02:00,12.166666666666666,4.1
2025-11-23T03:00,11.472222222222221,3.8
2025-11-23T04:00,10.833333333333334,3.2
2025-11-23T05:00,11.11111111111111,3.0
2025-11-23T06:00,9.583333333333334,2.8
2025-11-23T07:00,9.555555555555555,2.7
2025-11-23T08:00,9.63888888888889,2.4
2025-11-23T09:00,9.916666666666668,2.2
2025-11-23T10:00,9.444444444444445,2.0
2025-11-23T11:00,9.166666666666666,2.2
2025-11-23T12:00,9.305555555555555,2.4
2025-11-23T13:00,8.11111111111111,2.1
2025-11-23T14:00,7.055555555555555,2.2
2025-11-23T15:00,9.5,2.0
2025-11-23T16:00,9.444444444444445,1.9
2025-11-23T17:00,9.11111111111111,1.6
2025-11-23T18:00,9.63888888888889,1.8
2025-11-23T19:00,9.527777777777777,2.2
2025-11-23T20:00,9.777777777777779,2.8
2025-11-23T21:00,9.722222222222221,2.8
2025-11-23T22:00,9.361111111111112,2.6
2025-11-23T23:00,9.333333333333334,2.5
2025-11-24T00:00,9.194444444444445,2.5
2025-11-24T01:00,9.333333333333334,2.2
2025-11-24T02:00,9.166666666666666,2.3
2025-11-24T03:00,9.0,2.2
2025-11-24T04:00,9.361111111111112,2.3
2025-11-24T05:00,9.194444444444445,2.5
2025-11-24T06:00,9.11111111111111,2.5
2025-11-24T07:00,8.666666666666666,2.5
2025-11-24T08:00,8.194444444444445,2.3
2025-11-24T09:00,8.472222222222221,2.2
2025-11-24T10:00,8.472222222222221,2.5
2025-11-24T11:00,8.13888888888889,2.7
2025-11-24T12:00,8.277777777777779,2.9
2025-11-24T13:00,8.38888888888889,3.0
2025-11-24T14:00,8.194444444444445,2.7
2025-11-24T15:00,8.36111111111111,2.5
2025-11-24T16:00,7.916666666666666,2.0
2025-11-24T17:00,8.472222222222221,1.7
2025-11-24T18:00,8.944444444444445,1.5
2025-11-24T19:00,8.916666666666666,1.2
2025-11-24T20:00,9.083333333333334,1.2
2025-11-24T21:00,9.0,1.7
2025-11-24T22:00,8.88888888888889,1.8
2025-11-24T23:00,8.277777777777779,1.8
2025-11-25T00:00,7.972222222222221,1.8
2025-11-25T01:00,7.972222222222221,1.9
2025-11-25T02:00,7.666666666666667,2.0
2025-11-25T03:00,7.638888888888888,2.0
2025-11-25T04:00,7.666666666666667,2.0
2025-11-25T05:00,7.555555555555555,2.0
2025-11-25T06:00,7.777777777777778,1.9
2025-11-25T07:00,7.694444444444444,1.8
2025-11-25T08:00,7.361111111111111,1.7
2025-11-25T09:00,7.166666666666667,1.7
2025-11-25T10:00,7.083333333333333,1.8
2025-11-25T11:00,7.083333333333333,2.1
2025-11-25T12:00,6.888888888888889,2.8
2025-11-25T13:00,7.166666666666667,3.2
2025-11-25T14:00,6.111111111111111,3.2
2025-11-25T15:00,5.861111111111112,3.0
2025-11-25T16:00,5.527777777777778,3.0
2025-11-25T17:00,5.472222222222222,2.7
2025-11-25T18:00,5.527777777777778,2.5
2025-11-25T19:00,5.805555555555555,2.2
2025-11-25T20:00,6.055555555555555,2.4
2025-11-25T21:00,6.333333333333333,2.0
2025-11-25T22:00,6.166666666666666,1.9
2025-11-25T23:00,6.083333333333333,1.8
2025-11-26T00:00,5.944444444444444,1.5
2025-11-26T01:00,5.805555555555555,1.3
2025-11-26T02:00,5.083333333333333,0.8
2025-11-26T03:00,4.527777777777778,0.3
2025-11-26T04:00,4.111111111111112,-0.1
2025-11-26T05:00,3.8055555555555554,-0.4
2025-11-26T06:00,3.0,-1.4
2025-11-26T07:00,2.5277777777777777,-1.5
2025-11-26T08:00,1.3055555555555556,-1.9
2025-11-26T09:00,0.4722222222222222,-2.5
2025-11-26T10:00,0.5,-2.8
2025-11-26T11:00,0.5833333333333334,-2.4
2025-11-26T12:00,0.19444444444444442,-1.4
2025-11-26T13:00,0.7222222222222222,-0.7
2025-11-26T14:00,2.111111111111111,0.1
2025-11-26T15:00,2.9166666666666665,0.2
2025-11-26T16:00,2.6666666666666665,-0.6
2025-11-26T17:00,2.7777777777777777,-1.4
2025-11-26T18:00,3.138888888888889,-1.5
2025-11-26T19:00,4.0,-2.0
2025-11-26T20:00,4.944444444444445,-1.8
2025-11-26T21:00,6.194444444444445,-2.2
2025-11-26T22:00,7.916666666666666,-2.5
2025-11-26T23:00,7.972222222222221,-2.3
2025-11-27T00:00,8.5,-2.0
2025-11-27T01:00,8.222222222222223,-1.7
2025-11-27T02:00,10.0,-1.0
2025-11-27T03:00,9.972222222222221,0.0
2025-11-27T04:00,9.555555555555555,0.8
2025-11-27T05:00,9.694444444444445,1.1
2025-11-27T06:00,10.444444444444445,1.9
2025-11-27T07:00,11.194444444444443,2.5
2025-11-27T08:00,11.916666666666666,3.2
2025-11-27T09:00,12.722222222222221,3.7
2025-11-27T10:00,13.555555555555554,3.9
2025-11-27T11:00,13.63888888888889,3.8
2025-11-27T12:00,14.11111111111111,4.1
2025-11-27T13:00,14.388888888888888,4.4
2025-11-27T14:00,14.36111111111111,5.2
2025-11-27T15:00,13.416666666666666,5.8
2025-11-27T16:00,12.666666666666666,6.7
2025-11-27T17:00,12.027777777777777,7.7
2025-11-27T18:00,11.222222222222221,8.4
2025-11-27T19:00,10.75,8.8
2025-11-27T20:00,10.86111111111111,8.8
2025-11-27T21:00,11.333333333333332,9.1
2025-11-27T22:00,11.916666666666666,9.3
2025-11-27T23:00,12.5,9.6
2025-11-28T00:00,13.194444444444445,9.8
2025-11-28T01:00,12.888888888888888,9.8
2025-11-28T02:00,12.916666666666666,9.7
2025-11-28T03:00,12.472222222222221,10.1
2025-11-28T04:00,12.027777777777777,10.1
2025-11-28T05:00,11.61111111111111,10.2
2025-11-28T06:00,11.444444444444445,10.2
2025-11-28T07:00,10.75,10.4
2025-11-28T08:00,10.555555555555555,9.7
2025-11-28T09:00,10.25,9.0
2025-11-28T10:00,9.805555555555555,8.4
2025-11-28T11:00,10.416666666666666,8.9
2025-11-28T12:00,10.805555555555555,9.4
2025-11-28T13:00,10.694444444444445,9.9
2025-11-28T14:00,10.222222222222221,9.8
2025-11-28T15:00,10.13888888888889,9.7
2025-11-28T16:00,10.333333333333334,9.2
2025-11-28T17:00,10.666666666666666,8.7
2025-11-28T18:00,10.722222222222223,8.3
2025-11-28T19:00,10.611111111111112,7.9
2025-11-28T20:00,10.86111111111111,8.1
2025-11-28T21:00,11.305555555555555,7.8
2025-11-28T22:00,11.777777777777777,7.8
2025-11-28T23:00,12.916666666666666,7.8
2025-11-29T00:00,13.027777777777777,8.1
2025-11-29T01:00,12.36111111111111,7.9
2025-11-29T02:00,11.972222222222223,7.8
2025-11-29T03:00,12.083333333333332,7.1
2025-11-29T04:00,12.444444444444443,7.2
2025-11-29T05:00,12.666666666666666,7.4
2025-11-29T06:00,12.5,7.5
2025-11-29T07:00,12.416666666666668,7.7
2025-11-29T08:00,12.305555555555554,7.5
2025-11-29T09:00,11.972222222222223,7.3
2025-11-29T10:00,11.38888888888889,7.1
2025-11-29T11:00,11.277777777777779,7.5
2025-11-29T12:00,10.388888888888888,8.1
2025-11-29T13:00,9.916666666666668,8.7
2025-11-29T14:00,8.944444444444445,8.7
2025-11-29T15:00,8.166666666666666,8.7
2025-11-29T16:00,7.305555555555555,8.4
2025-11-29T17:00,6.388888888888888,8.1
2025-11-29T18:00,5.75,7.3
2025-11-29T19:00,7.583333333333333,7.3
2025-11-29T20:00,8.416666666666666,7.4
2025-11-29T21:00,8.166666666666666,7.5
2025-11-29T22:00,8.027777777777777,7.7
2025-11-29T23:00,7.444444444444445,7.8
2025-11-30T00:00,7.25,7.8
2025-11-30T01:00,7.388888888888889,7.8
2025-11-30T02:00,7.555555555555555,7.8
2025-11-30T03:00,7.416666666666666,7.6
2025-11-30T04:00,7.749999999999999,7.2
2025-11-30T05:00,8.166666666666666,7.1
2025-11-30T06:00,8.38888888888889,7.1
2025-11-30T07:00,9.61111111111111,6.8
2025-11-30T08:00,9.555555555555555,7.1
2025-11-30T09:00,9.416666666666666,7.2
2025-11-30T10:00,9.277777777777777,7.4
2025-11-30T11:00,9.305555555555555,7.6
2025-11-30T12:00,9.75,7.4
2025-11-30T13:00,10.055555555555555,7.6
2025-11-30T14:00,10.499999999999998,7.6
2025-11-30T15:00,10.86111111111111,7.5
2025-11-30T16:00,11.13888888888889,7.3
2025-11-30T17:00,12.583333333333332,6.8
2025-11-30T18:00,13.055555555555555,6.9
2025-11-30T19:00,13.555555555555554,6.9
2025-11-30T20:00,12.888888888888888,6.9
2025-11-30T21:00,12.472222222222221,6.8
2025-11-30T22:00,14.277777777777777,6.7
2025-11-30T23:00,14.388888888888888,6.5
2025-12-01T00:00,14.36111111111111,7.1
2025-12-01T01:00,13.027777777777777,6.9
2025-12-01T02:00,13.222222222222221,6.6
2025-12-01T03:00,12.36111111111111,6.7
2025-12-01T04:00,11.583333333333334,6.7
2025-12-01T05:00,11.333333333333332,6.3
2025-12-01T06:00,10.472222222222223,5.9
2025-12-01T07:00,9.63888888888889,5.9
2025-12-01T08:00,9.222222222222223,5.1
2025-12-01T09:00,8.055555555555555,4.2
2025-12-01T10:00,8.833333333333334,4.1
2025-12-01T11:00,7.638888888888888,4.6
2025-12-01T12:00,8.305555555555555,4.9
2025-12-01T13:00,10.611111111111112,5.4
2025-12-01T14:00,9.944444444444443,6.7
2025-12-01T15:00,9.944444444444443,6.8
2025-12-01T16:00,10.416666666666666,6.5
2025-12-01T17:00,10.499999999999998,6.3
2025-12-01T18:00,10.472222222222223,5.9
2025-12-01T19:00,11.36111111111111,5.7
2025-12-01T20:00,12.027777777777777,4.9
2025-12-01T21:00,12.25,5.2
2025-12-01T22:00,12.444444444444443,5.2
2025-12-01T23:00,12.63888888888889,5.3
2025-12-02T00:00,12.75,5.5
2025-12-02T01:00,12.805555555555555,5.6
2025-12-02T02:00,11.861111111111112,5.2
2025-12-02T03:00,11.444444444444445,5.2
2025-12-02T04:00,12.11111111111111,5.3
2025-12-02T05:00,12.0,5.5
2025-12-02T06:00,11.944444444444445,5.9
2025-12-02T07:00,12.0,5.9
2025-12-02T08:00,10.944444444444445,5.8
2025-12-02T09:00,11.055555555555555,5.4
2025-12-02T10:00,10.916666666666666,5.2
2025-12-02T11:00,10.75,5.9
2025-12-02T12:00,10.638888888888888,6.4
2025-12-02T13:00,9.694444444444445,6.7
2025-12-02T14:00,9.027777777777777,6.2
2025-12-02T15:00,8.833333333333334,5.6
2025-12-02T16:00,8.527777777777777,5.1
2025-12-02T17:00,8.5,4.8
2025-12-02T18:00,7.777777777777778,4.8
2025-12-02T19:00,7.527777777777778,4.9
2025-12-02T20:00,7.25,5.1
2025-12-02T21:00,6.75,5.1
2025-12-02T22:00,6.75,5.1
2025-12-02T23:00,6.694444444444445,4.8
2025-12-03T00:00,6.499999999999999,4.9
2025-12-03T01:00,6.138888888888889,5.1
2025-12-03T02:00,5.694444444444445,5.2
2025-12-03T03:00,5.416666666666667,4.8
2025-12-03T04:00,5.333333333333333,4.6
2025-12-03T05:00,5.055555555555555,4.5
2025-12-03T06:00,4.472222222222222,4.8
2025-12-03T07:00,4.083333333333333,5.0
2025-12-03T08:00,4.75,5.2
2025-12-03T09:00,5.055555555555555,5.1
2025-12-03T10:00,5.666666666666666,4.9
2025-12-03T11:00,5.666666666666666,5.6
2025-12-03T12:00,5.388888888888888,6.1
2025-12-03T13:00,4.861111111111111,6.3
2025-12-03T14:00,4.333333333333333,6.6
2025-12-03T15:00,3.7777777777777777,6.7
2025-12-03T16:00,4.166666666666667,6.4
2025-12-03T17:00,4.416666666666667,5.9
2025-12-03T18:00,5.138888888888888,5.6
2025-12-03T19:00,5.361111111111112,5.6
2025-12-03T20:00,5.611111111111111,5.7
2025-12-03T21:00,5.305555555555556,5.7
2025-12-03T22:00,5.027777777777778,5.6
2025-12-03T23:00,5.083333333333333,5.6
2025-12-04T00:00,4.777777777777778,5.4
2025-12-04T01:00,4.722222222222222,5.4
2025-12-04T02:00,4.944444444444445,5.6
2025-12-04T03:00,4.527777777777778,5.6
2025-12-04T04:00,4.388888888888889,5.6
2025-12-04T05:00,4.444444444444445,5.5
2025-12-04T06:00,4.611111111111112,5.4
2025-12-04T07:00,4.638888888888888,5.3
2025-12-04T08:00,4.777777777777778,5.6
2025-12-04T09:00,4.583333333333333,5.7
2025-12-04T10:00,4.638888888888888,5.8
2025-12-04T11:00,4.75,5.7
2025-12-04T12:00,4.083333333333333,5.8
2025-12-04T13:00,3.944444444444444,6.2
2025-12-04T14:00,4.388888888888889,6.3
2025-12-04T15:00,4.583333333333333,6.4
2025-12-04T16:00,4.5,6.3
2025-12-04T17:00,5.027777777777778,5.9
2025-12-04T18:00,5.249999999999999,5.8
2025-12-04T19:00,5.444444444444445,5.7
2025-12-04T20:00,5.75,5.8
2025-12-04T21:00,5.972222222222222,5.8
2025-12-04T22:00,6.277777777777778,5.7
2025-12-04T23:00,6.0,5.6
2025-12-05T00:00,5.944444444444444,5.4
2025-12-05T01:00,6.166666666666666,5.3
2025-12-05T02:00,6.305555555555555,5.7
2025-12-05T03:00,6.722222222222221,5.4
2025-12-05T04:00,6.833333333333334,5.1
2025-12-05T05:00,7.333333333333333,4.8
2025-12-05T06:00,7.472222222222221,5.2
2025-12-05T07:00,7.722222222222222,5.2
2025-12-05T08:00,6.944444444444445,5.2
2025-12-05T09:00,6.916666666666666,5.4
2025-12-05T10:00,6.833333333333334,5.4
2025-12-05T11:00,6.583333333333333,5.3
2025-12-05T12:00,6.833333333333334,5.3
2025-12-05T13:00,6.833333333333334,5.4
2025-12-05T14:00,6.194444444444445,5.3
2025-12-05T15:00,6.0,5.2
2025-12-05T16:00,5.222222222222222,5.2
2025-12-05T17:00,5.722222222222222,5.1
2025-12-05T18:00,6.611111111111111,5.2
2025-12-05T19:00,6.361111111111111,5.2
2025-12-05T20:00,6.222222222222221,5.4
2025-12-05T21:00,6.555555555555555,5.4
2025-12-05T22:00,6.388888888888888,5.4
2025-12-05T23:00,5.638888888888889,5.4
2025-12-06T00:00,5.0,5.4
2025-12-06T01:00,3.9722222222222223,5.3
2025-12-06T02:00,4.055555555555555,5.3
2025-12-06T03:00,3.5277777777777777,5.4
2025-12-06T04:00,3.5,5.3
2025-12-06T05:00,3.7777777777777777,5.2
2025-12-06T06:00,3.861111111111111,5.1
2025-12-06T07:00,4.472222222222222,5.1
2025-12-06T08:00,4.305555555555555,5.2
2025-12-06T09:00,6.388888888888888,4.7
2025-12-06T10:00,7.277777777777778,3.2
2025-12-06T11:00,7.25,4.0
2025-12-06T12:00,7.472222222222221,4.8
2025-12-06T13:00,7.444444444444445,5.2
2025-12-06T14:00,7.361111111111111,5.3
2025-12-06T15:00,7.027777777777778,5.4
2025-12-06T16:00,7.611111111111111,5.1
2025-12-06T17:00,8.13888888888889,5.1
2025-12-06T18:00,8.5,5.1
2025-12-06T19:00,8.555555555555555,5.1
2025-12-06T20:00,9.166666666666666,5.1
2025-12-06T21:00,7.972222222222221,4.6
2025-12-06T22:00,8.25,4.6
2025-12-06T23:00,8.0,4.5
2025-12-07T00:00,8.083333333333334,4.7
2025-12-07T01:00,7.972222222222221,4.9
2025-12-07T02:00,8.36111111111111,4.9
2025-12-07T03:00,8.555555555555555,5.1
2025-12-07T04:00,8.277777777777779,5.2
2025-12-07T05:00,7.833333333333333,5.3
2025-12-07T06:00,7.555555555555555,5.4
2025-12-07T07:00,7.555555555555555,5.5
2025-12-07T08:00,7.944444444444445,5.8
2025-12-07T09:00,7.749999999999999,5.8
2025-12-07T10:00,7.916666666666666,6.1
2025-12-07T11:00,7.638888888888888,6.3
2025-12-07T12:00,7.027777777777778,6.5
2025-12-07T13:00,6.138888888888889,6.9
2025-12-07T14:00,6.666666666666666,7.2
2025-12-07T15:00,5.777777777777778,7.3
2025-12-07T16:00,6.694444444444445,7.1
2025-12-07T17:00,6.388888888888888,7.1
2025-12-07T18:00,6.138888888888889,7.3
2025-12-07T19:00,6.555555555555555,7.3
2025-12-07T20:00,7.138888888888888,7.1
2025-12-07T21:00,7.722222222222222,6.8
2025-12-07T22:00,7.638888888888888,6.8
2025-12-07T23:00,7.749999999999999,6.8
2025-12-08T00:00,7.305555555555555,6.8
2025-12-08T01:00,8.86111111111111,6.8
2025-12-08T02:00,9.583333333333334,7.1
2025-12-08T03:00,11.13888888888889,7.4
2025-12-08T04:00,11.638888888888888,7.5
2025-12-08T05:00,12.694444444444445,7.6
2025-12-08T06:00,13.36111111111111,7.4
2025-12-08T07:00,11.888888888888888,8.1
2025-12-08T08:00,12.027777777777777,8.8
2025-12-08T09:00,14.333333333333334,9.2
2025-12-08T10:00,18.277777777777775,9.1
2025-12-08T11:00,19.944444444444443,9.7
2025-12-08T12:00,20.22222222222222,9.7
2025-12-08T13:00,19.77777777777778,9.8
2025-12-08T14:00,18.0,9.7
2025-12-08T15:00,16.52777777777778,9.8
2025-12-08T16:00,14.5,9.4
2025-12-08T17:00,12.916666666666666,9.1
2025-12-08T18:00,11.527777777777777,8.9
2025-12-08T19:00,10.055555555555555,8.4
2025-12-08T20:00,11.027777777777779,8.6
2025-12-08T21:00,10.86111111111111,8.5
2025-12-08T22:00,10.694444444444445,8.1
2025-12-08T23:00,11.25,8.4
2025-12-09T00:00,11.861111111111112,8.3
2025-12-09T01:00,12.13888888888889,8.2
2025-12-09T02:00,11.527777777777777,8.4
2025-12-09T03:00,11.194444444444443,8.4
2025-12-09T04:00,10.555555555555555,8.4
2025-12-09T05:00,10.11111111111111,8.2
2025-12-09T06:00,9.416666666666666,8.0
2025-12-09T07:00,9.249999999999998,7.9
2025-12-09T08:00,8.722222222222221,7.8
2025-12-09T09:00,8.194444444444445,7.6
2025-12-09T10:00,7.888888888888888,7.4
2025-12-09T11:00,7.25,7.6
2025-12-09T12:00,6.694444444444445,7.9
2025-12-09T13:00,6.166666666666666,8.3
2025-12-09T14:00,4.611111111111112,8.1
2025-12-09T15:00,4.055555555555555,8.4
2025-12-09T16:00,4.638888888888888,8.6
2025-12-09T17:00,5.666666666666666,8.9
2025-12-09T18:00,6.194444444444445,8.8
2025-12-09T19:00,7.25,8.9
2025-12-09T20:00,7.416666666666666,9.1
2025-12-09T21:00,7.666666666666667,9.1
2025-12-09T22:00,8.333333333333334,9.6
2025-12-09T23:00,9.083333333333334,10.0
2025-12-10T00:00,8.944444444444445,10.3
2025-12-10T01:00,9.194444444444445,10.5
2025-12-10T02:00,10.166666666666666,10.5
2025-12-10T03:00,10.88888888888889,10.5
2025-12-10T04:00,11.13888888888889,10.8
2025-12-10T05:00,11.222222222222221,11.1
2025-12-10T06:00,11.166666666666668,11.3
2025-12-10T07:00,11.13888888888889,10.9
2025-12-10T08:00,10.722222222222223,10.2
2025-12-10T09:00,10.444444444444445,9.4
2025-12-10T10:00,10.472222222222223,9.1
2025-12-10T11:00,10.305555555555555,9.3
2025-12-10T12:00,10.25,9.8
2025-12-10T13:00,10.499999999999998,10.4
2025-12-10T14:00,10.25,10.2
2025-12-10T15:00,10.055555555555555,10.1
2025-12-10T16:00,9.833333333333332,9.8
2025-12-10T17:00,10.194444444444445,9.8
2025-12-10T18:00,10.11111111111111,9.1
2025-12-10T19:00,10.444444444444445,9.2
2025-12-10T20:00,11.416666666666666,9.3
2025-12-10T21:00,12.277777777777779,8.6
2025-12-10T22:00,12.055555555555555,8.0
2025-12-10T23:00,12.305555555555554,8.0
2025-12-11T00:00,11.833333333333334,7.9
2025-12-11T01:00,13.61111111111111,7.8
2025-12-11T02:00,11.527777777777777,8.9
2025-12-11T03:00,11.861111111111112,8.9
2025-12-11T04:00,11.444444444444445,8.1
2025-12-11T05:00,11.833333333333334,8.2
2025-12-11T06:00,11.861111111111112,8.5
2025-12-11T07:00,12.888888888888888,9.1
2025-12-11T08:00,11.472222222222221,8.9
2025-12-11T09:00,12.305555555555554,9.1
2025-12-11T10:00,12.055555555555555,9.2
2025-12-11T11:00,11.333333333333332,9.3
2025-12-11T12:00,11.5,9.5
2025-12-11T13:00,11.555555555555555,9.6
2025-12-11T14:00,11.861111111111112,9.8
2025-12-11T15:00,11.416666666666666,9.5
2025-12-11T16:00,11.527777777777777,9.5
2025-12-11T17:00,11.666666666666666,9.2
2025-12-11T18:00,11.5,9.0
2025-12-11T19:00,10.583333333333334,8.8
2025-12-11T20:00,9.055555555555555,8.6
2025-12-11T21:00,9.444444444444445,8.4
2025-12-11T22:00,10.222222222222221,8.2
2025-12-11T23:00,9.88888888888889,8.3
2025-12-12T00:00,9.722222222222221,8.1
2025-12-12T01:00,9.86111111111111,8.0
2025-12-12T02:00,9.194444444444445,7.8
2025-12-12T03:00,8.555555555555555,7.8
2025-12-12T04:00,7.888888888888888,7.4
2025-12-12T05:00,7.749999999999999,7.0
2025-12-12T06:00,7.472222222222221,6.8
2025-12-12T07:00,6.944444444444445,6.8
2025-12-12T08:00,6.527777777777778,7.3
2025-12-12T09:00,6.111111111111111,7.8
2025-12-12T10:00,6.111111111111111,8.0
2025-12-12T11:00,6.305555555555555,8.2
2025-12-12T12:00,5.777777777777778,8.4
2025-12-12T13:00,5.75,8.8
2025-12-12T14:00,4.777777777777778,8.6
2025-12-12T15:00,4.472222222222222,8.4
2025-12-12T16:00,4.722222222222222,8.1
2025-12-12T17:00,5.222222222222222,7.8
2025-12-12T18:00,4.305555555555555,7.4
2025-12-12T19:00,4.777777777777778,7.1
2025-12-12T20:00,5.75,6.8
2025-12-12T21:00,6.305555555555555,6.4
2025-12-12T22:00,5.527777777777778,6.1
2025-12-12T23:00,5.75,6.0
2025-12-13T00:00,4.888888888888889,5.8
2025-12-13T01:00,4.861111111111111,5.4
2025-12-13T02:00,4.944444444444445,5.7
2025-12-13T03:00,4.666666666666667,5.6
2025-12-13T04:00,5.361111111111112,5.6
2025-12-13T05:00,5.777777777777778,5.6
2025-12-13T06:00,6.083333333333333,5.6
2025-12-13T07:00,6.472222222222222,5.8
2025-12-13T08:00,7.055555555555555,5.9
2025-12-13T09:00,8.36111111111111,6.4
2025-12-13T10:00,9.194444444444445,7.2
2025-12-13T11:00,8.555555555555555,7.8
2025-12-13T12:00,8.444444444444445,7.9
2025-12-13T13:00,9.055555555555555,7.9
2025-12-13T14:00,8.305555555555555,8.1
2025-12-13T15:00,7.611111111111111,8.0
2025-12-13T16:00,8.13888888888889,7.5
2025-12-13T17:00,8.305555555555555,6.9
2025-12-13T18:00,8.5,6.7
2025-12-13T19:00,8.694444444444445,6.5
2025-12-13T20:00,8.666666666666666,6.0
2025-12-13T21:00,9.388888888888888,5.7
2025-12-13T22:00,9.444444444444445,5.6
2025-12-13T23:00,9.555555555555555,5.4
2025-12-14T00:00,10.0,5.7
2025-12-14T01:00,10.444444444444445,6.2
2025-12-14T02:00,10.611111111111112,6.8
2025-12-14T03:00,11.027777777777779,7.3
2025-12-14T04:00,11.222222222222221,7.8
2025-12-14T05:00,11.083333333333332,8.1
2025-12-14T06:00,11.055555555555555,8.4
2025-12-14T07:00,11.277777777777779,8.6
2025-12-14T08:00,11.833333333333334,8.9
2025-12-14T09:00,12.027777777777777,9.2
2025-12-14T10:00,12.055555555555555,9.3
2025-12-14T11:00,12.277777777777779,9.4
2025-12-14T12:00,12.916666666666666,9.1
2025-12-14T13:00,12.527777777777779,9.1
2025-12-14T14:00,11.972222222222223,8.8
2025-12-14T15:00,11.36111111111111,8.9
2025-12-14T16:00,11.25,8.9
2025-12-14T17:00,11.38888888888889,8.9
2025-12-14T18:00,10.972222222222221,8.9
2025-12-14T19:00,10.86111111111111,8.9
2025-12-14T20:00,10.527777777777777,8.8
2025-12-14T21:00,11.472222222222221,8.6
2025-12-14T22:00,12.055555555555555,8.4
2025-12-14T23:00,12.555555555555555,8.5
2025-12-15T00:00,12.833333333333334,8.6
2025-12-15T01:00,12.694444444444445,8.6
2025-12-15T02:00,12.61111111111111,8.4
2025-12-15T03:00,12.333333333333332,8.2
2025-12-15T04:00,12.083333333333332,8.1
2025-12-15T05:00,11.749999999999998,7.9
2025-12-15T06:00,11.583333333333334,7.8
2025-12-15T07:00,11.277777777777779,7.9
2025-12-15T08:00,11.555555555555555,8.1
2025-12-15T09:00,11.527777777777777,8.2
2025-12-15T10:00,11.194444444444443,8.6
2025-12-15T11:00,11.13888888888889,8.9
2025-12-15T12:00,10.86111111111111,9.3
2025-12-15T13:00,10.916666666666666,9.2
2025-12-15T14:00,10.194444444444445,9.0
2025-12-15T15:00,10.333333333333334,8.9
2025-12-15T16:00,10.222222222222221,8.8
2025-12-15T17:00,9.5,8.2
2025-12-15T18:00,8.63888888888889,7.8
2025-12-15T19:00,8.75,7.4
2025-12-15T20:00,8.25,7.4
2025-12-15T21:00,8.583333333333332,7.1
2025-12-15T22:00,8.194444444444445,6.9
2025-12-15T23:00,8.194444444444445,6.9
2025-12-16T00:00,8.083333333333334,6.6
2025-12-16T01:00,8.277777777777779,5.9
2025-12-16T02:00,7.749999999999999,6.1
2025-12-16T03:00,7.916666666666666,5.5
2025-12-16T04:00,7.638888888888888,5.4
2025-12-16T05:00,7.222222222222222,6.2
2025-12-16T06:00,7.222222222222222,6.6
2025-12-16T07:00,7.25,6.8
2025-12-16T08:00,7.166666666666667,7.2
2025-12-16T09:00,7.0,7.2
2025-12-16T10:00,6.916666666666666,7.1
2025-12-16T11:00,6.777777777777777,7.1
2025-12-16T12:00,6.833333333333334,7.3
2025-12-16T13:00,6.944444444444445,7.6
2025-12-16T14:00,6.75,8.0
2025-12-16T15:00,5.638888888888889,7.8
2025-12-16T16:00,5.527777777777778,7.3
2025-12-16T17:00,6.833333333333334,6.8
2025-12-16T18:00,7.472222222222221,6.4
2025-12-16T19:00,7.472222222222221,6.2
2025-12-16T20:00,8.055555555555555,6.7
2025-12-16T21:00,7.805555555555555,6.9
2025-12-16T22:00,8.305555555555555,6.6
2025-12-16T23:00,8.444444444444445,6.3
2025-12-17T00:00,8.277777777777779,6.1
2025-12-17T01:00,8.333333333333334,6.3
2025-12-17T02:00,8.666666666666666,6.8
2025-12-17T03:00,8.527777777777777,7.4
2025-12-17T04:00,8.694444444444445,7.8
2025-12-17T05:00,8.305555555555555,8.1
2025-12-17T06:00,6.083333333333333,7.9
2025-12-17T07:00,5.138888888888888,7.4
2025-12-17T08:00,4.666666666666667,6.8
2025-12-17T09:00,4.333333333333333,6.2
2025-12-17T10:00,4.555555555555555,5.7
2025-12-17T11:00,4.916666666666666,5.2
2025-12-17T12:00,5.083333333333333,5.8
2025-12-17T13:00,4.555555555555555,6.3
2025-12-17T14:00,4.333333333333333,6.6
2025-12-17T15:00,4.388888888888889,6.2
2025-12-17T16:00,4.472222222222222,5.6
2025-12-17T17:00,4.611111111111112,4.6
2025-12-17T18:00,5.138888888888888,4.4
2025-12-17T19:00,5.777777777777778,4.1
2025-12-17T20:00,6.166666666666666,3.8
2025-12-17T21:00,6.25,3.5
2025-12-17T22:00,6.388888888888888,4.2
2025-12-17T23:00,7.027777777777778,4.7
2025-12-18T00:00,7.194444444444444,4.8
2025-12-18T01:00,7.694444444444444,4.4
2025-12-18T02:00,8.61111111111111,5.0
2025-12-18T03:00,9.194444444444445,5.2
2025-12-18T04:00,9.472222222222223,5.7
2025-12-18T05:00,10.416666666666666,6.1
2025-12-18T06:00,10.777777777777777,6.2
2025-12-18T07:00,11.36111111111111,6.2
2025-12-18T08:00,11.444444444444445,6.6
2025-12-18T09:00,11.638888888888888,6.8
2025-12-18T10:00,11.944444444444445,7.2
2025-12-18T11:00,12.555555555555555,7.2
2025-12-18T12:00,11.38888888888889,7.3
2025-12-18T13:00,11.333333333333332,7.9
2025-12-18T14:00,10.777777777777777,8.3
2025-12-18T15:00,10.027777777777779,8.6
2025-12-18T16:00,9.694444444444445,8.6
2025-12-18T17:00,8.63888888888889,8.6
2025-12-18T18:00,7.444444444444445,8.6
2025-12-18T19:00,6.666666666666666,8.3
2025-12-18T20:00,7.25,8.2
2025-12-18T21:00,8.027777777777777,8.1
2025-12-18T22:00,9.083333333333334,7.8
2025-12-18T23:00,10.333333333333334,7.5
2025-12-19T00:00,10.972222222222221,7.8
2025-12-19T01:00,11.555555555555555,8.1
2025-12-19T02:00,11.61111111111111,8.3
2025-12-19T03:00,11.777777777777777,8.9
2025-12-19T04:00,12.694444444444445,8.7
2025-12-19T05:00,13.444444444444443,9.1
2025-12-19T06:00,13.833333333333332,9.4
2025-12-19T07:00,13.88888888888889,9.8
2025-12-19T08:00,12.555555555555555,10.1
2025-12-19T09:00,11.749999999999998,10.2
2025-12-19T10:00,10.972222222222221,9.7
2025-12-19T11:00,9.916666666666668,9.4
2025-12-19T12:00,9.194444444444445,9.2
2025-12-19T13:00,8.5,9.3
2025-12-19T14:00,8.416666666666666,9.1
2025-12-19T15:00,8.416666666666666,8.8
2025-12-19T16:00,8.833333333333334,8.4
2025-12-19T17:00,9.416666666666666,7.8
2025-12-19T18:00,10.0,7.3
2025-12-19T19:00,10.166666666666666,7.1
2025-12-19T20:00,10.222222222222221,7.3
2025-12-19T21:00,10.25,7.4
2025-12-19T22:00,10.444444444444445,7.6
2025-12-19T23:00,10.638888888888888,7.5
2025-12-20T00:00,11.0,7.7
2025-12-20T01:00,11.083333333333332,7.7
2025-12-20T02:00,10.777777777777777,7.7
2025-12-20T03:00,10.527777777777777,7.3
2025-12-20T04:00,10.11111111111111,7.3
2025-12-20T05:00,10.11111111111111,7.1
2025-12-20T06:00,10.611111111111112,7.3
2025-12-20T07:00,10.805555555555555,7.2
2025-12-20T08:00,11.11111111111111,7.2
2025-12-20T09:00,10.36111111111111,7.1
2025-12-20T10:00,9.916666666666668,7.1
2025-12-20T11:00,9.0,7.0
2025-12-20T12:00,8.38888888888889,7.2
2025-12-20T13:00,8.11111111111111,7.6
2025-12-20T14:00,7.611111111111111,7.9
2025-12-20T15:00,7.25,7.8
2025-12-20T16:00,6.972222222222222,7.2
2025-12-20T17:00,6.527777777777778,6.3
2025-12-20T18:00,6.305555555555555,5.8
2025-12-20T19:00,5.944444444444444,5.2
2025-12-20T20:00,6.222222222222221,4.9
2025-12-20T21:00,6.027777777777778,4.4
2025-12-20T22:00,6.083333333333333,4.1
2025-12-20T23:00,5.916666666666667,3.9
2025-12-21T00:00,5.333333333333333,4.2
2025-12-21T01:00,4.805555555555555,3.8
2025-12-21T02:00,4.333333333333333,3.7
2025-12-21T03:00,4.277777777777778,3.1
2025-12-21T04:00,2.833333333333333,3.0
2025-12-21T05:00,1.5277777777777777,3.0
2025-12-21T06:00,1.3888888888888888,2.8
2025-12-21T07:00,1.472222222222222,2.7
2025-12-21T08:00,2.138888888888889,1.9
2025-12-21T09:00,2.833333333333333,1.7
2025-12-21T10:00,3.0555555555555554,2.2
2025-12-21T11:00,2.8055555555555554,2.8
2025-12-21T12:00,2.111111111111111,3.3
2025-12-21T13:00,2.5,4.0
2025-12-21T14:00,4.0,5.0
2025-12-21T15:00,4.583333333333333,5.3
2025-12-21T16:00,5.333333333333333,5.3
2025-12-21T17:00,5.666666666666666,5.1
2025-12-21T18:00,5.888888888888888,5.1
2025-12-21T19:00,5.972222222222222,5.3
2025-12-21T20:00,5.944444444444444,5.6
2025-12-21T21:00,6.222222222222221,5.6
2025-12-21T22:00,6.277777777777778,5.5
2025-12-21T23:00,6.166666666666666,5.3
2025-12-22T00:00,6.25,5.2
2025-12-22T01:00,6.444444444444444,5.3
2025-12-22T02:00,6.694444444444445,5.3
2025-12-22T03:00,6.638888888888888,5.2
2025-12-22T04:00,6.499999999999999,5.2
2025-12-22T05:00,6.499999999999999,4.9
2025-12-22T06:00,6.416666666666667,5.0
2025-12-22T07:00,6.361111111111111,5.1
2025-12-22T08:00,6.611111111111111,4.9
2025-12-22T09:00,6.916666666666666,4.7
2025-12-22T10:00,7.027777777777778,4.6
2025-12-22T11:00,6.611111111111111,4.8
2025-12-22T12:00,6.361111111111111,5.2
2025-12-22T13:00,6.361111111111111,5.3
2025-12-22T14:00,7.027777777777778,5.0
2025-12-22T15:00,6.805555555555555,4.8
2025-12-22T16:00,6.583333333333333,4.5
2025-12-22T17:00,6.861111111111111,4.1
2025-12-22T18:00,7.027777777777778,3.8
2025-12-22T19:00,6.777777777777777,3.8
2025-12-22T20:00,6.777777777777777,4.0
2025-12-22T21:00,6.888888888888889,3.8
2025-12-22T22:00,6.666666666666666,3.6
2025-12-22T23:00,6.611111111111111,3.3
2025-12-23T00:00,6.666666666666666,3.2
2025-12-23T01:00,6.416666666666667,3.1
2025-12-23T02:00,6.388888888888888,3.6
2025-12-23T03:00,6.499999999999999,3.3
2025-12-23T04:00,6.555555555555555,3.2
2025-12-23T05:00,6.722222222222221,2.8
2025-12-23T06:00,6.972222222222222,2.5
2025-12-23T07:00,7.305555555555555,2.2
2025-12-23T08:00,6.833333333333334,2.2
2025-12-23T09:00,7.222222222222222,1.9
2025-12-23T10:00,5.833333333333333,2.2
2025-12-23T11:00,6.166666666666666,2.7
2025-12-23T12:00,7.027777777777778,3.2
2025-12-23T13:00,7.5,3.3
2025-12-23T14:00,6.222222222222221,3.8
2025-12-23T15:00,6.833333333333334,3.7
2025-12-23T16:00,7.222222222222222,3.5
2025-12-23T17:00,6.916666666666666,3.0
2025-12-23T18:00,7.027777777777778,2.8
2025-12-23T19:00,7.194444444444444,2.6
2025-12-23T20:00,6.472222222222222,2.3
2025-12-23T21:00,6.138888888888889,2.2
2025-12-23T22:00,5.583333333333334,2.2
2025-12-23T23:00,4.861111111111111,2.0
2025-12-24T00:00,4.5,1.8
2025-12-24T01:00,4.638888888888888,1.6
2025-12-24T02:00,3.222222222222222,1.6
2025-12-24T03:00,3.2499999999999996,1.2
2025-12-24T04:00,3.9166666666666665,1.0
2025-12-24T05:00,4.583333333333333,0.9
2025-12-24T06:00,4.583333333333333,1.0
2025-12-24T07:00,4.833333333333333,0.8
2025-12-24T08:00,4.194444444444445,0.1
2025-12-24T09:00,3.8055555555555554,-0.3
2025-12-24T10:00,3.75,-0.1
2025-12-24T11:00,3.0555555555555554,0.6
2025-12-24T12:00,2.5,1.0
2025-12-24T13:00,1.8611111111111112,1.4
2025-12-24T14:00,0.75,1.8
2025-12-24T15:00,0.9444444444444444,1.8
2025-12-24T16:00,1.5,1.6
2025-12-24T17:00,1.1666666666666667,1.2
2025-12-24T18:00,0.5,1.1
2025-12-24T19:00,1.25,1.0
2025-12-24T20:00,1.3611111111111112,1.1
2025-12-24T21:00,1.611111111111111,1.0
2025-12-24T22:00,2.388888888888889,1.1
2025-12-24T23:00,3.222222222222222,0.9
2025-12-25T00:00,2.944444444444444,0.8
2025-12-25T01:00,2.972222222222222,0.9
2025-12-25T02:00,3.0555555555555554,1.0
2025-12-25T03:00,3.75,0.7
2025-12-25T04:00,3.9722222222222223,0.6
2025-12-25T05:00,4.166666666666667,0.8
2025-12-25T06:00,4.5,0.3
2025-12-25T07:00,5.249999999999999,0.3
2025-12-25T08:00,5.638888888888889,-0.3
2025-12-25T09:00,6.444444444444444,-0.7
2025-12-25T10:00,6.916666666666666,-1.0
2025-12-25T11:00,6.555555555555555,-0.9
2025-12-25T12:00,6.555555555555555,-0.3
2025-12-25T13:00,6.527777777777778,0.0
2025-12-25T14:00,5.361111111111112,0.3
2025-12-25T15:00,5.777777777777778,0.2
2025-12-25T16:00,6.305555555555555,-0.1
2025-12-25T17:00,6.972222222222222,-0.2
2025-12-25T18:00,7.083333333333333,0.3
2025-12-25T19:00,7.333333333333333,0.8
2025-12-25T20:00,7.222222222222222,0.9
2025-12-25T21:00,6.916666666666666,1.1
2025-12-25T22:00,6.75,1.2
2025-12-25T23:00,6.805555555555555,1.4
2025-12-26T00:00,7.361111111111111,1.8
2025-12-26T01:00,5.972222222222222,2.0
2025-12-26T02:00,7.083333333333333,1.7
2025-12-26T03:00,7.5,1.8
2025-12-26T04:00,6.388888888888888,1.5
2025-12-26T05:00,6.555555555555555,1.5
2025-12-26T06:00,6.305555555555555,1.4
2025-12-26T07:00,6.111111111111111,1.5
2025-12-26T08:00,5.916666666666667,1.5
2025-12-26T09:00,4.972222222222221,1.1
2025-12-26T10:00,4.5,1.2
2025-12-26T11:00,4.472222222222222,1.6
2025-12-26T12:00,4.388888888888889,2.0
2025-12-26T13:00,4.138888888888889,2.2
2025-12-26T14:00,4.444444444444445,2.8
2025-12-26T15:00,3.7222222222222223,3.0
2025-12-26T16:00,3.138888888888889,3.0
2025-12-26T17:00,3.2499999999999996,3.1
2025-12-26T18:00,4.25,3.4
2025-12-26T19:00,5.111111111111111,3.6
2025-12-26T20:00,5.694444444444445,3.2
2025-12-26T21:00,5.694444444444445,3.2
2025-12-26T22:00,5.888888888888888,3.3
2025-12-26T23:00,6.638888888888888,3.3
2025-12-27T00:00,7.333333333333333,3.5
2025-12-27T01:00,7.916666666666666,3.5
2025-12-27T02:00,8.38888888888889,4.0
2025-12-27T03:00,9.055555555555555,4.0
2025-12-27T04:00,10.083333333333332,4.2
2025-12-27T05:00,10.333333333333334,4.6
2025-12-27T06:00,11.666666666666666,4.4
2025-12-27T07:00,11.749999999999998,5.4
2025-12-27T08:00,11.527777777777777,5.3
2025-12-27T09:00,11.777777777777777,5.3
2025-12-27T10:00,11.666666666666666,5.8
2025-12-27T11:00,11.194444444444443,6.0
2025-12-27T12:00,10.499999999999998,6.6
2025-12-27T13:00,9.805555555555555,7.3
2025-12-27T14:00,7.749999999999999,7.7
2025-12-27T15:00,7.5,7.4
2025-12-27T16:00,6.611111111111111,6.5
2025-12-27T17:00,6.333333333333333,5.2
2025-12-27T18:00,5.694444444444445,4.1
2025-12-27T19:00,6.194444444444445,3.8
2025-12-27T20:00,7.0,3.7
2025-12-27T21:00,8.222222222222223,3.8
2025-12-27T22:00,8.61111111111111,3.5
2025-12-27T23:00,7.444444444444445,2.9
2025-12-28T00:00,6.25,2.2
2025-12-28T01:00,5.472222222222222,1.5
2025-12-28T02:00,3.5,1.0
2025-12-28T03:00,3.5833333333333335,1.3
2025-12-28T04:00,3.0555555555555554,0.6
2025-12-28T05:00,2.7777777777777777,0.5
2025-12-28T06:00,2.694444444444444,0.5
2025-12-28T07:00,4.222222222222222,1.5
2025-12-28T08:00,4.055555555555555,0.9
2025-12-28T09:00,5.638888888888889,0.0
2025-12-28T10:00,7.333333333333333,-0.3
2025-12-28T11:00,8.25,0.1
2025-12-28T12:00,7.861111111111111,0.9
2025-12-28T13:00,8.472222222222221,1.5
2025-12-28T14:00,8.88888888888889,3.1
2025-12-28T15:00,9.166666666666666,3.4
2025-12-28T16:00,9.472222222222223,3.0
2025-12-28T17:00,9.11111111111111,2.0
2025-12-28T18:00,8.666666666666666,1.8
2025-12-28T19:00,9.916666666666668,2.0
2025-12-28T20:00,9.472222222222223,2.3
2025-12-28T21:00,9.777777777777779,3.0
2025-12-28T22:00,9.083333333333334,3.2
2025-12-28T23:00,9.166666666666666,2.7
2025-12-29T00:00,9.5,2.8
2025-12-29T01:00,9.444444444444445,2.8
2025-12-29T02:00,9.138888888888888,3.0
2025-12-29T03:00,8.63888888888889,3.2
2025-12-29T04:00,8.61111111111111,3.3
2025-12-29T05:00,8.13888888888889,3.2
2025-12-29T06:00,8.63888888888889,3.3
2025-12-29T07:00,8.805555555555555,3.4
2025-12-29T08:00,8.472222222222221,3.2
2025-12-29T09:00,8.472222222222221,2.9
2025-12-29T10:00,8.305555555555555,2.8
2025-12-29T11:00,7.694444444444444,2.8
2025-12-29T12:00,6.694444444444445,3.0
2025-12-29T13:00,5.416666666666667,3.0
2025-12-29T14:00,6.138888888888889,3.5
2025-12-29T15:00,6.25,2.8
2025-12-29T16:00,5.666666666666666,2.0
2025-12-29T17:00,4.277777777777778,1.1
2025-12-29T18:00,3.194444444444444,0.4
2025-12-29T19:00,2.2777777777777777,-0.2
2025-12-29T20:00,3.8333333333333335,0.3
2025-12-29T21:00,7.777777777777778,0.5
2025-12-29T22:00,7.361111111111111,0.5
2025-12-29T23:00,7.638888888888888,0.6
2025-12-30T00:00,8.694444444444445,0.9
2025-12-30T01:00,9.11111111111111,1.2
2025-12-30T02:00,8.944444444444445,0.8
2025-12-30T03:00,8.88888888888889,0.8
2025-12-30T04:00,9.11111111111111,1.0
2025-12-30T05:00,8.805555555555555,1.0
2025-12-30T06:00,8.583333333333332,1.0
2025-12-30T07:00,8.694444444444445,0.9
2025-12-30T08:00,8.555555555555555,0.8
2025-12-30T09:00,8.722222222222221,0.9
2025-12-30T10:00,9.166666666666666,1.0
2025-12-30T11:00,8.694444444444445,1.3
2025-12-30T12:00,8.666666666666666,2.0
2025-12-30T13:00,8.61111111111111,2.5
2025-12-30T14:00,7.611111111111111,2.3
2025-12-30T15:00,7.583333333333333,2.2
2025-12-30T16:00,7.111111111111112,1.5
2025-12-30T17:00,6.138888888888889,0.2
2025-12-30T18:00,5.722222222222222,0.0
2025-12-30T19:00,4.722222222222222,-0.2
2025-12-30T20:00,4.166666666666667,-0.2
2025-12-30T21:00,5.888888888888888,-0.3
2025-12-30T22:00,6.25,-0.2
2025-12-30T23:00,6.972222222222222,-0.2
2025-12-31T00:00,7.277777777777778,-0.4
2025-12-31T01:00,7.583333333333333,-0.2
2025-12-31T02:00,7.388888888888889,2.0
2025-12-31T03:00,6.555555555555555,2.4
2025-12-31T04:00,8.277777777777779,2.5
2025-12-31T05:00,7.611111111111111,2.0
2025-12-31T06:00,7.666666666666667,1.9
2025-12-31T07:00,7.638888888888888,2.0
2025-12-31T08:00,6.972222222222222,1.8
2025-12-31T09:00,6.722222222222221,1.4
2025-12-31T10:00,6.388888888888888,1.0
2025-12-31T11:00,6.416666666666667,1.4
2025-12-31T12:00,6.194444444444445,2.2
2025-12-31T13:00,5.666666666666666,2.8
2025-12-31T14:00,3.6666666666666665,2.6
2025-12-31T15:00,3.861111111111111,2.8
2025-12-31T16:00,4.138888888888889,1.8
2025-12-31T17:00,5.555555555555555,0.7
2025-12-31T18:00,5.944444444444444,0.3
2025-12-31T19:00,6.305555555555555,0.4
2025-12-31T20:00,7.138888888888888,0.6
2025-12-31T21:00,8.083333333333334,1.2
2025-12-31T22:00,7.944444444444445,2.1
2025-12-31T23:00,9.138888888888888,2.4
